t,x,y,theta,v,w
0.844,0.0000,0.0000,0.0000,0.000,0.000
0.855,0.0000,0.0000,0.0000,0.000,0.000
0.862,0.0000,0.0000,0.0000,0.000,0.000
0.870,0.0000,0.0000,0.0000,0.000,0.000
0.877,0.0000,0.0000,0.0000,0.000,0.000
0.885,0.0000,0.0000,0.0000,0.000,0.000
0.893,0.0000,0.0000,0.0000,0.000,0.000
0.900,0.0000,0.0000,0.0000,0.000,0.000
0.909,0.0000,0.0000,0.0000,0.000,0.000
0.919,0.0000,0.0000,0.0000,0.000,0.000
0.928,0.0000,0.0000,0.0000,0.000,0.000
0.936,0.0000,0.0000,0.0000,0.000,0.000
0.944,0.0000,0.0000,0.0000,0.000,0.000
0.953,0.0000,0.0000,0.0000,0.000,0.000
0.961,0.0000,0.0000,0.0000,0.000,0.000
0.969,0.0000,0.0000,0.0000,0.000,0.000
0.978,0.0000,0.0000,0.0000,0.000,0.000
0.986,0.0000,0.0000,0.0000,0.000,0.000
0.994,0.0000,0.0000,0.0000,0.000,0.000
1.002,0.0000,0.0000,0.0000,0.000,0.000
1.010,0.0000,0.0000,0.0000,0.000,0.000
1.018,0.0000,0.0000,0.0000,0.000,0.000
1.027,0.0000,0.0000,0.0000,0.000,0.000
1.035,0.0000,0.0000,0.0000,0.000,0.000
1.043,0.0000,0.0000,0.0000,0.000,0.000
1.050,0.0000,0.0000,0.0000,0.000,0.000
1.058,0.0000,0.0000,0.0000,0.000,0.000
1.066,0.0000,0.0000,0.0000,0.000,0.000
1.073,0.0000,0.0000,0.0000,0.000,0.000
1.080,0.0000,0.0000,0.0000,0.000,0.000
1.089,0.0000,0.0000,0.0000,0.000,0.000
1.097,0.0000,0.0000,0.0000,0.000,0.000
1.105,0.0000,0.0000,0.0000,0.000,0.000
1.113,0.0000,0.0000,0.0000,0.000,0.000
1.120,0.0000,0.0000,0.0000,0.000,0.000
1.128,0.0000,0.0000,0.0000,0.000,0.000
1.136,0.0000,0.0000,0.0000,0.000,0.000
1.144,0.0000,0.0000,0.0000,0.000,0.000
1.152,0.0000,0.0000,0.0000,0.000,0.000
1.159,0.0000,0.0000,0.0000,0.000,0.000
1.167,0.0000,0.0000,0.0000,0.000,0.000
1.175,0.0000,0.0000,0.0000,0.000,0.000
1.184,0.0000,0.0000,0.0000,0.000,0.000
1.193,0.0000,0.0000,0.0000,0.000,0.000
1.201,0.0000,0.0000,0.0000,0.000,0.000
1.209,0.0000,0.0000,0.0000,0.000,0.000
1.217,0.0000,0.0000,0.0000,0.000,0.000
1.224,0.0000,0.0000,0.0000,0.000,0.000
1.232,0.0000,0.0000,0.0000,0.000,0.000
1.240,0.0000,0.0000,0.0000,0.000,0.000
1.248,0.0000,0.0000,0.0000,0.000,0.000
1.255,0.0000,0.0000,0.0000,0.000,0.000
1.263,0.0000,0.0000,0.0000,0.000,0.000
1.271,0.0000,0.0000,0.0000,0.000,0.000
1.278,0.0000,0.0000,0.0000,0.000,0.000
1.285,0.0000,0.0000,0.0000,0.000,0.000
1.293,0.0000,0.0000,0.0000,0.000,0.000
1.301,0.0000,0.0000,0.0000,0.000,0.000
1.308,0.0000,0.0000,0.0000,0.000,0.000
1.316,0.0000,0.0000,0.0000,0.000,0.000
1.324,0.0000,0.0000,0.0000,0.000,0.000
1.331,0.0000,0.0000,0.0000,0.000,0.000
1.340,0.0000,0.0000,0.0000,0.000,0.000
1.348,0.0000,0.0000,0.0000,0.000,0.000
1.355,0.0000,0.0000,0.0000,0.000,0.000
1.364,0.0000,0.0000,0.0000,0.000,0.000
1.373,0.0000,0.0000,0.0000,0.000,0.000
1.380,0.0000,0.0000,0.0000,0.000,0.000
1.388,0.0000,0.0000,0.0000,0.000,0.000
1.396,0.0000,0.0000,0.0000,0.000,0.000
1.403,0.0000,0.0000,0.0000,0.000,0.000
1.411,0.0000,0.0000,0.0000,0.000,0.000
1.419,0.0000,0.0000,0.0000,0.000,0.000
1.427,0.0000,0.0000,0.0000,0.000,0.000
1.435,0.0000,0.0000,0.0000,0.000,0.000
1.443,0.0000,0.0000,0.0000,0.000,0.000
1.452,0.0000,0.0000,0.0000,0.000,0.000
1.459,0.0000,0.0000,0.0000,0.000,0.000
1.468,0.0000,0.0000,0.0000,0.000,0.000
1.476,0.0000,0.0000,0.0000,0.000,0.000
1.484,0.0000,0.0000,0.0000,0.000,0.000
1.493,0.0000,0.0000,0.0000,0.000,0.000
1.502,0.0000,0.0000,0.0000,0.000,0.000
1.510,0.0000,0.0000,0.0000,0.000,0.000
1.518,0.0000,0.0000,0.0000,0.000,0.000
1.526,0.0000,0.0000,0.0000,0.000,0.000
1.533,0.0000,0.0000,0.0000,0.000,0.000
1.541,0.0000,0.0000,0.0000,0.000,0.000
1.549,0.0000,0.0000,0.0000,0.000,0.000
1.556,0.0000,0.0000,0.0000,0.000,0.000
1.563,0.0000,0.0000,0.0000,0.000,0.000
1.570,0.0000,0.0000,0.0000,0.000,0.000
1.577,0.0000,0.0000,0.0000,0.000,0.000
1.585,0.0000,0.0000,0.0000,0.000,0.000
1.593,0.0000,0.0000,0.0000,0.000,0.000
1.600,0.0000,0.0000,0.0000,0.000,0.000
1.609,0.0000,0.0000,0.0000,0.000,0.000
1.618,0.0000,0.0000,0.0000,0.000,0.000
1.626,0.0000,0.0000,0.0000,0.000,0.000
1.634,0.0000,0.0000,0.0000,0.000,0.000
1.642,0.0000,0.0000,0.0000,0.000,0.000
1.650,0.0000,0.0000,0.0000,0.000,0.000
1.658,0.0000,0.0000,0.0000,0.000,0.000
1.666,0.0000,0.0000,0.0000,0.000,0.000
1.673,0.0000,0.0000,0.0000,0.000,0.000
1.681,0.0000,0.0000,0.0000,0.000,0.000
1.689,0.0000,0.0000,0.0000,0.000,0.000
1.697,0.0000,0.0000,0.0000,0.000,0.000
1.705,0.0000,0.0000,0.0000,0.000,0.000
1.712,0.0000,0.0000,0.0000,0.000,0.000
1.720,0.0000,0.0000,0.0000,0.000,0.000
1.727,0.0000,0.0000,0.0000,0.000,0.000
1.734,0.0000,0.0000,0.0000,0.000,0.000
1.742,0.0000,0.0000,0.0000,0.000,0.000
1.750,0.0000,0.0000,0.0000,0.000,0.000
1.757,0.0000,0.0000,0.0000,0.000,0.000
1.764,0.0000,0.0000,0.0000,0.000,0.000
1.772,0.0000,0.0000,0.0000,0.000,0.000
1.779,0.0000,0.0000,0.0000,0.000,0.000
1.786,0.0000,0.0000,0.0000,0.000,0.000
1.793,0.0000,0.0000,0.0000,0.000,0.000
1.801,0.0000,0.0000,0.0000,0.000,0.000
1.808,0.0000,0.0000,0.0000,0.000,0.000
1.817,0.0000,0.0000,0.0000,0.000,0.000
1.825,0.0000,0.0000,0.0000,0.000,0.000
1.833,0.0000,0.0000,0.0000,0.000,0.000
1.840,0.0000,0.0000,0.0000,0.000,0.000
1.848,0.0000,0.0000,0.0000,0.000,0.000
1.856,0.0000,0.0000,0.0000,0.000,0.000
1.862,0.0000,0.0000,0.0000,0.000,0.000
1.870,0.0000,0.0000,0.0000,0.000,0.000
1.878,0.0000,0.0000,0.0000,0.000,0.000
1.885,0.0000,0.0000,0.0000,0.000,0.000
1.894,0.0000,0.0000,0.0000,0.000,0.000
1.903,0.0000,0.0000,0.0000,0.000,0.000
1.912,0.0000,0.0000,0.0000,0.000,0.000
1.920,0.0000,0.0000,0.0000,0.000,0.000
1.928,0.0000,0.0000,0.0000,0.000,0.000
1.937,0.0000,0.0000,0.0000,0.000,0.000
1.945,0.0000,0.0000,0.0000,0.000,0.000
1.953,0.0000,0.0000,0.0000,0.000,0.000
1.961,0.0000,0.0000,0.0000,0.000,0.000
1.972,0.0000,0.0000,0.0000,0.000,0.000
1.979,0.0000,0.0000,0.0000,0.000,0.000
1.987,0.0000,0.0000,0.0000,0.000,0.000
1.995,0.0000,0.0000,0.0000,0.000,0.000
2.002,0.0000,0.0000,0.0000,0.000,0.000
2.010,0.0000,0.0000,0.0000,0.000,0.000
2.018,0.0000,0.0000,0.0000,0.000,0.000
2.025,0.0000,0.0000,0.0000,0.000,0.000
2.033,0.0000,0.0000,0.0000,0.000,0.000
2.040,0.0000,0.0000,0.0000,0.000,0.000
2.048,0.0000,0.0000,0.0000,0.000,0.000
2.055,0.0000,0.0000,0.0000,0.000,0.000
2.063,0.0000,0.0000,0.0000,0.000,0.000
2.070,0.0000,0.0000,0.0000,0.000,0.000
2.078,0.0000,0.0000,0.0000,0.000,0.000
2.086,0.0000,0.0000,0.0000,0.000,0.000
2.094,0.0000,0.0000,0.0000,0.000,0.000
2.103,0.0000,0.0000,0.0000,0.000,0.000
2.111,0.0000,0.0000,0.0000,0.000,0.000
2.119,0.0000,0.0000,0.0000,0.000,0.000
2.129,0.0000,0.0000,0.0000,0.000,0.000
2.137,0.0000,0.0000,0.0000,0.000,0.000
2.145,0.0000,0.0000,0.0000,0.000,0.000
2.153,0.0000,0.0000,0.0000,0.000,0.000
2.160,0.0000,0.0000,0.0000,0.000,0.000
2.169,0.0000,0.0000,0.0000,0.000,0.000
2.177,0.0000,0.0000,0.0000,0.000,0.000
2.185,0.0000,0.0000,0.0000,0.000,0.000
2.194,0.0000,0.0000,0.0000,0.000,0.000
2.202,0.0000,0.0000,0.0000,0.000,0.000
2.209,0.0000,0.0000,0.0000,0.000,0.000
2.217,0.0000,0.0000,0.0000,0.000,0.000
2.225,0.0000,0.0000,0.0000,0.000,0.000
2.232,0.0000,0.0000,0.0000,0.000,0.000
2.239,0.0000,0.0000,0.0000,0.000,0.000
2.247,0.0000,0.0000,0.0000,0.000,0.000
2.254,0.0000,0.0000,0.0000,0.000,0.000
2.262,0.0000,0.0000,0.0000,0.000,0.000
2.271,0.0000,0.0000,0.0000,0.000,0.000
2.278,0.0000,0.0000,0.0000,0.000,0.000
2.287,0.0000,0.0000,0.0000,0.000,0.000
2.294,0.0000,0.0000,0.0000,0.000,0.000
2.302,0.0000,0.0000,0.0000,0.000,0.000
2.309,0.0000,0.0000,0.0000,0.000,0.000
2.317,0.0000,0.0000,0.0000,0.000,0.000
2.324,0.0000,0.0000,0.0000,0.000,0.000
2.331,0.0000,0.0000,0.0000,0.000,0.000
2.340,0.0000,0.0000,0.0000,0.000,0.000
2.346,0.0000,0.0000,0.0000,0.000,0.000
2.353,0.0000,0.0000,0.0000,0.000,0.000
2.361,0.0000,0.0000,0.0000,0.000,0.000
2.368,0.0000,0.0000,0.0000,0.000,0.000
2.375,0.0000,0.0000,0.0000,0.000,0.000
2.384,0.0000,0.0000,0.0000,0.000,0.000
2.392,0.0000,0.0000,0.0000,0.000,0.000
2.399,0.0000,0.0000,0.0000,0.000,0.000
2.406,0.0000,0.0000,0.0000,0.000,0.000
2.414,0.0000,0.0000,0.0000,0.000,0.000
2.421,0.0000,0.0000,0.0000,0.000,0.000
2.428,0.0000,0.0000,0.0000,0.000,0.000
2.438,0.0000,0.0000,0.0000,0.000,0.000
2.446,0.0000,0.0000,0.0000,0.000,0.000
2.454,0.0000,0.0000,0.0000,0.000,0.000
2.461,0.0000,0.0000,0.0000,0.000,0.000
2.470,0.0000,0.0000,0.0000,0.000,0.000
2.478,0.0000,0.0000,0.0000,0.000,0.000
2.486,0.0000,0.0000,0.0000,0.000,0.000
2.494,0.0000,0.0000,0.0000,0.000,0.000
2.503,0.0000,0.0000,0.0000,0.000,0.000
2.511,0.0000,0.0000,0.0000,0.000,0.000
2.518,0.0000,0.0000,0.0000,0.000,0.000
2.526,0.0000,0.0000,0.0000,0.000,0.000
2.533,0.0000,0.0000,0.0000,0.000,0.000
2.541,0.0000,0.0000,0.0000,0.000,0.000
2.549,0.0000,0.0000,0.0000,0.000,0.000
2.556,0.0000,0.0000,0.0000,0.000,0.000
2.564,0.0000,0.0000,0.0000,0.000,0.000
2.573,0.0000,0.0000,0.0000,0.000,0.000
2.580,0.0000,0.0000,0.0000,0.000,0.000
2.589,0.0000,0.0000,0.0000,0.000,0.000
2.599,0.0000,0.0000,0.0000,0.000,0.000
2.606,0.0000,0.0000,0.0000,0.000,0.000
2.617,0.0000,0.0000,0.0000,0.000,0.000
2.624,0.0000,0.0000,0.0000,0.000,0.000
2.632,0.0000,0.0000,0.0000,0.000,0.000
2.640,0.0000,0.0000,0.0000,0.000,0.000
2.648,0.0000,0.0000,0.0000,0.000,0.000
2.656,0.0000,0.0000,0.0000,0.000,0.000
2.664,0.0000,0.0000,0.0000,0.000,0.000
2.672,0.0000,0.0000,0.0000,0.000,0.000
2.679,0.0000,0.0000,0.0000,0.000,0.000
2.687,0.0000,0.0000,0.0000,0.000,0.000
2.695,0.0000,0.0000,0.0000,0.000,0.000
2.703,0.0000,0.0000,0.0000,0.000,0.000
2.711,0.0000,0.0000,0.0000,0.000,0.000
2.818,0.0000,0.0000,0.0000,0.000,0.000
2.825,0.0000,0.0000,0.0000,0.000,0.000
2.833,0.0000,0.0000,0.0000,0.000,0.000
2.842,0.0000,0.0000,0.0000,0.000,0.000
2.852,0.0000,0.0000,0.0000,0.000,0.000
2.860,0.0000,0.0000,0.0000,0.000,0.000
2.868,0.0000,0.0000,0.0000,0.000,0.000
2.876,0.0000,0.0000,0.0000,0.000,0.000
2.884,0.0000,0.0000,0.0000,0.000,0.000
2.893,0.0000,0.0000,0.0000,0.000,0.000
2.900,0.0000,0.0000,0.0000,0.000,0.000
2.909,0.0000,0.0000,0.0000,0.000,0.000
2.916,0.0000,0.0000,0.0000,0.000,0.000
2.923,0.0000,0.0000,0.0000,0.000,0.000
2.932,0.0000,0.0000,0.0000,0.000,0.000
2.939,0.0000,0.0000,0.0000,0.000,0.000
2.948,0.0000,0.0000,0.0000,0.000,0.000
2.956,0.0000,0.0000,0.0000,0.000,0.000
2.964,0.0000,0.0000,0.0000,0.000,0.000
2.972,0.0000,0.0000,0.0000,0.000,0.000
2.980,0.0000,0.0000,0.0000,0.000,0.000
2.988,0.0000,0.0000,0.0000,0.000,0.000
2.996,0.0000,0.0000,0.0000,0.000,0.000
3.003,0.0000,0.0000,0.0000,0.000,0.000
3.013,0.0000,0.0000,0.0000,0.000,0.000
3.020,0.0000,0.0000,0.0000,0.000,0.000
3.027,0.0000,0.0000,0.0000,0.000,0.000
3.035,0.0000,0.0000,0.0000,0.000,0.000
3.043,0.0000,0.0000,0.0000,0.000,0.000
3.051,0.0000,0.0000,0.0000,0.000,0.000
3.058,0.0000,0.0000,0.0000,0.000,0.000
3.065,0.0000,0.0000,0.0000,0.000,0.000
3.072,0.0000,0.0000,0.0000,0.000,0.000
3.080,0.0000,0.0000,0.0000,0.000,0.000
3.087,0.0000,0.0000,0.0000,0.000,0.000
3.094,0.0000,0.0000,0.0000,0.000,0.000
3.102,0.0000,0.0000,0.0000,0.000,0.000
3.109,0.0000,0.0000,0.0000,0.000,0.000
3.118,0.0000,0.0000,0.0000,0.000,0.000
3.125,0.0000,0.0000,0.0000,0.000,0.000
3.133,0.0000,0.0000,0.0000,0.000,0.000
3.142,0.0000,0.0000,0.0000,0.000,0.000
3.150,0.0000,0.0000,0.0000,0.000,0.000
3.157,0.0000,0.0000,0.0000,0.000,0.000
3.166,0.0000,0.0000,0.0000,0.000,0.000
3.174,0.0000,0.0000,0.0000,0.000,0.000
3.182,0.0000,0.0000,0.0000,0.000,0.000
3.189,0.0000,0.0000,0.0000,0.000,0.000
3.196,0.0000,0.0000,0.0000,0.000,0.000
3.204,0.0000,0.0000,0.0000,0.000,0.000
3.211,0.0000,0.0000,0.0000,0.000,0.000
3.218,0.0000,0.0000,0.0000,0.000,0.000
3.226,0.0000,0.0000,0.0000,0.000,0.000
3.234,0.0000,0.0000,0.0000,0.000,0.000
3.242,0.0000,0.0000,0.0000,0.000,0.000
3.249,0.0000,0.0000,0.0000,0.000,0.000
3.256,0.0000,0.0000,0.0000,0.000,0.000
3.263,0.0000,0.0000,0.0000,0.000,0.000
3.271,0.0000,0.0000,0.0000,0.000,0.000
3.279,0.0000,0.0000,0.0000,0.000,0.000
3.287,0.0000,0.0000,0.0000,0.000,0.000
3.295,0.0000,0.0000,0.0000,0.000,0.000
3.303,0.0000,0.0000,0.0000,0.000,0.000
3.310,0.0000,0.0000,0.0000,0.000,0.000
3.317,0.0000,0.0000,0.0000,0.000,0.000
3.325,0.0000,0.0000,0.0000,0.000,0.000
3.333,0.0000,0.0000,0.0000,0.000,0.000
3.340,0.0000,0.0000,0.0000,0.000,0.000
3.347,0.0000,0.0000,0.0000,0.000,0.000
3.355,0.0000,0.0000,0.0000,0.000,0.000
3.364,0.0000,0.0000,0.0000,0.000,0.000
3.371,0.0000,0.0000,0.0000,0.000,0.000
3.379,0.0000,0.0000,0.0000,0.000,0.000
3.386,0.0000,0.0000,0.0000,0.000,0.000
3.395,0.0000,0.0000,0.0000,0.000,0.000
3.403,0.0000,0.0000,0.0000,0.000,0.000
3.410,0.0000,0.0000,0.0000,0.000,0.000
3.417,0.0000,0.0000,0.0000,0.000,0.000
3.425,0.0000,0.0000,0.0000,0.000,0.000
3.433,0.0000,0.0000,0.0000,0.000,0.000
3.440,0.0000,0.0000,0.0000,0.000,0.000
3.447,0.0000,0.0000,0.0000,0.000,0.000
3.456,0.0000,0.0000,0.0000,0.000,0.000
3.466,0.0000,0.0000,0.0000,0.000,0.000
3.474,0.0000,0.0000,0.0000,0.000,0.000
3.484,0.0000,0.0000,0.0000,0.000,0.000
3.492,0.0000,0.0000,0.0000,0.000,0.000
3.500,0.0000,0.0000,0.0000,0.000,0.000
3.507,0.0000,0.0000,0.0000,0.000,0.000
3.516,0.0000,0.0000,0.0000,0.000,0.000
3.524,0.0000,0.0000,0.0000,0.000,0.000
3.532,0.0000,0.0000,0.0000,0.000,0.000
3.539,0.0000,0.0000,0.0000,0.000,0.000
3.547,0.0000,0.0000,0.0000,0.000,0.000
3.555,0.0000,0.0000,0.0000,0.000,0.000
3.564,0.0000,0.0000,0.0000,0.000,0.000
3.571,0.0000,0.0000,0.0000,0.000,0.000
3.580,0.0000,0.0000,0.0000,0.000,0.000
3.588,0.0000,0.0000,0.0000,0.000,0.000
3.595,0.0000,0.0000,0.0000,0.000,0.000
3.604,0.0000,0.0000,0.0000,0.000,0.000
3.612,0.0000,0.0000,0.0000,0.000,0.000
3.621,0.0000,0.0000,0.0000,0.000,0.000
3.628,0.0000,0.0000,0.0000,0.000,0.000
3.637,0.0000,0.0000,0.0000,0.000,0.000
3.647,0.0000,0.0000,0.0000,0.000,0.000
3.655,0.0000,0.0000,0.0000,0.000,0.000
3.664,0.0000,0.0000,0.0000,0.000,0.000
3.673,0.0000,0.0000,0.0000,0.000,0.000
3.680,0.0000,0.0000,0.0000,0.000,0.000
3.688,0.0000,0.0000,0.0000,0.000,0.000
3.695,0.0000,0.0000,0.0000,0.000,0.000
3.703,0.0000,0.0000,0.0000,0.000,0.000
3.710,0.0000,0.0000,0.0000,0.000,0.000
3.717,0.0000,0.0000,0.0000,0.000,0.000
3.724,0.0000,0.0000,0.0000,0.000,0.000
3.733,0.0000,0.0000,0.0000,0.000,0.000
3.740,0.0000,0.0000,0.0000,0.000,0.000
3.746,0.0000,0.0000,0.0000,0.000,0.000
3.753,0.0000,0.0000,0.0000,0.000,0.000
3.759,0.0000,0.0000,0.0000,0.000,0.000
3.767,0.0000,0.0000,0.0000,0.000,0.000
3.776,0.0000,0.0000,0.0000,0.000,0.000
3.784,0.0000,0.0000,0.0000,0.000,0.000
3.790,0.0000,0.0000,0.0000,0.000,0.000
3.797,0.0000,0.0000,0.0000,0.000,0.000
3.803,0.0000,0.0000,0.0000,0.000,0.000
3.809,0.0000,0.0000,0.0000,0.000,0.000
3.816,0.0000,0.0000,0.0000,0.000,0.000
3.818,0.0000,0.0000,0.0000,0.000,0.000
3.819,0.0000,0.0000,0.0000,0.000,0.000
3.923,0.0000,0.0000,0.0000,0.000,0.000
3.932,0.0000,0.0000,0.0000,0.000,0.000
3.940,0.0000,0.0000,0.0000,0.000,0.000
3.949,0.0000,0.0000,0.0000,0.000,0.000
3.957,0.0000,0.0000,0.0000,0.000,0.000
3.966,0.0000,0.0000,0.0000,0.000,0.000
3.974,0.0000,0.0000,0.0000,0.000,0.000
3.982,0.0000,0.0000,0.0000,0.000,0.000
3.990,0.0000,0.0000,0.0000,0.000,0.000
3.999,0.0000,0.0000,0.0000,0.000,0.000
4.006,0.0000,0.0000,0.0000,0.000,0.000
4.014,0.0000,0.0000,0.0000,0.000,0.000
4.020,0.0000,0.0000,0.0000,0.000,0.000
4.027,0.0000,0.0000,0.0000,0.000,0.000
4.037,0.0000,0.0000,0.0000,0.000,0.000
4.045,0.0000,0.0000,0.0000,0.000,0.000
4.054,0.0000,0.0000,0.0000,0.000,0.000
4.061,0.0000,0.0000,0.0000,0.000,0.000
4.068,0.0000,0.0000,0.0000,0.000,0.000
4.076,0.0000,0.0000,0.0000,0.000,0.000
4.083,0.0000,0.0000,0.0000,0.000,0.000
4.093,0.0000,0.0000,0.0000,0.000,0.000
4.101,0.0000,0.0000,0.0000,0.000,0.000
4.108,0.0000,0.0000,0.0000,0.000,0.000
4.116,0.0000,0.0000,0.0000,0.000,0.000
4.123,0.0000,0.0000,0.0000,0.000,0.000
4.131,0.0000,0.0000,0.0000,0.000,0.000
4.139,0.0000,0.0000,0.0000,0.000,0.000
4.147,0.0000,0.0000,0.0000,0.000,0.000
4.154,0.0000,0.0000,0.0000,0.000,0.000
4.163,0.0000,0.0000,0.0000,0.000,0.000
4.170,0.0000,0.0000,0.0000,0.000,0.000
4.177,0.0000,0.0000,0.0000,0.000,0.000
4.184,0.0000,0.0000,0.0000,0.000,0.000
4.193,0.0000,0.0000,0.0000,0.000,0.000
4.200,0.0000,0.0000,0.0000,0.000,0.000
4.207,0.0000,0.0000,0.0000,0.000,0.000
4.214,0.0000,0.0000,0.0000,0.000,0.000
4.221,0.0000,0.0000,0.0000,0.000,0.000
4.228,0.0000,0.0000,0.0000,0.000,0.000
4.235,0.0000,0.0000,0.0000,0.000,0.000
4.242,0.0000,0.0000,0.0000,0.000,0.000
4.249,0.0000,0.0000,0.0000,0.000,0.000
4.256,0.0000,0.0000,0.0000,0.000,0.000
4.264,0.0000,0.0000,0.0000,0.000,0.000
4.270,0.0000,0.0000,0.0000,0.000,0.000
4.278,0.0000,0.0000,0.0000,0.000,0.000
4.284,0.0000,0.0000,0.0000,0.000,0.000
4.291,0.0000,0.0000,0.0000,0.000,0.000
4.299,0.0000,0.0000,0.0000,0.000,0.000
4.302,0.0000,0.0000,0.0000,0.000,0.000
4.304,0.0000,0.0000,0.0000,0.000,0.000
4.333,0.0000,0.0000,0.0000,0.000,0.000
4.365,0.0000,0.0000,0.0000,0.000,0.000
4.402,0.0000,0.0000,0.0000,0.000,0.000
4.429,-0.0010,-0.0000,0.0001,-0.036,0.002
4.533,-0.0047,-0.0000,0.0003,-0.036,0.002
4.541,-0.0050,-0.0000,0.0003,-0.035,0.001
4.550,-0.0053,-0.0000,0.0003,-0.035,0.001
4.558,-0.0056,-0.0000,0.0003,-0.034,0.000
4.566,-0.0059,-0.0000,0.0003,-0.034,0.000
4.575,-0.0062,-0.0000,0.0003,-0.038,0.000
4.584,-0.0065,-0.0000,0.0003,-0.038,0.000
4.593,-0.0069,-0.0000,0.0003,-0.038,0.000
4.602,-0.0073,-0.0000,0.0003,-0.046,0.000
4.609,-0.0076,-0.0000,0.0003,-0.046,0.000
4.618,-0.0082,-0.0000,0.0002,-0.062,-0.006
4.625,-0.0086,-0.0000,0.0002,-0.062,-0.006
4.633,-0.0091,-0.0000,0.0001,-0.062,-0.006
4.641,-0.0098,-0.0000,0.0001,-0.081,-0.002
4.648,-0.0104,-0.0000,0.0001,-0.081,-0.002
4.656,-0.0111,-0.0000,0.0001,-0.097,-0.001
4.665,-0.0120,-0.0000,0.0001,-0.097,-0.001
4.673,-0.0128,-0.0000,0.0001,-0.097,-0.001
4.681,-0.0136,-0.0000,0.0000,-0.112,-0.006
4.688,-0.0144,-0.0000,-0.0000,-0.112,-0.006
4.697,-0.0155,-0.0000,-0.0000,-0.126,0.000
4.704,-0.0165,-0.0000,-0.0000,-0.126,0.000
4.711,-0.0174,-0.0000,-0.0000,-0.126,0.000
4.719,-0.0184,-0.0000,-0.0000,-0.135,0.000
4.726,-0.0194,-0.0000,-0.0000,-0.135,0.000
4.735,-0.0206,-0.0000,-0.0000,-0.145,-0.003
4.743,-0.0218,-0.0000,-0.0001,-0.145,-0.003
4.752,-0.0231,-0.0000,-0.0001,-0.145,-0.003
4.760,-0.0243,-0.0000,-0.0001,-0.151,0.001
4.768,-0.0255,-0.0000,-0.0001,-0.151,0.001
4.775,-0.0266,-0.0000,-0.0001,-0.152,0.000
4.784,-0.0279,-0.0000,-0.0001,-0.152,0.000
4.790,-0.0290,-0.0000,-0.0001,-0.152,0.000
4.797,-0.0300,-0.0000,-0.0001,-0.149,0.001
4.805,-0.0311,-0.0000,-0.0001,-0.149,0.001
4.813,-0.0322,-0.0000,-0.0000,-0.143,0.003
4.824,-0.0338,-0.0000,0.0000,-0.143,0.003
4.833,-0.0351,-0.0000,0.0000,-0.143,0.003
4.842,-0.0363,-0.0000,0.0001,-0.137,0.004
4.849,-0.0374,-0.0000,0.0001,-0.137,0.004
4.858,-0.0385,-0.0000,0.0002,-0.127,0.007
4.866,-0.0394,-0.0000,0.0002,-0.127,0.007
4.874,-0.0404,-0.0000,0.0002,-0.117,0.004
4.882,-0.0414,-0.0000,0.0003,-0.117,0.004
4.890,-0.0422,-0.0000,0.0003,-0.117,0.004
4.898,-0.0432,-0.0000,0.0003,-0.108,0.003
4.906,-0.0440,-0.0000,0.0004,-0.108,0.003
4.913,-0.0447,-0.0000,0.0004,-0.098,0.003
4.922,-0.0456,-0.0000,0.0004,-0.098,0.003
4.929,-0.0463,-0.0000,0.0004,-0.098,0.003
4.937,-0.0469,-0.0000,0.0004,-0.089,0.000
4.944,-0.0476,-0.0000,0.0004,-0.089,0.000
4.954,-0.0484,-0.0000,0.0004,-0.081,0.000
4.962,-0.0491,-0.0000,0.0004,-0.081,0.000
4.971,-0.0498,-0.0000,0.0004,-0.081,0.000
4.979,-0.0503,-0.0000,0.0004,-0.073,0.001
4.988,-0.0510,-0.0000,0.0004,-0.073,0.001
4.997,-0.0516,-0.0000,0.0004,-0.065,0.000
5.004,-0.0521,-0.0000,0.0004,-0.065,0.000
5.013,-0.0526,-0.0000,0.0004,-0.065,0.000
5.020,-0.0531,-0.0000,0.0004,-0.058,0.000
5.028,-0.0535,-0.0000,0.0004,-0.058,0.000
5.036,-0.0539,-0.0000,0.0004,-0.049,0.000
5.044,-0.0543,-0.0000,0.0004,-0.049,0.000
5.051,-0.0547,-0.0000,0.0004,-0.049,0.000
5.059,-0.0550,-0.0000,0.0004,-0.042,-0.001
5.067,-0.0553,-0.0000,0.0004,-0.042,-0.001
5.074,-0.0556,-0.0000,0.0004,-0.035,0.000
5.082,-0.0559,-0.0000,0.0004,-0.035,0.000
5.089,-0.0561,-0.0000,0.0004,-0.035,0.000
5.098,-0.0563,-0.0000,0.0004,-0.025,0.000
5.105,-0.0565,-0.0000,0.0004,-0.025,0.000
5.114,-0.0566,-0.0000,0.0004,-0.017,0.000
5.124,-0.0568,-0.0000,0.0004,-0.017,0.000
5.133,-0.0570,-0.0000,0.0004,-0.017,0.000
5.141,-0.0571,-0.0000,0.0004,-0.011,0.000
5.151,-0.0572,-0.0000,0.0004,-0.011,0.000
5.160,-0.0572,-0.0000,0.0004,-0.008,0.000
5.168,-0.0573,-0.0000,0.0004,-0.008,0.000
5.176,-0.0573,-0.0000,0.0004,-0.004,0.000
5.184,-0.0574,-0.0000,0.0004,-0.004,0.000
5.191,-0.0574,-0.0000,0.0004,-0.004,0.000
5.200,-0.0574,-0.0000,0.0004,-0.002,0.000
5.207,-0.0574,-0.0000,0.0004,-0.002,0.000
5.215,-0.0574,-0.0000,0.0004,-0.001,0.000
5.223,-0.0574,-0.0000,0.0004,-0.001,0.000
5.231,-0.0574,-0.0000,0.0004,-0.001,0.000
5.240,-0.0574,-0.0000,0.0004,0.000,0.000
5.248,-0.0574,-0.0000,0.0004,0.000,0.000
5.255,-0.0574,-0.0000,0.0004,0.000,0.000
5.263,-0.0574,-0.0000,0.0004,0.000,0.000
5.271,-0.0574,-0.0000,0.0004,0.000,0.000
5.278,-0.0574,-0.0000,0.0004,0.000,0.000
5.285,-0.0574,-0.0000,0.0004,0.000,0.000
5.293,-0.0574,-0.0000,0.0004,0.000,0.000
5.300,-0.0574,-0.0000,0.0004,0.000,0.000
5.309,-0.0574,-0.0000,0.0004,0.000,0.000
5.317,-0.0574,-0.0000,0.0004,0.000,0.000
5.325,-0.0574,-0.0000,0.0004,0.000,0.000
5.333,-0.0574,-0.0000,0.0004,0.000,0.000
5.341,-0.0574,-0.0000,0.0004,0.000,0.000
5.348,-0.0574,-0.0000,0.0004,0.000,0.000
5.356,-0.0574,-0.0000,0.0004,0.000,0.000
5.364,-0.0574,-0.0000,0.0004,0.000,0.000
5.371,-0.0574,-0.0000,0.0004,0.000,0.000
5.379,-0.0574,-0.0000,0.0004,0.000,0.000
5.387,-0.0574,-0.0000,0.0004,0.000,0.000
5.394,-0.0574,-0.0000,0.0004,0.000,0.000
5.402,-0.0574,-0.0000,0.0004,0.000,0.000
5.410,-0.0574,-0.0000,0.0004,0.000,0.000
5.418,-0.0574,-0.0000,0.0004,0.000,0.000
5.425,-0.0574,-0.0000,0.0004,0.000,0.000
5.434,-0.0574,-0.0000,0.0004,0.000,0.000
5.440,-0.0574,-0.0000,0.0004,0.000,0.000
5.447,-0.0574,-0.0000,0.0004,0.000,0.000
5.454,-0.0574,-0.0000,0.0004,0.000,0.000
5.460,-0.0574,-0.0000,0.0004,0.000,0.000
5.467,-0.0574,-0.0000,0.0004,0.000,0.000
5.475,-0.0574,-0.0000,0.0004,0.000,0.000
5.482,-0.0574,-0.0000,0.0004,0.000,0.000
5.488,-0.0574,-0.0000,0.0004,0.000,0.000
5.495,-0.0574,-0.0000,0.0004,0.000,0.000
5.501,-0.0574,-0.0000,0.0004,0.000,0.000
5.507,-0.0574,-0.0000,0.0004,0.000,0.000
5.513,-0.0574,-0.0000,0.0004,0.000,0.000
5.520,-0.0574,-0.0000,0.0004,0.000,0.000
5.527,-0.0574,-0.0000,0.0004,0.000,0.000
5.533,-0.0574,-0.0000,0.0004,0.000,0.000
5.539,-0.0574,-0.0000,0.0004,0.000,0.000
5.547,-0.0574,-0.0000,0.0004,0.000,0.000
5.555,-0.0574,-0.0000,0.0004,0.000,0.000
5.563,-0.0574,-0.0000,0.0004,0.000,0.000
5.570,-0.0574,-0.0000,0.0004,0.000,0.000
5.578,-0.0574,-0.0000,0.0004,0.000,0.000
5.586,-0.0574,-0.0000,0.0004,0.000,0.000
5.594,-0.0574,-0.0000,0.0004,0.000,0.000
5.602,-0.0574,-0.0000,0.0004,0.000,0.000
5.610,-0.0574,-0.0000,0.0004,0.000,0.000
5.618,-0.0574,-0.0000,0.0004,0.000,0.000
5.626,-0.0574,-0.0000,0.0004,0.000,0.000
5.634,-0.0574,-0.0000,0.0004,0.000,0.000
5.643,-0.0574,-0.0000,0.0004,0.000,0.000
5.651,-0.0574,-0.0000,0.0004,0.000,0.000
5.659,-0.0574,-0.0000,0.0004,0.000,0.000
5.667,-0.0574,-0.0000,0.0004,0.000,0.000
5.675,-0.0574,-0.0000,0.0004,0.000,0.000
5.683,-0.0574,-0.0000,0.0004,0.000,0.000
5.691,-0.0574,-0.0000,0.0004,0.000,0.000
5.699,-0.0574,-0.0000,0.0004,0.000,0.000
5.706,-0.0574,-0.0000,0.0004,0.000,0.000
5.714,-0.0574,-0.0000,0.0004,0.000,0.000
5.722,-0.0574,-0.0000,0.0004,0.000,0.000
5.730,-0.0574,-0.0000,0.0004,0.000,0.000
5.737,-0.0574,-0.0000,0.0004,0.000,0.000
5.745,-0.0574,-0.0000,0.0004,0.000,0.000
5.753,-0.0574,-0.0000,0.0004,0.000,0.000
5.761,-0.0574,-0.0000,0.0004,0.000,0.000
5.770,-0.0574,-0.0000,0.0004,0.000,0.000
5.772,-0.0574,-0.0000,0.0004,0.000,0.000
5.774,-0.0574,-0.0000,0.0004,0.000,0.000
5.876,-0.0574,-0.0000,0.0004,0.000,0.000
5.883,-0.0574,-0.0000,0.0004,0.000,0.000
5.889,-0.0574,-0.0000,0.0004,0.000,0.000
5.896,-0.0574,-0.0000,0.0004,0.000,0.000
5.903,-0.0574,-0.0000,0.0004,0.000,0.000
5.909,-0.0574,-0.0000,0.0004,0.000,0.000
5.917,-0.0574,-0.0000,0.0004,0.000,0.000
5.924,-0.0574,-0.0000,0.0004,0.000,0.000
5.931,-0.0574,-0.0000,0.0004,0.000,0.000
5.938,-0.0574,-0.0000,0.0004,0.000,0.000
5.945,-0.0574,-0.0000,0.0004,0.000,0.000
5.953,-0.0574,-0.0000,0.0004,0.000,0.000
5.961,-0.0574,-0.0000,0.0004,0.000,0.000
5.967,-0.0574,-0.0000,0.0004,0.000,0.000
5.974,-0.0574,-0.0000,0.0004,0.000,0.000
5.982,-0.0574,-0.0000,0.0004,0.000,0.000
5.991,-0.0574,-0.0000,0.0004,0.000,0.000
6.001,-0.0574,-0.0000,0.0004,0.000,0.000
6.008,-0.0574,-0.0000,0.0004,0.000,0.000
6.016,-0.0574,-0.0000,0.0004,0.000,0.000
6.023,-0.0574,-0.0000,0.0004,0.000,0.000
6.031,-0.0574,-0.0000,0.0004,0.000,0.000
6.038,-0.0574,-0.0000,0.0004,0.000,0.000
6.046,-0.0574,-0.0000,0.0004,0.000,0.000
6.054,-0.0574,-0.0000,0.0004,0.000,0.000
6.063,-0.0574,-0.0000,0.0004,0.000,0.000
6.071,-0.0574,-0.0000,0.0004,0.000,0.000
6.078,-0.0574,-0.0000,0.0004,0.000,0.000
6.086,-0.0574,-0.0000,0.0004,0.000,0.000
6.093,-0.0574,-0.0000,0.0004,0.000,0.000
6.100,-0.0574,-0.0000,0.0004,0.000,0.000
6.108,-0.0574,-0.0000,0.0004,0.000,0.000
6.115,-0.0574,-0.0000,0.0004,0.000,0.000
6.123,-0.0574,-0.0000,0.0004,0.000,0.000
6.132,-0.0574,-0.0000,0.0004,0.000,0.000
6.140,-0.0574,-0.0000,0.0004,0.000,0.000
6.148,-0.0574,-0.0000,0.0004,0.000,0.000
6.157,-0.0574,-0.0000,0.0004,0.000,0.000
6.165,-0.0574,-0.0000,0.0004,0.000,0.000
6.174,-0.0574,-0.0000,0.0004,0.000,0.000
6.181,-0.0574,-0.0000,0.0004,0.000,0.000
6.188,-0.0574,-0.0000,0.0004,0.000,0.000
6.197,-0.0574,-0.0000,0.0004,0.000,0.000
6.204,-0.0574,-0.0000,0.0004,0.000,0.000
6.211,-0.0574,-0.0000,0.0004,0.000,0.000
6.219,-0.0574,-0.0000,0.0004,0.000,0.000
6.226,-0.0574,-0.0000,0.0004,0.000,0.000
6.234,-0.0574,-0.0000,0.0004,0.000,0.000
6.242,-0.0574,-0.0000,0.0004,0.000,0.000
6.248,-0.0574,-0.0000,0.0004,0.000,0.000
6.256,-0.0574,-0.0000,0.0004,0.000,0.000
6.265,-0.0574,-0.0000,0.0004,0.000,0.000
6.267,-0.0574,-0.0000,0.0004,0.000,0.000
6.269,-0.0574,-0.0000,0.0004,0.000,0.000
6.305,-0.0574,-0.0000,0.0004,0.000,0.000
6.317,-0.0574,-0.0000,0.0004,0.000,0.000
6.349,-0.0575,-0.0000,0.0005,-0.001,0.001
6.390,-0.0577,-0.0000,0.0006,-0.006,0.003
6.418,-0.0590,-0.0000,0.0005,-0.044,-0.003
6.523,-0.0636,-0.0000,0.0003,-0.044,-0.002
6.530,-0.0639,-0.0000,0.0003,-0.044,-0.002
6.537,-0.0642,-0.0000,0.0003,-0.045,-0.002
6.546,-0.0646,-0.0000,0.0002,-0.045,-0.002
6.555,-0.0650,-0.0000,0.0002,-0.047,0.000
6.564,-0.0655,-0.0000,0.0002,-0.047,0.000
6.575,-0.0660,-0.0000,0.0002,-0.050,0.001
6.584,-0.0665,-0.0000,0.0003,-0.050,0.001
6.593,-0.0669,-0.0000,0.0003,-0.050,0.001
6.601,-0.0674,-0.0000,0.0002,-0.064,-0.004
6.609,-0.0679,-0.0000,0.0002,-0.064,-0.004
6.618,-0.0687,-0.0000,0.0002,-0.085,-0.006
6.626,-0.0694,-0.0000,0.0001,-0.085,-0.006
6.634,-0.0701,-0.0000,0.0001,-0.085,-0.006
6.642,-0.0709,-0.0000,0.0001,-0.099,0.000
6.650,-0.0716,-0.0000,0.0001,-0.099,0.000
6.660,-0.0728,-0.0000,-0.0000,-0.116,-0.006
6.668,-0.0738,-0.0000,-0.0001,-0.116,-0.006
6.676,-0.0748,-0.0000,-0.0001,-0.129,-0.003
6.685,-0.0759,-0.0000,-0.0001,-0.129,-0.003
6.693,-0.0769,-0.0000,-0.0001,-0.129,-0.003
6.701,-0.0781,-0.0000,-0.0001,-0.137,0.000
6.709,-0.0791,-0.0000,-0.0001,-0.137,0.000
6.717,-0.0803,-0.0000,-0.0001,-0.147,0.000
6.725,-0.0815,-0.0000,-0.0001,-0.147,0.000
6.733,-0.0827,-0.0000,-0.0001,-0.147,0.000
6.741,-0.0839,-0.0000,-0.0001,-0.159,0.001
6.749,-0.0852,-0.0000,-0.0001,-0.159,0.001
6.758,-0.0866,-0.0000,-0.0001,-0.161,0.001
6.765,-0.0879,-0.0000,-0.0001,-0.161,0.001
6.773,-0.0891,-0.0000,-0.0001,-0.161,0.001
6.782,-0.0905,-0.0000,-0.0001,-0.161,0.002
6.790,-0.0919,-0.0000,-0.0001,-0.161,0.002
6.799,-0.0933,-0.0000,-0.0000,-0.155,0.002
6.807,-0.0945,-0.0000,-0.0000,-0.155,0.002
6.816,-0.0958,-0.0000,-0.0000,-0.150,0.000
6.826,-0.0973,-0.0000,-0.0000,-0.150,0.000
6.836,-0.0988,-0.0000,0.0000,-0.141,0.004
6.846,-0.1002,-0.0000,0.0001,-0.141,0.004
6.855,-0.1013,-0.0000,0.0001,-0.128,0.007
6.864,-0.1025,-0.0000,0.0002,-0.128,0.007
6.872,-0.1035,-0.0000,0.0002,-0.128,0.007
6.881,-0.1046,-0.0000,0.0003,-0.121,0.004
6.890,-0.1056,-0.0000,0.0003,-0.121,0.004
6.899,-0.1066,-0.0000,0.0003,-0.112,0.004
6.907,-0.1075,-0.0000,0.0004,-0.112,0.004
6.914,-0.1084,-0.0000,0.0004,-0.112,0.004
6.921,-0.1091,-0.0000,0.0004,-0.100,0.002
6.929,-0.1098,-0.0000,0.0004,-0.100,0.002
6.937,-0.1106,-0.0000,0.0004,-0.093,0.000
6.945,-0.1113,-0.0000,0.0004,-0.093,0.000
6.954,-0.1122,-0.0000,0.0004,-0.093,0.000
6.962,-0.1128,-0.0000,0.0004,-0.085,0.001
6.969,-0.1135,-0.0000,0.0004,-0.085,0.001
6.978,-0.1141,-0.0000,0.0005,-0.076,0.001
6.985,-0.1146,-0.0000,0.0005,-0.076,0.001
6.996,-0.1154,-0.0000,0.0005,-0.071,0.000
7.004,-0.1160,-0.0000,0.0005,-0.071,0.000
7.011,-0.1165,-0.0000,0.0005,-0.071,0.000
7.019,-0.1170,-0.0000,0.0005,-0.063,0.002
7.026,-0.1175,-0.0000,0.0005,-0.063,0.002
7.034,-0.1179,-0.0000,0.0005,-0.063,0.002
7.042,-0.1184,-0.0000,0.0005,-0.054,0.001
7.049,-0.1188,-0.0000,0.0005,-0.054,0.001
7.057,-0.1191,-0.0000,0.0005,-0.048,0.000
7.064,-0.1195,-0.0000,0.0005,-0.048,0.000
7.072,-0.1198,-0.0000,0.0005,-0.048,0.000
7.079,-0.1201,-0.0000,0.0005,-0.040,0.000
7.086,-0.1204,-0.0000,0.0005,-0.040,0.000
7.088,-0.1204,-0.0000,0.0005,-0.008,0.002
7.192,-0.1213,-0.0000,0.0007,-0.008,0.002
7.200,-0.1213,-0.0000,0.0008,-0.003,0.002
7.208,-0.1213,-0.0000,0.0008,-0.003,0.002
7.216,-0.1213,-0.0000,0.0008,0.000,0.001
7.224,-0.1213,-0.0000,0.0008,0.000,0.001
7.234,-0.1213,-0.0000,0.0008,0.000,0.000
7.244,-0.1213,-0.0000,0.0008,0.000,0.000
7.252,-0.1213,-0.0000,0.0008,0.000,0.000
7.262,-0.1213,-0.0000,0.0008,0.000,0.000
7.269,-0.1213,-0.0000,0.0008,0.000,0.000
7.277,-0.1213,-0.0000,0.0008,0.000,0.000
7.284,-0.1213,-0.0000,0.0008,0.000,0.000
7.290,-0.1213,-0.0000,0.0008,0.000,0.000
7.298,-0.1213,-0.0000,0.0008,0.000,0.000
7.305,-0.1213,-0.0000,0.0008,0.000,0.000
7.312,-0.1213,-0.0000,0.0008,0.000,0.000
7.320,-0.1213,-0.0000,0.0008,0.000,0.000
7.327,-0.1213,-0.0000,0.0008,0.000,0.000
7.335,-0.1213,-0.0000,0.0008,0.000,0.000
7.343,-0.1213,-0.0000,0.0008,0.000,0.000
7.350,-0.1213,-0.0000,0.0008,0.000,0.000
7.357,-0.1213,-0.0000,0.0008,0.000,0.000
7.364,-0.1213,-0.0000,0.0008,0.000,0.000
7.372,-0.1213,-0.0000,0.0008,0.000,0.000
7.379,-0.1213,-0.0000,0.0008,0.000,0.000
7.386,-0.1213,-0.0000,0.0008,0.000,0.000
7.394,-0.1213,-0.0000,0.0008,0.000,0.000
7.402,-0.1213,-0.0000,0.0008,0.000,0.000
7.409,-0.1213,-0.0000,0.0008,0.000,0.000
7.416,-0.1213,-0.0000,0.0008,0.000,0.000
7.424,-0.1213,-0.0000,0.0008,0.000,0.000
7.431,-0.1213,-0.0000,0.0008,0.000,0.000
7.439,-0.1213,-0.0000,0.0008,0.000,0.000
7.446,-0.1213,-0.0000,0.0008,0.000,0.000
7.453,-0.1213,-0.0000,0.0008,0.000,0.000
7.461,-0.1213,-0.0000,0.0008,0.000,0.000
7.469,-0.1213,-0.0000,0.0008,0.000,0.000
7.476,-0.1213,-0.0000,0.0008,0.000,0.000
7.485,-0.1213,-0.0000,0.0008,0.000,0.000
7.493,-0.1213,-0.0000,0.0008,0.000,0.000
7.500,-0.1213,-0.0000,0.0008,0.000,0.000
7.507,-0.1213,-0.0000,0.0008,0.000,0.000
7.515,-0.1213,-0.0000,0.0008,0.000,0.000
7.523,-0.1213,-0.0000,0.0008,0.000,0.000
7.531,-0.1213,-0.0000,0.0008,0.000,0.000
7.538,-0.1213,-0.0000,0.0008,0.000,0.000
7.547,-0.1213,-0.0000,0.0008,0.000,0.000
7.555,-0.1213,-0.0000,0.0008,0.000,0.000
7.562,-0.1213,-0.0000,0.0008,0.000,0.000
7.569,-0.1213,-0.0000,0.0008,0.000,0.000
7.578,-0.1213,-0.0000,0.0008,0.000,0.000
7.585,-0.1213,-0.0000,0.0008,0.000,0.000
7.593,-0.1213,-0.0000,0.0008,0.000,0.000
7.596,-0.1213,-0.0000,0.0008,0.000,0.000
7.599,-0.1213,-0.0000,0.0008,0.000,0.000
7.621,-0.1213,-0.0000,0.0008,0.000,0.000
7.641,-0.1213,-0.0000,0.0008,0.000,0.000
7.685,-0.1213,-0.0000,0.0015,0.000,0.017
7.789,-0.1213,-0.0000,0.0033,0.000,0.017
7.796,-0.1213,-0.0000,0.0034,0.000,0.018
7.804,-0.1213,-0.0000,0.0036,0.000,0.018
7.812,-0.1213,-0.0000,0.0037,0.000,0.018
7.820,-0.1213,-0.0000,0.0039,0.000,0.020
7.827,-0.1213,-0.0000,0.0040,0.000,0.020
7.835,-0.1213,-0.0000,0.0042,0.000,0.025
7.844,-0.1213,-0.0000,0.0045,0.000,0.025
7.852,-0.1213,-0.0000,0.0046,0.000,0.025
7.860,-0.1213,-0.0000,0.0051,0.001,0.051
7.868,-0.1213,-0.0000,0.0055,0.001,0.051
7.879,-0.1213,-0.0000,0.0064,0.001,0.086
7.887,-0.1213,-0.0000,0.0071,0.001,0.086
7.894,-0.1213,-0.0000,0.0078,0.000,0.103
7.904,-0.1213,-0.0000,0.0089,0.000,0.103
7.912,-0.1213,-0.0000,0.0097,0.000,0.103
7.920,-0.1213,-0.0000,0.0106,0.000,0.120
7.927,-0.1213,-0.0000,0.0115,0.000,0.120
7.935,-0.1213,-0.0000,0.0125,0.000,0.131
7.943,-0.1213,-0.0000,0.0136,0.000,0.131
7.950,-0.1213,-0.0000,0.0145,0.000,0.131
7.958,-0.1213,-0.0000,0.0155,-0.001,0.137
7.965,-0.1213,-0.0000,0.0165,-0.001,0.137
7.972,-0.1213,-0.0000,0.0175,-0.001,0.137
7.980,-0.1213,-0.0000,0.0186,-0.004,0.140
7.988,-0.1214,-0.0000,0.0197,-0.004,0.140
7.995,-0.1214,-0.0000,0.0207,-0.005,0.140
8.005,-0.1214,-0.0000,0.0221,-0.005,0.140
8.013,-0.1215,-0.0000,0.0232,-0.005,0.140
8.020,-0.1215,-0.0000,0.0242,-0.004,0.137
8.027,-0.1215,-0.0000,0.0251,-0.004,0.137
8.035,-0.1215,-0.0000,0.0262,0.000,0.132
8.045,-0.1215,-0.0000,0.0274,0.000,0.132
8.052,-0.1215,-0.0000,0.0285,0.000,0.132
8.060,-0.1215,-0.0000,0.0294,0.003,0.124
8.068,-0.1215,-0.0000,0.0304,0.003,0.124
8.075,-0.1215,-0.0000,0.0312,0.004,0.121
8.083,-0.1214,-0.0000,0.0322,0.004,0.121
8.090,-0.1214,-0.0000,0.0330,0.004,0.121
8.097,-0.1214,-0.0000,0.0338,0.003,0.114
8.104,-0.1214,-0.0000,0.0347,0.003,0.114
8.112,-0.1213,-0.0000,0.0356,0.003,0.114
8.122,-0.1213,-0.0000,0.0366,0.003,0.105
8.129,-0.1213,-0.0000,0.0374,0.003,0.105
8.137,-0.1213,-0.0000,0.0381,0.003,0.098
8.145,-0.1212,-0.0000,0.0389,0.003,0.098
8.151,-0.1212,-0.0000,0.0396,0.003,0.098
8.161,-0.1212,-0.0000,0.0404,0.002,0.088
8.168,-0.1212,-0.0000,0.0410,0.002,0.088
8.176,-0.1212,-0.0000,0.0417,0.001,0.078
8.184,-0.1212,-0.0000,0.0423,0.001,0.078
8.192,-0.1212,-0.0000,0.0429,0.001,0.078
8.200,-0.1212,-0.0000,0.0434,0.001,0.070
8.207,-0.1212,-0.0000,0.0439,0.001,0.070
8.215,-0.1212,-0.0000,0.0444,0.000,0.060
8.222,-0.1212,-0.0000,0.0449,0.000,0.060
8.229,-0.1212,-0.0000,0.0453,0.000,0.060
8.238,-0.1212,-0.0000,0.0457,-0.001,0.048
8.245,-0.1212,-0.0000,0.0460,-0.001,0.048
8.252,-0.1212,-0.0000,0.0464,-0.001,0.048
8.260,-0.1212,-0.0000,0.0467,-0.001,0.041
8.267,-0.1212,-0.0000,0.0470,-0.001,0.041
8.276,-0.1212,-0.0000,0.0473,-0.004,0.031
8.285,-0.1213,-0.0000,0.0475,-0.004,0.031
8.292,-0.1213,-0.0000,0.0478,-0.004,0.031
8.300,-0.1213,-0.0000,0.0479,-0.004,0.019
8.307,-0.1213,-0.0000,0.0481,-0.004,0.019
8.317,-0.1214,-0.0000,0.0482,-0.003,0.011
8.325,-0.1214,-0.0000,0.0482,-0.003,0.011
8.332,-0.1214,-0.0000,0.0483,-0.003,0.011
8.340,-0.1214,-0.0000,0.0484,-0.001,0.004
8.347,-0.1214,-0.0000,0.0484,-0.001,0.004
8.355,-0.1214,-0.0000,0.0484,0.000,0.000
8.363,-0.1214,-0.0000,0.0484,0.000,0.000
8.370,-0.1214,-0.0000,0.0484,0.000,0.000
8.379,-0.1214,-0.0000,0.0484,0.000,0.000
8.386,-0.1214,-0.0000,0.0484,0.000,0.000
8.392,-0.1214,-0.0000,0.0484,0.000,0.000
8.400,-0.1214,-0.0000,0.0484,0.000,0.001
8.407,-0.1214,-0.0000,0.0484,0.000,0.001
8.414,-0.1214,-0.0000,0.0484,0.000,0.001
8.421,-0.1214,-0.0000,0.0480,0.001,-0.055
8.428,-0.1214,-0.0000,0.0476,0.001,-0.055
8.435,-0.1214,-0.0000,0.0469,0.009,-0.101
8.443,-0.1213,-0.0000,0.0462,0.009,-0.101
8.450,-0.1212,-0.0000,0.0455,0.009,-0.101
8.457,-0.1211,-0.0000,0.0448,0.013,-0.091
8.465,-0.1210,-0.0000,0.0441,0.013,-0.091
8.472,-0.1209,-0.0000,0.0434,0.013,-0.091
8.479,-0.1209,0.0000,0.0431,0.005,-0.046
8.486,-0.1209,0.0000,0.0428,0.005,-0.046
8.493,-0.1208,0.0000,0.0425,0.005,-0.046
8.500,-0.1208,0.0000,0.0421,0.004,-0.047
8.507,-0.1208,0.0000,0.0418,0.004,-0.047
8.514,-0.1208,0.0000,0.0415,0.004,-0.047
8.521,-0.1207,0.0000,0.0412,0.001,-0.036
8.528,-0.1207,0.0000,0.0410,0.001,-0.036
8.535,-0.1207,0.0000,0.0409,0.001,-0.015
8.543,-0.1207,0.0000,0.0407,0.001,-0.015
8.550,-0.1207,0.0000,0.0406,0.001,-0.015
8.552,-0.1207,0.0000,0.0406,0.001,-0.015
8.554,-0.1207,0.0000,0.0406,0.000,0.000
8.658,-0.1207,0.0000,0.0406,0.000,0.000
8.665,-0.1207,0.0000,0.0406,0.000,0.000
8.672,-0.1207,0.0000,0.0406,0.000,0.000
8.680,-0.1207,0.0000,0.0406,0.000,0.000
8.688,-0.1207,0.0000,0.0406,0.000,0.000
8.697,-0.1207,0.0000,0.0406,0.000,0.000
8.705,-0.1207,0.0000,0.0406,0.000,0.000
8.712,-0.1207,0.0000,0.0406,0.000,0.000
8.720,-0.1207,0.0000,0.0406,-0.001,-0.005
8.727,-0.1207,0.0000,0.0405,-0.001,-0.005
8.734,-0.1207,0.0000,0.0405,-0.001,-0.005
8.742,-0.1207,0.0000,0.0404,0.000,-0.019
8.750,-0.1207,0.0000,0.0402,0.000,-0.019
8.758,-0.1207,0.0000,0.0398,0.000,-0.045
8.766,-0.1207,0.0000,0.0395,0.000,-0.045
8.773,-0.1207,0.0000,0.0392,0.000,-0.045
8.780,-0.1207,0.0000,0.0387,-0.001,-0.066
8.788,-0.1207,0.0000,0.0382,-0.001,-0.066
8.795,-0.1208,0.0000,0.0377,-0.001,-0.066
8.802,-0.1208,0.0000,0.0372,0.000,-0.077
8.809,-0.1208,0.0000,0.0366,0.000,-0.077
8.817,-0.1208,0.0000,0.0359,0.000,-0.092
8.824,-0.1208,0.0000,0.0352,0.000,-0.092
8.831,-0.1208,0.0000,0.0346,0.000,-0.092
8.838,-0.1208,0.0000,0.0338,0.000,-0.106
8.846,-0.1208,0.0000,0.0330,0.000,-0.106
8.853,-0.1208,0.0000,0.0323,0.000,-0.106
8.860,-0.1208,0.0000,0.0315,0.000,-0.115
8.867,-0.1208,0.0000,0.0307,0.000,-0.115
8.874,-0.1208,0.0000,0.0299,0.000,-0.115
8.881,-0.1208,0.0000,0.0290,0.000,-0.126
8.888,-0.1208,0.0000,0.0281,0.000,-0.126
8.895,-0.1208,0.0000,0.0273,0.000,-0.126
8.902,-0.1208,0.0000,0.0262,0.000,-0.136
8.909,-0.1208,0.0000,0.0252,0.000,-0.136
8.917,-0.1208,0.0000,0.0242,0.000,-0.138
8.924,-0.1208,0.0000,0.0232,0.000,-0.138
8.931,-0.1208,0.0000,0.0223,0.000,-0.138
8.938,-0.1208,0.0000,0.0213,0.000,-0.133
8.945,-0.1208,0.0000,0.0203,0.000,-0.133
8.953,-0.1208,0.0000,0.0194,0.000,-0.133
8.960,-0.1208,0.0000,0.0185,0.000,-0.122
8.967,-0.1208,0.0000,0.0177,0.000,-0.122
8.974,-0.1208,0.0000,0.0168,0.000,-0.122
8.981,-0.1208,0.0000,0.0159,0.000,-0.116
8.989,-0.1208,0.0000,0.0150,0.000,-0.116
8.996,-0.1208,0.0000,0.0143,0.000,-0.105
9.004,-0.1208,0.0000,0.0135,0.000,-0.105
9.011,-0.1208,0.0000,0.0127,0.000,-0.105
9.018,-0.1208,0.0000,0.0121,0.000,-0.093
9.025,-0.1208,0.0000,0.0114,0.000,-0.093
9.032,-0.1208,0.0000,0.0107,0.000,-0.093
9.040,-0.1208,0.0000,0.0101,0.000,-0.086
9.047,-0.1208,0.0000,0.0095,0.000,-0.086
9.051,-0.1208,0.0000,0.0091,0.000,-0.086
9.053,-0.1208,0.0000,0.0090,0.000,-0.063
9.084,-0.1208,0.0000,0.0072,0.000,-0.056
9.120,-0.1208,0.0000,0.0054,0.000,-0.050
9.134,-0.1208,0.0000,0.0052,0.000,-0.015
9.238,-0.1208,0.0000,0.0040,0.000,-0.012
9.246,-0.1208,0.0000,0.0039,0.000,-0.012
9.254,-0.1208,0.0000,0.0038,0.000,-0.012
9.261,-0.1208,0.0000,0.0037,0.000,-0.014
9.269,-0.1208,0.0000,0.0036,0.000,-0.014
9.279,-0.1208,0.0000,0.0035,0.000,-0.012
9.286,-0.1208,0.0000,0.0034,0.000,-0.012
9.293,-0.1208,0.0000,0.0033,0.000,-0.012
9.302,-0.1208,0.0000,0.0032,0.000,-0.007
9.309,-0.1208,0.0000,0.0032,0.000,-0.007
9.316,-0.1208,0.0000,0.0032,0.000,0.000
9.324,-0.1208,0.0000,0.0032,0.000,0.000
9.331,-0.1208,0.0000,0.0032,0.000,0.000
9.338,-0.1208,0.0000,0.0033,0.000,0.011
9.346,-0.1208,0.0000,0.0034,0.000,0.011
9.353,-0.1208,0.0000,0.0034,0.000,0.011
9.361,-0.1207,0.0000,0.0037,0.001,0.040
9.368,-0.1207,0.0000,0.0040,0.001,0.040
9.375,-0.1207,0.0000,0.0045,0.000,0.067
9.383,-0.1207,0.0000,0.0051,0.000,0.067
9.391,-0.1207,0.0000,0.0056,0.000,0.067
9.399,-0.1207,0.0000,0.0062,0.000,0.080
9.407,-0.1207,0.0000,0.0068,0.000,0.080
9.415,-0.1207,0.0000,0.0076,0.000,0.095
9.423,-0.1207,0.0000,0.0084,0.000,0.095
9.431,-0.1207,0.0000,0.0091,0.000,0.095
9.440,-0.1207,0.0000,0.0101,0.000,0.108
9.448,-0.1207,0.0000,0.0110,0.000,0.108
9.456,-0.1207,0.0000,0.0119,0.000,0.115
9.464,-0.1207,0.0000,0.0128,0.000,0.115
9.472,-0.1207,0.0000,0.0137,0.000,0.115
9.479,-0.1207,0.0000,0.0147,0.000,0.122
9.487,-0.1207,0.0000,0.0156,0.000,0.122
9.496,-0.1207,0.0000,0.0166,0.000,0.120
9.504,-0.1207,0.0000,0.0176,0.000,0.120
9.511,-0.1207,0.0000,0.0185,0.000,0.120
9.520,-0.1207,0.0000,0.0194,0.000,0.115
9.527,-0.1207,0.0000,0.0203,0.000,0.115
9.534,-0.1207,0.0000,0.0211,0.000,0.115
9.542,-0.1207,0.0000,0.0219,0.000,0.106
9.549,-0.1207,0.0000,0.0227,0.000,0.106
9.556,-0.1207,0.0000,0.0233,0.000,0.094
9.565,-0.1207,0.0000,0.0242,0.000,0.094
9.572,-0.1207,0.0000,0.0248,0.000,0.094
9.579,-0.1207,0.0000,0.0255,0.000,0.086
9.587,-0.1207,0.0000,0.0262,0.000,0.086
9.595,-0.1207,0.0000,0.0268,0.000,0.086
9.601,-0.1207,0.0000,0.0273,0.000,0.075
9.608,-0.1207,0.0000,0.0278,0.000,0.075
9.614,-0.1207,0.0000,0.0283,0.000,0.075
9.622,-0.1207,0.0000,0.0288,-0.001,0.062
9.629,-0.1208,0.0000,0.0292,-0.001,0.062
9.638,-0.1208,0.0000,0.0296,0.000,0.053
9.645,-0.1208,0.0000,0.0300,0.000,0.053
9.653,-0.1208,0.0000,0.0304,0.000,0.053
9.660,-0.1208,0.0000,0.0308,0.000,0.043
9.668,-0.1208,0.0000,0.0311,0.000,0.043
9.675,-0.1208,0.0000,0.0314,0.000,0.043
9.682,-0.1208,0.0000,0.0316,-0.001,0.032
9.689,-0.1208,0.0000,0.0318,-0.001,0.032
9.696,-0.1208,0.0000,0.0320,0.000,0.024
9.704,-0.1208,0.0000,0.0322,0.000,0.024
9.710,-0.1208,0.0000,0.0324,0.000,0.024
9.718,-0.1208,0.0000,0.0325,-0.001,0.014
9.725,-0.1208,0.0000,0.0326,-0.001,0.014
9.732,-0.1208,0.0000,0.0327,-0.001,0.014
9.739,-0.1208,0.0000,0.0327,0.000,0.005
9.746,-0.1208,0.0000,0.0327,0.000,0.005
9.753,-0.1208,0.0000,0.0328,0.000,0.005
9.760,-0.1208,0.0000,0.0328,0.000,0.002
9.767,-0.1208,0.0000,0.0328,0.000,0.002
9.774,-0.1208,0.0000,0.0328,0.000,0.002
9.781,-0.1208,0.0000,0.0328,0.000,0.001
9.788,-0.1208,0.0000,0.0328,0.000,0.001
9.795,-0.1208,0.0000,0.0328,0.000,0.000
9.802,-0.1208,0.0000,0.0328,0.000,0.000
9.810,-0.1208,0.0000,0.0328,0.000,0.000
9.819,-0.1208,0.0000,0.0328,0.000,0.000
9.826,-0.1208,0.0000,0.0328,0.000,0.000
9.833,-0.1208,0.0000,0.0328,0.000,0.000
9.841,-0.1208,0.0000,0.0328,0.000,0.000
9.849,-0.1208,0.0000,0.0328,0.000,0.000
9.855,-0.1208,0.0000,0.0328,0.000,0.000
9.861,-0.1208,0.0000,0.0328,0.000,0.000
9.868,-0.1208,0.0000,0.0328,0.000,0.000
9.875,-0.1208,0.0000,0.0328,0.000,0.000
9.883,-0.1208,0.0000,0.0328,0.000,0.000
9.891,-0.1208,0.0000,0.0328,0.000,0.000
9.898,-0.1208,0.0000,0.0328,0.000,0.000
9.905,-0.1208,0.0000,0.0328,0.000,0.000
9.912,-0.1208,0.0000,0.0328,0.000,0.000
9.920,-0.1208,0.0000,0.0328,0.000,0.000
9.927,-0.1208,0.0000,0.0328,0.000,0.000
9.934,-0.1208,0.0000,0.0328,0.000,0.000
9.942,-0.1208,0.0000,0.0328,0.000,0.000
9.949,-0.1208,0.0000,0.0328,0.000,0.000
9.957,-0.1208,0.0000,0.0328,0.000,0.000
9.964,-0.1208,0.0000,0.0328,0.000,0.000
9.971,-0.1208,0.0000,0.0328,0.000,0.000
9.979,-0.1208,0.0000,0.0328,0.000,0.000
9.986,-0.1208,0.0000,0.0328,0.000,0.000
9.988,-0.1208,0.0000,0.0328,0.000,0.000
10.092,-0.1208,0.0000,0.0328,0.000,0.000
10.099,-0.1208,0.0000,0.0328,0.000,0.000
10.106,-0.1208,0.0000,0.0328,0.000,0.000
10.114,-0.1208,0.0000,0.0328,0.000,0.000
10.125,-0.1208,0.0000,0.0328,0.000,0.000
10.133,-0.1208,0.0000,0.0328,0.000,0.000
10.141,-0.1208,0.0000,0.0328,0.000,-0.001
10.149,-0.1208,0.0000,0.0328,0.000,-0.001
10.157,-0.1208,0.0000,0.0326,0.000,-0.021
10.166,-0.1208,0.0000,0.0325,0.000,-0.021
10.174,-0.1208,0.0000,0.0323,0.000,-0.021
10.181,-0.1208,0.0000,0.0320,0.001,-0.042
10.187,-0.1208,0.0000,0.0317,0.001,-0.042
10.194,-0.1208,0.0000,0.0315,0.001,-0.042
10.202,-0.1208,0.0000,0.0309,0.000,-0.063
10.209,-0.1208,0.0000,0.0305,0.000,-0.063
10.216,-0.1208,0.0000,0.0299,0.000,-0.081
10.225,-0.1208,0.0000,0.0292,0.000,-0.081
10.232,-0.1208,0.0000,0.0286,0.000,-0.081
10.239,-0.1208,0.0000,0.0280,0.000,-0.090
10.247,-0.1208,0.0000,0.0273,0.000,-0.090
10.254,-0.1208,0.0000,0.0266,0.000,-0.090
10.262,-0.1208,0.0000,0.0258,0.000,-0.101
10.270,-0.1208,0.0000,0.0250,0.000,-0.101
10.278,-0.1208,0.0000,0.0242,0.000,-0.113
10.286,-0.1208,0.0000,0.0232,0.000,-0.113
10.293,-0.1208,0.0000,0.0224,0.000,-0.113
10.301,-0.1208,0.0000,0.0215,0.000,-0.119
10.308,-0.1208,0.0000,0.0207,0.000,-0.119
10.315,-0.1208,0.0000,0.0197,0.000,-0.131
10.323,-0.1208,0.0000,0.0186,0.000,-0.131
10.331,-0.1208,0.0000,0.0176,0.000,-0.131
10.339,-0.1208,0.0000,0.0166,0.000,-0.138
10.347,-0.1208,0.0000,0.0154,0.000,-0.138
10.354,-0.1208,0.0000,0.0144,0.000,-0.138
10.363,-0.1208,0.0000,0.0133,0.000,-0.138
10.370,-0.1208,0.0000,0.0122,0.000,-0.138
10.378,-0.1208,0.0000,0.0112,0.000,-0.130
10.385,-0.1208,0.0000,0.0103,0.000,-0.130
10.393,-0.1208,0.0000,0.0092,0.000,-0.130
10.401,-0.1208,0.0000,0.0083,0.000,-0.119
10.409,-0.1208,0.0000,0.0074,0.000,-0.119
10.416,-0.1208,0.0000,0.0066,-0.001,-0.109
10.424,-0.1208,0.0000,0.0057,-0.001,-0.109
10.432,-0.1208,0.0000,0.0049,-0.001,-0.109
10.441,-0.1208,0.0000,0.0040,-0.001,-0.098
10.448,-0.1208,0.0000,0.0033,-0.001,-0.098
10.455,-0.1208,0.0000,0.0027,-0.001,-0.086
10.464,-0.1208,0.0000,0.0020,-0.001,-0.086
10.471,-0.1208,0.0000,0.0013,-0.001,-0.086
10.479,-0.1208,0.0000,0.0007,-0.001,-0.079
10.487,-0.1209,0.0000,0.0000,-0.001,-0.079
10.490,-0.1209,0.0000,-0.0002,-0.001,-0.079
10.491,-0.1209,0.0000,-0.0003,0.000,-0.070
10.521,-0.1208,0.0000,-0.0019,0.001,-0.053
10.551,-0.1208,0.0000,-0.0031,0.002,-0.042
10.586,-0.1207,0.0000,-0.0045,0.002,-0.039
10.618,-0.1206,0.0000,-0.0055,0.002,-0.031
10.635,-0.1206,0.0000,-0.0058,0.000,-0.017
10.668,-0.1206,0.0000,-0.0060,0.000,-0.006
10.701,-0.1206,0.0000,-0.0060,0.000,0.000
10.736,-0.1207,0.0000,-0.0054,-0.002,0.015
10.765,-0.1207,0.0000,-0.0042,0.000,0.044
10.804,-0.1207,0.0000,-0.0018,0.000,0.060
10.831,-0.1207,0.0000,0.0002,0.001,0.077
10.865,-0.1206,0.0000,0.0034,0.001,0.091
10.895,-0.1206,0.0000,0.0066,0.000,0.108
10.930,-0.1206,0.0000,0.0109,0.000,0.122
10.961,-0.1206,0.0000,0.0156,0.000,0.155
11.005,-0.1206,0.0000,0.0229,0.000,0.164
11.026,-0.1206,0.0000,0.0264,0.000,0.171
11.058,-0.1206,0.0000,0.0329,0.000,0.197
11.091,-0.1208,0.0000,0.0393,-0.004,0.200
11.137,-0.1210,-0.0000,0.0485,-0.004,0.197
11.155,-0.1209,-0.0000,0.0525,0.001,0.222
11.204,-0.1207,0.0000,0.0645,0.005,0.246
11.225,-0.1206,0.0000,0.0703,0.003,0.278
11.269,-0.1205,0.0000,0.0833,0.003,0.296
11.301,-0.1205,0.0000,0.0933,0.001,0.312
11.336,-0.1204,0.0000,0.1052,0.002,0.336
11.367,-0.1204,0.0000,0.1157,0.001,0.342
11.401,-0.1204,0.0000,0.1292,-0.002,0.391
11.506,-0.1206,-0.0000,0.1702,-0.002,0.391
11.513,-0.1207,-0.0000,0.1730,-0.002,0.391
11.521,-0.1207,-0.0000,0.1761,-0.002,0.392
11.529,-0.1207,-0.0000,0.1790,-0.002,0.392
11.536,-0.1207,-0.0000,0.1820,-0.002,0.389
11.545,-0.1207,-0.0000,0.1855,-0.002,0.389
11.553,-0.1207,-0.0000,0.1885,-0.002,0.389
11.563,-0.1207,-0.0000,0.1925,-0.001,0.389
11.572,-0.1208,-0.0000,0.1959,-0.001,0.389
11.581,-0.1208,-0.0000,0.1992,0.000,0.394
11.589,-0.1208,-0.0000,0.2024,0.000,0.394
11.596,-0.1208,-0.0000,0.2054,0.000,0.398
11.604,-0.1208,-0.0000,0.2087,0.000,0.398
11.611,-0.1208,-0.0000,0.2115,0.000,0.398
11.620,-0.1207,-0.0000,0.2147,0.001,0.400
11.629,-0.1207,-0.0000,0.2183,0.001,0.400
11.636,-0.1207,-0.0000,0.2213,0.001,0.402
11.645,-0.1207,-0.0000,0.2247,0.001,0.402
11.652,-0.1207,-0.0000,0.2277,0.001,0.402
11.659,-0.1207,-0.0000,0.2307,-0.001,0.402
11.667,-0.1207,-0.0000,0.2336,-0.001,0.402
11.674,-0.1207,-0.0000,0.2366,-0.001,0.402
11.682,-0.1207,-0.0000,0.2397,-0.002,0.401
11.689,-0.1208,-0.0000,0.2425,-0.002,0.401
11.697,-0.1208,-0.0000,0.2457,-0.001,0.400
11.705,-0.1208,-0.0000,0.2489,-0.001,0.400
11.712,-0.1208,-0.0000,0.2518,-0.001,0.400
11.720,-0.1208,-0.0000,0.2551,0.001,0.396
11.728,-0.1208,-0.0000,0.2580,0.001,0.396
11.735,-0.1208,-0.0000,0.2610,0.001,0.396
11.743,-0.1207,-0.0000,0.2639,0.002,0.393
11.751,-0.1207,-0.0000,0.2670,0.002,0.393
11.759,-0.1207,-0.0000,0.2701,0.002,0.388
11.766,-0.1207,-0.0000,0.2730,0.002,0.388
11.773,-0.1207,-0.0000,0.2759,0.002,0.388
11.782,-0.1207,-0.0000,0.2791,0.002,0.381
11.789,-0.1207,0.0000,0.2820,0.002,0.381
11.799,-0.1206,0.0000,0.2855,0.003,0.373
11.807,-0.1206,0.0000,0.2884,0.003,0.373
11.815,-0.1206,0.0000,0.2913,0.000,0.362
11.824,-0.1206,0.0000,0.2946,0.000,0.362
11.831,-0.1206,0.0000,0.2973,0.000,0.362
11.839,-0.1206,0.0000,0.3000,-0.002,0.349
11.847,-0.1206,0.0000,0.3029,-0.002,0.349
11.855,-0.1207,0.0000,0.3055,-0.002,0.349
11.863,-0.1207,-0.0000,0.3082,-0.001,0.342
11.870,-0.1207,-0.0000,0.3107,-0.001,0.342
11.877,-0.1207,-0.0000,0.3132,-0.003,0.330
11.885,-0.1207,-0.0000,0.3156,-0.003,0.330
11.892,-0.1207,-0.0000,0.3181,-0.003,0.330
11.900,-0.1208,-0.0000,0.3204,-0.004,0.314
11.908,-0.1208,-0.0000,0.3229,-0.004,0.314
11.915,-0.1208,-0.0001,0.3252,-0.003,0.306
11.924,-0.1208,-0.0001,0.3279,-0.003,0.306
11.931,-0.1208,-0.0001,0.3301,-0.002,0.298
11.943,-0.1209,-0.0001,0.3337,-0.002,0.298
11.951,-0.1209,-0.0001,0.3360,-0.002,0.298
11.959,-0.1209,-0.0001,0.3382,0.000,0.287
11.967,-0.1209,-0.0001,0.3404,0.000,0.287
11.974,-0.1209,-0.0001,0.3425,0.000,0.287
11.982,-0.1209,-0.0001,0.3448,0.000,0.280
11.989,-0.1209,-0.0001,0.3468,0.000,0.280
11.997,-0.1209,-0.0001,0.3488,0.001,0.270
12.005,-0.1209,-0.0001,0.3511,0.001,0.270
12.012,-0.1209,-0.0001,0.3530,0.001,0.270
12.019,-0.1209,-0.0001,0.3549,0.001,0.259
12.028,-0.1209,-0.0001,0.3571,0.001,0.259
12.034,-0.1208,-0.0001,0.3588,0.001,0.259
12.041,-0.1208,-0.0001,0.3605,0.000,0.251
12.050,-0.1208,-0.0001,0.3626,0.000,0.251
12.058,-0.1209,-0.0001,0.3645,-0.001,0.239
12.065,-0.1209,-0.0001,0.3663,-0.001,0.239
12.074,-0.1209,-0.0001,0.3684,-0.001,0.239
12.082,-0.1209,-0.0001,0.3702,-0.001,0.226
12.089,-0.1209,-0.0001,0.3719,-0.001,0.226
12.098,-0.1209,-0.0001,0.3737,-0.001,0.218
12.107,-0.1209,-0.0001,0.3758,-0.001,0.218
12.115,-0.1209,-0.0001,0.3774,-0.001,0.207
12.124,-0.1209,-0.0001,0.3792,-0.001,0.207
12.132,-0.1209,-0.0001,0.3808,-0.001,0.207
12.140,-0.1209,-0.0001,0.3825,0.000,0.198
12.148,-0.1209,-0.0001,0.3840,0.000,0.198
12.155,-0.1209,-0.0001,0.3855,0.000,0.198
12.163,-0.1209,-0.0001,0.3871,0.000,0.192
12.171,-0.1209,-0.0001,0.3885,0.000,0.192
12.178,-0.1209,-0.0001,0.3898,0.000,0.181
12.185,-0.1209,-0.0001,0.3911,0.000,0.181
12.192,-0.1209,-0.0001,0.3924,0.000,0.181
12.201,-0.1209,-0.0001,0.3938,0.000,0.169
12.204,-0.1209,-0.0001,0.3945,0.000,0.169
12.207,-0.1209,-0.0001,0.3948,0.000,0.128
12.311,-0.1209,-0.0001,0.4081,0.000,0.128
12.319,-0.1209,-0.0001,0.4090,0.001,0.126
12.326,-0.1209,-0.0001,0.4100,0.001,0.126
12.334,-0.1209,-0.0001,0.4110,0.002,0.126
12.344,-0.1209,-0.0001,0.4122,0.002,0.126
12.352,-0.1209,-0.0001,0.4133,0.002,0.126
12.361,-0.1209,-0.0001,0.4143,0.001,0.123
12.369,-0.1208,-0.0001,0.4154,0.001,0.123
12.377,-0.1208,-0.0001,0.4162,0.000,0.103
12.385,-0.1208,-0.0001,0.4170,0.000,0.103
12.392,-0.1208,-0.0001,0.4177,0.000,0.103
12.399,-0.1208,-0.0001,0.4183,0.001,0.087
12.405,-0.1208,-0.0001,0.4189,0.001,0.087
12.412,-0.1208,-0.0000,0.4195,0.001,0.087
12.421,-0.1208,-0.0001,0.4201,-0.001,0.070
12.429,-0.1208,-0.0001,0.4206,-0.001,0.070
12.437,-0.1208,-0.0001,0.4211,-0.001,0.053
12.445,-0.1209,-0.0001,0.4215,-0.001,0.053
12.453,-0.1209,-0.0001,0.4219,-0.001,0.053
12.461,-0.1209,-0.0001,0.4223,0.000,0.043
12.469,-0.1209,-0.0001,0.4226,0.000,0.043
12.476,-0.1209,-0.0001,0.4228,0.000,0.032
12.484,-0.1209,-0.0001,0.4231,0.000,0.032
12.492,-0.1209,-0.0001,0.4233,0.000,0.032
12.500,-0.1209,-0.0001,0.4235,-0.001,0.020
12.507,-0.1209,-0.0001,0.4237,-0.001,0.020
12.515,-0.1209,-0.0001,0.4238,-0.001,0.020
12.522,-0.1209,-0.0001,0.4239,0.000,0.012
12.530,-0.1209,-0.0001,0.4240,0.000,0.012
12.538,-0.1209,-0.0001,0.4240,0.000,0.004
12.546,-0.1209,-0.0001,0.4240,0.000,0.004
12.553,-0.1209,-0.0001,0.4241,0.000,0.004
12.561,-0.1209,-0.0001,0.4241,0.000,0.000
12.568,-0.1209,-0.0001,0.4241,0.000,0.000
12.576,-0.1209,-0.0001,0.4241,0.000,0.000
12.585,-0.1209,-0.0001,0.4241,0.000,0.000
12.592,-0.1209,-0.0001,0.4241,0.000,0.000
12.600,-0.1209,-0.0001,0.4241,0.000,0.000
12.609,-0.1209,-0.0001,0.4241,0.000,0.000
12.617,-0.1209,-0.0001,0.4238,-0.003,-0.040
12.626,-0.1209,-0.0001,0.4234,-0.003,-0.040
12.634,-0.1210,-0.0001,0.4231,-0.003,-0.040
12.641,-0.1209,-0.0001,0.4224,0.003,-0.096
12.649,-0.1209,-0.0001,0.4216,0.003,-0.096
12.658,-0.1208,-0.0000,0.4206,0.014,-0.113
12.666,-0.1207,0.0000,0.4197,0.014,-0.113
12.674,-0.1206,0.0001,0.4189,0.014,-0.113
12.681,-0.1205,0.0001,0.4185,0.008,-0.050
12.689,-0.1205,0.0001,0.4181,0.008,-0.050
12.698,-0.1204,0.0001,0.4177,0.008,-0.050
12.701,-0.1204,0.0001,0.4176,0.005,-0.032
12.705,-0.1204,0.0001,0.4175,0.002,-0.022
12.737,-0.1204,0.0002,0.4173,0.001,-0.006
12.774,-0.1204,0.0002,0.4172,0.000,-0.001
12.800,-0.1204,0.0002,0.4172,0.000,0.000
12.835,-0.1204,0.0002,0.4171,0.000,-0.004
12.861,-0.1204,0.0002,0.4164,0.000,-0.027
12.901,-0.1204,0.0002,0.4143,0.000,-0.052
12.928,-0.1204,0.0002,0.4127,0.000,-0.060
12.957,-0.1204,0.0002,0.4105,0.000,-0.077
13.001,-0.1204,0.0002,0.4060,0.000,-0.102
13.025,-0.1204,0.0002,0.4031,0.000,-0.121
13.069,-0.1204,0.0002,0.3971,0.000,-0.136
13.101,-0.1204,0.0002,0.3923,0.000,-0.149
13.133,-0.1204,0.0002,0.3867,0.000,-0.172
13.170,-0.1204,0.0002,0.3801,0.000,-0.179
13.201,-0.1204,0.0001,0.3743,-0.002,-0.192
13.233,-0.1205,0.0001,0.3675,-0.004,-0.208
13.268,-0.1205,0.0001,0.3597,0.000,-0.224
13.307,-0.1205,0.0001,0.3504,0.001,-0.238
13.329,-0.1204,0.0001,0.3450,0.004,-0.254
13.368,-0.1203,0.0002,0.3350,0.003,-0.255
13.387,-0.1203,0.0002,0.3298,0.000,-0.269
13.420,-0.1203,0.0002,0.3200,0.000,-0.296
13.454,-0.1204,0.0001,0.3089,-0.002,-0.329
13.484,-0.1204,0.0001,0.2978,0.000,-0.376
13.588,-0.1204,0.0001,0.2586,0.000,-0.376
13.595,-0.1204,0.0001,0.2559,0.001,-0.375
13.606,-0.1204,0.0001,0.2519,0.001,-0.375
13.613,-0.1204,0.0002,0.2492,0.001,-0.375
13.622,-0.1204,0.0002,0.2459,0.000,-0.375
13.630,-0.1204,0.0002,0.2427,0.000,-0.375
13.639,-0.1204,0.0002,0.2394,0.000,-0.383
13.647,-0.1204,0.0002,0.2364,0.000,-0.383
13.654,-0.1204,0.0002,0.2336,0.000,-0.383
13.663,-0.1203,0.0002,0.2302,0.002,-0.390
13.671,-0.1203,0.0002,0.2271,0.002,-0.390
13.678,-0.1203,0.0002,0.2242,0.001,-0.397
13.686,-0.1203,0.0002,0.2212,0.001,-0.397
13.693,-0.1203,0.0002,0.2181,0.001,-0.397
13.701,-0.1203,0.0002,0.2151,0.000,-0.400
13.708,-0.1203,0.0002,0.2121,0.000,-0.400
13.716,-0.1203,0.0002,0.2092,0.000,-0.403
13.723,-0.1203,0.0002,0.2060,0.000,-0.403
13.731,-0.1203,0.0002,0.2029,0.000,-0.403
13.738,-0.1203,0.0002,0.1999,0.000,-0.406
13.747,-0.1203,0.0002,0.1964,0.000,-0.406
13.755,-0.1203,0.0002,0.1933,-0.001,-0.406
13.765,-0.1203,0.0002,0.1890,-0.001,-0.406
13.774,-0.1203,0.0002,0.1857,-0.001,-0.406
13.782,-0.1203,0.0002,0.1824,-0.001,-0.405
13.789,-0.1203,0.0002,0.1794,-0.001,-0.405
13.797,-0.1203,0.0002,0.1762,0.000,-0.402
13.806,-0.1203,0.0002,0.1728,0.000,-0.402
13.813,-0.1203,0.0002,0.1697,0.000,-0.402
13.821,-0.1203,0.0002,0.1667,0.001,-0.393
13.829,-0.1203,0.0002,0.1634,0.001,-0.393
13.837,-0.1203,0.0002,0.1605,0.000,-0.388
13.845,-0.1203,0.0002,0.1572,0.000,-0.388
13.853,-0.1203,0.0002,0.1543,0.000,-0.388
13.860,-0.1203,0.0002,0.1515,0.000,-0.379
13.868,-0.1203,0.0002,0.1486,0.000,-0.379
13.875,-0.1203,0.0002,0.1460,0.000,-0.368
13.885,-0.1203,0.0002,0.1422,0.000,-0.368
13.893,-0.1203,0.0002,0.1394,0.000,-0.368
13.901,-0.1203,0.0002,0.1363,0.000,-0.361
13.909,-0.1203,0.0002,0.1336,0.000,-0.361
13.917,-0.1203,0.0002,0.1307,0.000,-0.353
13.926,-0.1203,0.0002,0.1274,0.000,-0.353
13.934,-0.1203,0.0002,0.1248,0.000,-0.353
13.942,-0.1203,0.0002,0.1221,0.000,-0.342
13.949,-0.1203,0.0002,0.1195,0.000,-0.342
13.958,-0.1203,0.0002,0.1166,0.000,-0.332
13.965,-0.1203,0.0002,0.1141,0.000,-0.332
13.973,-0.1203,0.0002,0.1115,0.000,-0.332
13.982,-0.1203,0.0002,0.1089,0.001,-0.316
13.989,-0.1203,0.0002,0.1065,0.001,-0.316
13.997,-0.1203,0.0002,0.1041,0.000,-0.303
14.006,-0.1203,0.0002,0.1015,0.000,-0.303
14.013,-0.1203,0.0002,0.0992,0.000,-0.303
14.020,-0.1203,0.0002,0.0971,0.000,-0.296
14.029,-0.1203,0.0002,0.0945,0.000,-0.296
14.037,-0.1203,0.0002,0.0922,0.001,-0.286
14.046,-0.1203,0.0002,0.0898,0.001,-0.286
14.053,-0.1203,0.0002,0.0877,0.001,-0.286
14.060,-0.1203,0.0002,0.0857,0.001,-0.274
14.068,-0.1203,0.0002,0.0835,0.001,-0.274
14.075,-0.1203,0.0002,0.0816,0.000,-0.268
14.085,-0.1203,0.0002,0.0790,0.000,-0.268
14.092,-0.1203,0.0002,0.0770,0.000,-0.268
14.100,-0.1203,0.0002,0.0751,0.000,-0.262
14.107,-0.1203,0.0002,0.0731,0.000,-0.262
14.115,-0.1203,0.0002,0.0712,0.000,-0.252
14.124,-0.1203,0.0002,0.0690,0.000,-0.252
14.131,-0.1203,0.0002,0.0671,0.000,-0.252
14.138,-0.1203,0.0002,0.0654,0.000,-0.244
14.146,-0.1203,0.0002,0.0636,0.000,-0.244
14.153,-0.1203,0.0002,0.0618,0.000,-0.244
14.160,-0.1203,0.0002,0.0600,0.000,-0.233
14.168,-0.1203,0.0002,0.0583,0.000,-0.233
14.176,-0.1203,0.0002,0.0566,0.000,-0.219
14.184,-0.1203,0.0002,0.0548,0.000,-0.219
14.191,-0.1203,0.0002,0.0532,0.000,-0.219
14.198,-0.1203,0.0002,0.0517,0.000,-0.210
14.206,-0.1203,0.0002,0.0500,0.000,-0.210
14.214,-0.1203,0.0002,0.0484,0.000,-0.210
14.221,-0.1203,0.0002,0.0470,0.000,-0.197
14.229,-0.1203,0.0002,0.0454,0.000,-0.197
14.239,-0.1203,0.0002,0.0436,0.000,-0.185
14.247,-0.1203,0.0002,0.0421,0.000,-0.185
14.255,-0.1203,0.0002,0.0407,0.000,-0.185
14.264,-0.1203,0.0002,0.0391,0.000,-0.178
14.271,-0.1203,0.0002,0.0378,0.000,-0.178
14.278,-0.1203,0.0002,0.0366,0.001,-0.168
14.286,-0.1203,0.0002,0.0352,0.001,-0.168
14.294,-0.1203,0.0002,0.0339,0.001,-0.168
14.302,-0.1202,0.0002,0.0327,0.001,-0.159
14.309,-0.1202,0.0002,0.0315,0.001,-0.159
14.316,-0.1202,0.0002,0.0304,0.000,-0.151
14.325,-0.1202,0.0002,0.0292,0.000,-0.151
14.332,-0.1202,0.0002,0.0281,0.000,-0.151
14.339,-0.1202,0.0002,0.0270,0.000,-0.142
14.347,-0.1202,0.0002,0.0260,0.000,-0.142
14.354,-0.1202,0.0002,0.0249,0.000,-0.142
14.362,-0.1202,0.0002,0.0239,0.000,-0.130
14.369,-0.1202,0.0002,0.0230,0.000,-0.130
14.377,-0.1202,0.0002,0.0220,-0.001,-0.123
14.385,-0.1203,0.0002,0.0210,-0.001,-0.123
14.393,-0.1203,0.0002,0.0200,-0.001,-0.123
14.400,-0.1203,0.0002,0.0192,0.000,-0.110
14.407,-0.1203,0.0002,0.0185,0.000,-0.110
14.415,-0.1203,0.0002,0.0176,0.000,-0.110
14.423,-0.1203,0.0002,0.0168,0.000,-0.099
14.433,-0.1203,0.0002,0.0158,0.000,-0.099
14.441,-0.1203,0.0002,0.0151,-0.001,-0.090
14.450,-0.1203,0.0002,0.0143,-0.001,-0.090
14.453,-0.1203,0.0002,0.0140,-0.001,-0.090
14.455,-0.1203,0.0002,0.0139,0.000,-0.045
14.558,-0.1203,0.0002,0.0094,0.000,-0.044
14.565,-0.1203,0.0002,0.0091,0.000,-0.044
14.572,-0.1203,0.0002,0.0088,0.000,-0.044
14.580,-0.1203,0.0002,0.0085,0.000,-0.044
14.588,-0.1203,0.0002,0.0081,0.000,-0.044
14.596,-0.1203,0.0002,0.0078,0.000,-0.037
14.605,-0.1203,0.0002,0.0075,0.000,-0.037
14.613,-0.1203,0.0002,0.0072,0.000,-0.037
14.622,-0.1203,0.0002,0.0070,0.001,-0.017
14.631,-0.1203,0.0002,0.0069,0.001,-0.017
14.643,-0.1203,0.0002,0.0081,-0.003,0.103
14.651,-0.1203,0.0002,0.0090,-0.003,0.103
14.658,-0.1204,0.0002,0.0097,-0.015,0.102
14.665,-0.1205,0.0002,0.0104,-0.015,0.102
14.672,-0.1206,0.0002,0.0111,-0.015,0.102
14.679,-0.1207,0.0002,0.0116,-0.012,0.069
14.686,-0.1208,0.0002,0.0121,-0.012,0.069
14.693,-0.1209,0.0002,0.0126,-0.012,0.069
14.701,-0.1209,0.0002,0.0128,-0.001,0.038
14.708,-0.1209,0.0002,0.0131,-0.001,0.038
14.716,-0.1209,0.0002,0.0134,0.000,0.040
14.724,-0.1209,0.0002,0.0138,0.000,0.040
14.732,-0.1209,0.0002,0.0141,0.000,0.040
14.740,-0.1209,0.0002,0.0143,0.000,0.028
14.748,-0.1209,0.0002,0.0145,0.000,0.028
14.756,-0.1209,0.0002,0.0146,-0.001,0.010
14.765,-0.1209,0.0002,0.0147,-0.001,0.010
14.772,-0.1209,0.0002,0.0148,-0.001,0.010
14.780,-0.1209,0.0002,0.0148,0.000,0.002
14.787,-0.1209,0.0002,0.0148,0.000,0.000
14.849,-0.1209,0.0002,0.0148,0.000,0.000
14.856,-0.1209,0.0002,0.0148,0.000,0.000
14.864,-0.1209,0.0002,0.0148,0.000,0.000
14.871,-0.1209,0.0002,0.0148,0.000,0.000
14.877,-0.1209,0.0002,0.0148,0.000,0.000
14.884,-0.1209,0.0002,0.0148,0.000,0.000
14.891,-0.1209,0.0002,0.0148,0.000,0.000
14.898,-0.1209,0.0002,0.0148,0.000,0.000
14.905,-0.1209,0.0002,0.0148,0.000,0.000
14.913,-0.1209,0.0002,0.0148,0.000,0.000
14.920,-0.1209,0.0002,0.0148,0.000,0.000
14.928,-0.1209,0.0002,0.0148,0.000,0.000
14.936,-0.1209,0.0002,0.0148,0.000,0.000
14.945,-0.1209,0.0002,0.0148,0.000,0.000
14.952,-0.1209,0.0002,0.0148,0.000,0.000
14.955,-0.1209,0.0002,0.0148,0.000,0.000
14.985,-0.1209,0.0002,0.0148,0.000,0.000
15.031,-0.1209,0.0002,0.0148,0.000,0.000
15.077,-0.1209,0.0002,0.0148,0.000,0.000
15.120,-0.1209,0.0002,0.0148,0.000,0.000
15.123,-0.1209,0.0002,0.0148,0.000,0.002
15.138,-0.1209,0.0002,0.0159,0.000,0.071
15.243,-0.1209,0.0002,0.0237,0.000,0.075
15.251,-0.1209,0.0002,0.0244,0.000,0.075
15.259,-0.1209,0.0002,0.0250,0.000,0.077
15.268,-0.1209,0.0002,0.0256,0.000,0.077
15.271,-0.1209,0.0002,0.0259,0.000,0.077
15.273,-0.1209,0.0002,0.0262,0.000,0.144
15.378,-0.1209,0.0002,0.0418,0.000,0.150
15.387,-0.1209,0.0002,0.0432,0.000,0.150
15.394,-0.1209,0.0002,0.0443,0.000,0.150
15.402,-0.1209,0.0002,0.0455,0.000,0.151
15.410,-0.1209,0.0002,0.0466,0.000,0.151
15.418,-0.1209,0.0002,0.0479,0.000,0.147
15.426,-0.1209,0.0002,0.0490,0.000,0.147
15.433,-0.1209,0.0002,0.0501,0.000,0.147
15.442,-0.1209,0.0002,0.0512,-0.002,0.125
15.450,-0.1210,0.0002,0.0522,-0.002,0.125
15.457,-0.1210,0.0002,0.0530,0.000,0.107
15.464,-0.1210,0.0002,0.0538,0.000,0.107
15.472,-0.1210,0.0002,0.0546,0.000,0.107
15.479,-0.1210,0.0002,0.0552,0.000,0.088
15.487,-0.1210,0.0002,0.0559,0.000,0.088
15.494,-0.1210,0.0002,0.0565,0.000,0.088
15.502,-0.1210,0.0002,0.0571,0.000,0.072
15.509,-0.1210,0.0002,0.0576,0.000,0.072
15.517,-0.1210,0.0002,0.0581,0.000,0.064
15.526,-0.1210,0.0002,0.0587,0.000,0.064
15.534,-0.1210,0.0002,0.0592,0.000,0.064
15.542,-0.1210,0.0002,0.0596,0.000,0.053
15.549,-0.1210,0.0002,0.0600,0.000,0.053
15.557,-0.1210,0.0002,0.0603,0.000,0.040
15.566,-0.1210,0.0002,0.0607,0.000,0.040
15.573,-0.1210,0.0002,0.0609,0.000,0.040
15.581,-0.1210,0.0002,0.0612,0.000,0.033
15.589,-0.1210,0.0002,0.0615,0.000,0.033
15.596,-0.1210,0.0002,0.0616,0.000,0.022
15.604,-0.1210,0.0002,0.0618,0.000,0.022
15.612,-0.1210,0.0002,0.0620,0.000,0.022
15.619,-0.1210,0.0002,0.0620,-0.001,0.009
15.626,-0.1210,0.0002,0.0621,-0.001,0.009
15.634,-0.1210,0.0002,0.0622,-0.001,0.009
15.641,-0.1210,0.0002,0.0622,0.000,0.003
15.649,-0.1210,0.0002,0.0622,0.000,0.003
15.657,-0.1210,0.0002,0.0622,0.000,0.000
15.666,-0.1210,0.0002,0.0622,0.000,0.000
15.675,-0.1210,0.0002,0.0622,0.000,0.000
15.684,-0.1210,0.0002,0.0622,0.000,0.000
15.693,-0.1210,0.0002,0.0622,0.000,0.000
15.701,-0.1210,0.0002,0.0622,0.000,0.000
15.709,-0.1210,0.0002,0.0622,0.000,0.000
15.716,-0.1210,0.0002,0.0622,0.000,0.000
15.724,-0.1210,0.0002,0.0622,0.000,0.000
15.732,-0.1210,0.0002,0.0622,0.000,0.000
15.739,-0.1210,0.0002,0.0622,0.000,0.000
15.747,-0.1210,0.0002,0.0622,0.000,0.000
15.755,-0.1210,0.0002,0.0622,0.000,0.000
15.762,-0.1210,0.0002,0.0622,0.000,0.000
15.770,-0.1210,0.0002,0.0622,0.000,0.000
15.778,-0.1210,0.0002,0.0622,0.000,0.000
15.786,-0.1210,0.0002,0.0622,0.000,0.000
15.794,-0.1210,0.0002,0.0622,0.000,0.000
15.802,-0.1210,0.0002,0.0622,0.000,0.000
15.809,-0.1210,0.0002,0.0622,0.000,0.000
15.817,-0.1210,0.0002,0.0622,0.000,0.000
15.826,-0.1210,0.0002,0.0622,0.000,0.000
15.833,-0.1210,0.0002,0.0622,0.000,0.000
15.840,-0.1210,0.0002,0.0622,0.000,0.000
15.849,-0.1210,0.0002,0.0622,0.000,0.000
15.856,-0.1210,0.0002,0.0622,0.000,0.000
15.863,-0.1210,0.0002,0.0622,0.000,0.000
15.870,-0.1210,0.0002,0.0622,0.000,0.000
15.878,-0.1210,0.0002,0.0622,0.000,0.000
15.885,-0.1210,0.0002,0.0622,0.000,0.000
15.892,-0.1210,0.0002,0.0622,0.000,0.000
15.899,-0.1210,0.0002,0.0622,0.000,0.000
15.907,-0.1210,0.0002,0.0622,0.000,0.000
15.914,-0.1210,0.0002,0.0622,0.000,0.000
15.921,-0.1210,0.0002,0.0622,0.000,0.000
15.928,-0.1210,0.0002,0.0622,0.000,0.000
15.935,-0.1210,0.0002,0.0622,0.000,0.000
15.943,-0.1210,0.0002,0.0622,0.000,0.000
15.951,-0.1210,0.0002,0.0622,0.000,0.000
15.958,-0.1210,0.0002,0.0622,0.000,0.000
15.966,-0.1210,0.0002,0.0622,0.000,0.000
15.973,-0.1210,0.0002,0.0622,0.000,0.000
15.980,-0.1210,0.0002,0.0622,0.000,0.000
15.989,-0.1210,0.0002,0.0622,0.000,0.000
15.998,-0.1210,0.0002,0.0622,0.000,0.000
16.005,-0.1210,0.0002,0.0622,0.000,0.000
16.013,-0.1210,0.0002,0.0622,0.000,0.000
16.022,-0.1210,0.0002,0.0622,0.000,0.000
16.030,-0.1210,0.0002,0.0622,0.000,0.000
16.037,-0.1210,0.0002,0.0622,0.000,0.000
16.046,-0.1210,0.0002,0.0622,0.000,0.000
16.054,-0.1210,0.0002,0.0622,0.000,0.000
16.061,-0.1210,0.0002,0.0622,0.000,0.000
16.069,-0.1210,0.0002,0.0622,0.000,0.000
16.076,-0.1210,0.0002,0.0622,0.000,0.000
16.085,-0.1210,0.0002,0.0622,0.000,0.000
16.092,-0.1210,0.0002,0.0622,0.000,0.000
16.100,-0.1210,0.0002,0.0622,0.000,0.000
16.108,-0.1210,0.0002,0.0622,0.000,0.000
16.115,-0.1210,0.0002,0.0622,0.000,0.000
16.123,-0.1210,0.0002,0.0622,0.000,0.000
16.130,-0.1210,0.0002,0.0622,0.000,0.000
16.137,-0.1210,0.0002,0.0622,0.000,0.000
16.146,-0.1210,0.0002,0.0622,0.000,0.000
16.155,-0.1210,0.0002,0.0622,0.000,0.000
16.163,-0.1210,0.0002,0.0622,0.000,0.000
16.170,-0.1210,0.0002,0.0622,0.000,0.000
16.177,-0.1210,0.0002,0.0622,0.000,0.000
16.188,-0.1210,0.0002,0.0622,0.000,0.000
16.195,-0.1210,0.0002,0.0622,0.000,0.000
16.203,-0.1210,0.0002,0.0622,0.000,0.000
16.211,-0.1210,0.0002,0.0622,0.000,0.000
16.219,-0.1210,0.0002,0.0622,0.000,0.000
16.226,-0.1210,0.0002,0.0622,0.000,0.000
16.234,-0.1210,0.0002,0.0622,0.000,0.000
16.241,-0.1210,0.0002,0.0622,0.000,0.000
16.248,-0.1210,0.0002,0.0622,0.000,0.000
16.256,-0.1210,0.0002,0.0622,0.000,0.000
16.265,-0.1210,0.0002,0.0622,0.000,0.000
16.274,-0.1210,0.0002,0.0622,0.000,0.000
16.281,-0.1210,0.0002,0.0622,0.000,0.000
16.288,-0.1210,0.0002,0.0622,0.000,0.000
16.295,-0.1210,0.0002,0.0622,0.000,0.000
16.301,-0.1210,0.0002,0.0622,0.000,0.000
16.308,-0.1210,0.0002,0.0622,0.000,0.000
16.314,-0.1210,0.0002,0.0622,0.000,0.000
16.322,-0.1210,0.0002,0.0622,0.000,0.000
16.330,-0.1210,0.0002,0.0622,0.000,0.000
16.338,-0.1210,0.0002,0.0622,0.000,0.000
16.345,-0.1210,0.0002,0.0622,0.000,0.000
16.352,-0.1210,0.0002,0.0622,0.000,0.000
16.359,-0.1210,0.0002,0.0622,0.000,0.000
16.366,-0.1210,0.0002,0.0622,0.000,0.000
16.373,-0.1210,0.0002,0.0622,0.000,0.000
16.380,-0.1210,0.0002,0.0622,0.000,0.000
16.382,-0.1210,0.0002,0.0622,0.000,0.000
16.385,-0.1210,0.0002,0.0622,0.000,0.000
16.489,-0.1210,0.0002,0.0622,0.000,0.000
16.496,-0.1210,0.0002,0.0622,0.000,0.000
16.503,-0.1210,0.0002,0.0622,0.000,0.000
16.510,-0.1210,0.0002,0.0622,0.000,0.000
16.517,-0.1210,0.0002,0.0622,0.000,0.000
16.525,-0.1210,0.0002,0.0622,0.000,0.000
16.533,-0.1210,0.0002,0.0622,0.000,0.000
16.543,-0.1210,0.0002,0.0622,0.000,0.000
16.552,-0.1210,0.0002,0.0622,0.000,0.000
16.560,-0.1210,0.0002,0.0622,0.000,-0.008
16.568,-0.1210,0.0002,0.0621,0.000,-0.008
16.576,-0.1210,0.0002,0.0618,-0.001,-0.038
16.584,-0.1210,0.0002,0.0615,-0.001,-0.038
16.592,-0.1210,0.0002,0.0612,-0.001,-0.038
16.600,-0.1210,0.0002,0.0607,0.000,-0.056
16.608,-0.1210,0.0002,0.0603,0.000,-0.056
16.615,-0.1210,0.0002,0.0598,-0.001,-0.074
16.624,-0.1210,0.0002,0.0592,-0.001,-0.074
16.631,-0.1210,0.0002,0.0586,-0.001,-0.074
16.639,-0.1210,0.0002,0.0579,0.000,-0.091
16.646,-0.1210,0.0002,0.0572,0.000,-0.091
16.654,-0.1210,0.0002,0.0565,0.000,-0.091
16.662,-0.1210,0.0002,0.0557,0.000,-0.100
16.669,-0.1210,0.0002,0.0550,0.000,-0.100
16.677,-0.1210,0.0002,0.0541,0.000,-0.110
16.685,-0.1210,0.0002,0.0532,0.000,-0.110
16.693,-0.1210,0.0002,0.0524,0.000,-0.110
16.702,-0.1210,0.0002,0.0513,0.000,-0.122
16.710,-0.1210,0.0002,0.0503,0.000,-0.122
16.717,-0.1210,0.0002,0.0493,0.000,-0.130
16.725,-0.1210,0.0002,0.0484,0.000,-0.130
16.733,-0.1210,0.0002,0.0473,0.000,-0.130
16.740,-0.1210,0.0002,0.0463,0.000,-0.139
16.748,-0.1210,0.0002,0.0452,0.000,-0.139
16.756,-0.1210,0.0002,0.0441,0.000,-0.137
16.765,-0.1210,0.0002,0.0429,0.000,-0.137
16.772,-0.1210,0.0002,0.0419,0.000,-0.137
16.780,-0.1210,0.0002,0.0408,0.000,-0.131
16.787,-0.1210,0.0002,0.0399,0.000,-0.131
16.796,-0.1210,0.0002,0.0388,0.000,-0.131
16.804,-0.1210,0.0002,0.0378,0.000,-0.121
16.812,-0.1210,0.0002,0.0369,0.000,-0.121
16.820,-0.1210,0.0002,0.0361,0.000,-0.106
16.827,-0.1210,0.0002,0.0353,0.000,-0.106
16.834,-0.1210,0.0002,0.0345,0.000,-0.106
16.842,-0.1210,0.0002,0.0337,-0.001,-0.097
16.850,-0.1211,0.0002,0.0330,-0.001,-0.097
16.859,-0.1211,0.0002,0.0321,-0.002,-0.089
16.867,-0.1211,0.0002,0.0315,-0.002,-0.089
16.874,-0.1211,0.0001,0.0309,-0.002,-0.089
16.881,-0.1211,0.0001,0.0303,-0.002,-0.074
16.890,-0.1211,0.0001,0.0297,-0.002,-0.074
16.893,-0.1211,0.0001,0.0294,-0.002,-0.074
16.895,-0.1211,0.0001,0.0294,0.003,-0.037
16.998,-0.1209,0.0002,0.0260,0.002,-0.033
17.005,-0.1209,0.0002,0.0257,0.002,-0.033
17.013,-0.1209,0.0002,0.0255,0.002,-0.033
17.021,-0.1209,0.0002,0.0252,0.002,-0.034
17.030,-0.1209,0.0002,0.0249,0.002,-0.034
17.037,-0.1209,0.0002,0.0246,0.001,-0.036
17.046,-0.1208,0.0002,0.0243,0.001,-0.036
17.054,-0.1208,0.0002,0.0240,0.001,-0.036
17.062,-0.1208,0.0002,0.0236,-0.001,-0.054
17.070,-0.1209,0.0002,0.0231,-0.001,-0.054
17.078,-0.1209,0.0002,0.0226,-0.001,-0.068
17.086,-0.1209,0.0002,0.0221,-0.001,-0.068
17.097,-0.1209,0.0002,0.0211,-0.003,-0.083
17.105,-0.1209,0.0002,0.0205,-0.003,-0.083
17.112,-0.1209,0.0002,0.0199,-0.003,-0.083
17.120,-0.1210,0.0002,0.0191,-0.001,-0.103
17.128,-0.1210,0.0002,0.0183,-0.001,-0.103
17.136,-0.1210,0.0002,0.0174,0.000,-0.111
17.144,-0.1210,0.0002,0.0165,0.000,-0.111
17.152,-0.1210,0.0002,0.0156,0.000,-0.111
17.159,-0.1210,0.0002,0.0147,-0.002,-0.124
17.167,-0.1210,0.0002,0.0138,-0.002,-0.124
17.174,-0.1210,0.0002,0.0129,-0.002,-0.124
17.181,-0.1210,0.0002,0.0118,-0.002,-0.141
17.189,-0.1210,0.0002,0.0107,-0.002,-0.141
17.197,-0.1210,0.0002,0.0096,-0.001,-0.151
17.205,-0.1211,0.0002,0.0084,-0.001,-0.151
17.213,-0.1211,0.0002,0.0072,-0.001,-0.151
17.220,-0.1211,0.0002,0.0060,-0.001,-0.164
17.228,-0.1211,0.0002,0.0048,-0.001,-0.164
17.235,-0.1211,0.0002,0.0035,-0.001,-0.164
17.243,-0.1211,0.0002,0.0021,0.000,-0.177
17.251,-0.1211,0.0002,0.0008,0.000,-0.177
17.260,-0.1211,0.0002,-0.0009,0.000,-0.182
17.267,-0.1211,0.0002,-0.0022,0.000,-0.182
17.275,-0.1211,0.0002,-0.0036,0.000,-0.182
17.282,-0.1211,0.0002,-0.0049,0.000,-0.182
17.289,-0.1211,0.0002,-0.0063,0.000,-0.182
17.297,-0.1211,0.0002,-0.0075,0.000,-0.175
17.305,-0.1211,0.0002,-0.0089,0.000,-0.175
17.314,-0.1211,0.0002,-0.0105,0.000,-0.175
17.321,-0.1211,0.0002,-0.0117,0.000,-0.167
17.329,-0.1211,0.0002,-0.0131,0.000,-0.167
17.337,-0.1211,0.0002,-0.0143,0.001,-0.155
17.345,-0.1211,0.0002,-0.0155,0.001,-0.155
17.351,-0.1211,0.0002,-0.0165,0.001,-0.155
17.359,-0.1211,0.0002,-0.0176,0.001,-0.142
17.367,-0.1210,0.0002,-0.0187,0.001,-0.142
17.374,-0.1210,0.0002,-0.0198,0.001,-0.142
17.382,-0.1210,0.0002,-0.0208,0.000,-0.133
17.390,-0.1210,0.0002,-0.0218,0.000,-0.133
17.398,-0.1210,0.0002,-0.0228,0.001,-0.120
17.405,-0.1210,0.0002,-0.0237,0.001,-0.120
17.414,-0.1210,0.0002,-0.0247,0.001,-0.120
17.421,-0.1210,0.0002,-0.0255,0.001,-0.108
17.428,-0.1210,0.0002,-0.0263,0.001,-0.108
17.436,-0.1210,0.0002,-0.0271,0.000,-0.102
17.443,-0.1210,0.0002,-0.0278,0.000,-0.102
17.451,-0.1210,0.0002,-0.0286,0.000,-0.102
17.458,-0.1210,0.0002,-0.0293,0.000,-0.091
17.466,-0.1210,0.0002,-0.0300,0.000,-0.091
17.474,-0.1210,0.0002,-0.0307,0.000,-0.091
17.482,-0.1210,0.0002,-0.0313,0.000,-0.081
17.489,-0.1210,0.0002,-0.0320,0.000,-0.081
17.497,-0.1210,0.0002,-0.0325,0.000,-0.073
17.505,-0.1210,0.0002,-0.0331,0.000,-0.073
17.512,-0.1210,0.0002,-0.0336,0.000,-0.073
17.519,-0.1210,0.0002,-0.0341,0.000,-0.062
17.527,-0.1210,0.0002,-0.0345,0.000,-0.062
17.535,-0.1210,0.0002,-0.0350,0.000,-0.062
17.543,-0.1210,0.0002,-0.0354,0.000,-0.047
17.550,-0.1210,0.0002,-0.0358,0.000,-0.047
17.558,-0.1210,0.0002,-0.0361,-0.001,-0.039
17.567,-0.1210,0.0002,-0.0364,-0.001,-0.039
17.576,-0.1210,0.0002,-0.0367,0.000,-0.030
17.585,-0.1210,0.0002,-0.0369,0.000,-0.030
17.593,-0.1210,0.0002,-0.0372,0.000,-0.030
17.600,-0.1210,0.0002,-0.0373,0.000,-0.021
17.609,-0.1210,0.0002,-0.0375,0.000,-0.021
17.616,-0.1210,0.0002,-0.0377,0.000,-0.021
17.623,-0.1210,0.0002,-0.0377,0.001,-0.010
17.631,-0.1210,0.0002,-0.0378,0.001,-0.010
17.638,-0.1210,0.0002,-0.0371,-0.001,0.100
17.646,-0.1210,0.0002,-0.0363,-0.001,0.100
17.653,-0.1210,0.0002,-0.0356,-0.001,0.100
17.661,-0.1211,0.0002,-0.0347,-0.015,0.117
17.668,-0.1212,0.0002,-0.0338,-0.015,0.117
17.676,-0.1214,0.0002,-0.0331,-0.014,0.091
17.684,-0.1215,0.0002,-0.0324,-0.014,0.091
17.691,-0.1216,0.0002,-0.0318,-0.014,0.091
17.698,-0.1216,0.0002,-0.0313,-0.005,0.058
17.706,-0.1216,0.0002,-0.0309,-0.005,0.058
17.713,-0.1217,0.0002,-0.0305,-0.005,0.058
17.720,-0.1217,0.0002,-0.0301,-0.003,0.052
17.728,-0.1217,0.0002,-0.0297,-0.003,0.052
17.736,-0.1217,0.0002,-0.0293,-0.003,0.052
17.743,-0.1217,0.0002,-0.0291,0.000,0.032
17.750,-0.1217,0.0002,-0.0288,0.000,0.032
17.757,-0.1217,0.0002,-0.0288,-0.001,0.012
17.766,-0.1218,0.0002,-0.0286,-0.001,0.012
17.774,-0.1218,0.0002,-0.0286,-0.001,0.012
17.781,-0.1218,0.0002,-0.0285,0.000,0.002
17.789,-0.1218,0.0002,-0.0285,0.000,0.002
17.797,-0.1218,0.0002,-0.0285,0.000,0.000
17.805,-0.1218,0.0002,-0.0285,0.000,0.000
17.813,-0.1218,0.0002,-0.0285,0.000,0.000
17.820,-0.1218,0.0002,-0.0285,0.000,0.000
17.828,-0.1218,0.0002,-0.0285,0.000,0.000
17.836,-0.1218,0.0002,-0.0285,0.000,0.000
17.844,-0.1218,0.0002,-0.0285,0.000,0.000
17.851,-0.1218,0.0002,-0.0285,0.000,0.000
17.858,-0.1218,0.0002,-0.0285,0.000,0.000
17.867,-0.1218,0.0002,-0.0285,0.000,0.000
17.874,-0.1218,0.0002,-0.0285,0.000,0.000
17.883,-0.1218,0.0002,-0.0285,0.000,0.000
17.890,-0.1218,0.0002,-0.0285,0.000,0.000
17.897,-0.1218,0.0002,-0.0285,0.000,0.000
17.906,-0.1218,0.0002,-0.0285,0.000,0.000
17.913,-0.1218,0.0002,-0.0285,0.000,0.000
17.919,-0.1218,0.0002,-0.0285,0.000,0.000
17.926,-0.1218,0.0002,-0.0285,0.000,0.000
17.932,-0.1218,0.0002,-0.0285,0.000,0.000
17.940,-0.1218,0.0002,-0.0285,0.000,0.000
17.948,-0.1218,0.0002,-0.0285,0.000,0.000
17.955,-0.1218,0.0002,-0.0285,0.000,0.000
17.962,-0.1218,0.0002,-0.0285,0.000,0.000
17.967,-0.1218,0.0002,-0.0285,0.000,0.000
17.969,-0.1218,0.0002,-0.0285,0.000,0.000
18.073,-0.1218,0.0002,-0.0285,0.000,0.000
18.080,-0.1218,0.0002,-0.0285,0.000,0.000
18.088,-0.1218,0.0002,-0.0285,0.000,0.000
18.097,-0.1218,0.0002,-0.0285,0.000,0.000
18.106,-0.1218,0.0002,-0.0285,0.000,0.000
18.113,-0.1218,0.0002,-0.0285,0.000,0.000
18.121,-0.1218,0.0002,-0.0285,0.000,0.000
18.128,-0.1218,0.0002,-0.0285,0.000,0.000
18.136,-0.1218,0.0002,-0.0285,0.000,0.000
18.143,-0.1218,0.0002,-0.0285,0.000,-0.002
18.151,-0.1218,0.0002,-0.0286,0.000,-0.002
18.158,-0.1218,0.0002,-0.0287,0.001,-0.014
18.166,-0.1218,0.0002,-0.0288,0.001,-0.014
18.173,-0.1217,0.0002,-0.0289,0.001,-0.014
18.180,-0.1217,0.0002,-0.0292,0.000,-0.039
18.188,-0.1217,0.0002,-0.0295,0.000,-0.039
18.195,-0.1217,0.0002,-0.0299,0.000,-0.058
18.204,-0.1217,0.0002,-0.0304,0.000,-0.058
18.212,-0.1217,0.0002,-0.0309,0.000,-0.058
18.220,-0.1217,0.0002,-0.0314,0.000,-0.067
18.228,-0.1217,0.0002,-0.0319,0.000,-0.067
18.236,-0.1217,0.0002,-0.0324,0.000,-0.067
18.244,-0.1218,0.0002,-0.0331,-0.001,-0.079
18.251,-0.1218,0.0002,-0.0336,-0.001,-0.079
18.258,-0.1218,0.0002,-0.0343,0.000,-0.094
18.267,-0.1218,0.0002,-0.0351,0.000,-0.094
18.275,-0.1218,0.0002,-0.0359,0.000,-0.094
18.283,-0.1218,0.0002,-0.0368,0.001,-0.104
18.291,-0.1217,0.0002,-0.0376,0.001,-0.104
18.298,-0.1218,0.0002,-0.0384,-0.001,-0.115
18.306,-0.1218,0.0002,-0.0393,-0.001,-0.115
18.313,-0.1218,0.0002,-0.0401,-0.001,-0.115
18.321,-0.1218,0.0002,-0.0411,0.000,-0.128
18.329,-0.1218,0.0002,-0.0421,0.000,-0.128
18.338,-0.1218,0.0002,-0.0433,0.000,-0.129
18.346,-0.1218,0.0002,-0.0443,0.000,-0.129
18.353,-0.1218,0.0002,-0.0453,0.000,-0.129
18.361,-0.1218,0.0002,-0.0462,-0.001,-0.129
18.368,-0.1218,0.0002,-0.0472,-0.001,-0.129
18.376,-0.1218,0.0002,-0.0482,-0.001,-0.129
18.383,-0.1218,0.0002,-0.0491,0.000,-0.122
18.390,-0.1218,0.0002,-0.0499,0.000,-0.122
18.397,-0.1218,0.0002,-0.0508,-0.001,-0.117
18.405,-0.1218,0.0002,-0.0517,-0.001,-0.117
18.413,-0.1218,0.0002,-0.0526,-0.001,-0.117
18.420,-0.1218,0.0002,-0.0533,0.000,-0.109
18.428,-0.1218,0.0002,-0.0543,0.000,-0.109
18.436,-0.1218,0.0002,-0.0551,0.000,-0.109
18.443,-0.1218,0.0002,-0.0558,0.000,-0.095
18.447,-0.1218,0.0002,-0.0562,0.000,-0.095
18.450,-0.1218,0.0002,-0.0564,0.000,-0.086
18.481,-0.1218,0.0002,-0.0583,0.001,-0.063
18.513,-0.1218,0.0002,-0.0601,0.000,-0.055
18.550,-0.1218,0.0002,-0.0611,-0.001,-0.026
18.653,-0.1219,0.0002,-0.0638,-0.001,-0.026
18.661,-0.1219,0.0002,-0.0639,-0.001,-0.022
18.669,-0.1219,0.0002,-0.0641,-0.001,-0.022
18.677,-0.1219,0.0002,-0.0643,-0.001,-0.020
18.686,-0.1220,0.0002,-0.0645,-0.001,-0.020
18.694,-0.1220,0.0002,-0.0646,-0.001,-0.020
18.701,-0.1220,0.0002,-0.0647,0.000,-0.018
18.709,-0.1220,0.0002,-0.0649,0.000,-0.018
18.717,-0.1220,0.0002,-0.0650,0.000,-0.009
18.725,-0.1220,0.0002,-0.0650,0.000,-0.009
18.733,-0.1220,0.0002,-0.0651,0.000,-0.009
18.742,-0.1220,0.0002,-0.0651,0.000,0.000
18.750,-0.1220,0.0002,-0.0651,0.000,0.000
18.758,-0.1220,0.0002,-0.0651,0.000,0.005
18.766,-0.1220,0.0002,-0.0650,0.000,0.005
18.773,-0.1220,0.0002,-0.0650,0.000,0.005
18.781,-0.1220,0.0002,-0.0648,0.001,0.029
18.788,-0.1219,0.0002,-0.0646,0.001,0.029
18.795,-0.1219,0.0002,-0.0644,0.001,0.029
18.802,-0.1219,0.0002,-0.0640,0.000,0.056
18.810,-0.1219,0.0002,-0.0635,0.000,0.056
18.817,-0.1219,0.0002,-0.0630,0.000,0.068
18.825,-0.1219,0.0002,-0.0625,0.000,0.068
18.833,-0.1219,0.0002,-0.0620,0.000,0.068
18.840,-0.1219,0.0002,-0.0613,0.000,0.083
18.848,-0.1219,0.0002,-0.0607,0.000,0.083
18.855,-0.1219,0.0002,-0.0601,0.000,0.083
18.862,-0.1219,0.0002,-0.0595,0.000,0.097
18.870,-0.1219,0.0002,-0.0587,0.000,0.097
18.877,-0.1219,0.0002,-0.0580,0.000,0.100
18.885,-0.1219,0.0002,-0.0572,0.000,0.100
18.893,-0.1219,0.0002,-0.0564,0.000,0.100
18.900,-0.1219,0.0002,-0.0557,0.000,0.098
18.907,-0.1219,0.0002,-0.0550,0.000,0.098
18.915,-0.1219,0.0002,-0.0543,0.000,0.098
18.922,-0.1219,0.0002,-0.0536,0.000,0.092
18.929,-0.1219,0.0002,-0.0529,0.000,0.092
18.936,-0.1219,0.0002,-0.0523,0.000,0.086
18.944,-0.1219,0.0002,-0.0517,0.000,0.086
18.951,-0.1219,0.0002,-0.0510,0.000,0.086
18.959,-0.1219,0.0002,-0.0505,0.000,0.079
18.966,-0.1219,0.0002,-0.0499,0.000,0.079
18.973,-0.1219,0.0002,-0.0493,0.000,0.079
18.980,-0.1219,0.0002,-0.0488,0.000,0.069
18.988,-0.1219,0.0002,-0.0483,0.000,0.069
18.996,-0.1219,0.0002,-0.0477,0.000,0.069
19.003,-0.1219,0.0002,-0.0473,0.000,0.061
19.011,-0.1219,0.0002,-0.0468,0.000,0.061
19.018,-0.1219,0.0002,-0.0465,0.000,0.051
19.025,-0.1219,0.0002,-0.0461,0.000,0.051
19.032,-0.1219,0.0002,-0.0457,0.000,0.051
19.041,-0.1219,0.0002,-0.0454,0.000,0.040
19.048,-0.1219,0.0002,-0.0451,0.000,0.040
19.055,-0.1219,0.0002,-0.0448,0.000,0.040
19.063,-0.1219,0.0002,-0.0446,0.001,0.033
19.071,-0.1219,0.0002,-0.0443,0.001,0.033
19.078,-0.1219,0.0002,-0.0441,0.000,0.024
19.085,-0.1219,0.0002,-0.0440,0.000,0.024
19.092,-0.1219,0.0002,-0.0438,0.000,0.024
19.099,-0.1219,0.0002,-0.0437,0.000,0.012
19.106,-0.1219,0.0002,-0.0436,0.000,0.012
19.114,-0.1219,0.0002,-0.0435,0.000,0.012
19.121,-0.1219,0.0002,-0.0435,0.000,0.006
19.128,-0.1219,0.0002,-0.0434,0.000,0.006
19.135,-0.1219,0.0002,-0.0434,0.000,0.006
19.143,-0.1219,0.0002,-0.0434,0.000,0.002
19.149,-0.1219,0.0002,-0.0434,0.000,0.002
19.157,-0.1219,0.0002,-0.0434,0.000,0.000
19.165,-0.1219,0.0002,-0.0434,0.000,0.000
19.172,-0.1219,0.0002,-0.0434,0.000,0.000
19.180,-0.1219,0.0002,-0.0434,0.000,0.000
19.190,-0.1219,0.0002,-0.0434,0.000,0.000
19.197,-0.1219,0.0002,-0.0434,0.000,0.000
19.205,-0.1219,0.0002,-0.0434,0.000,0.000
19.213,-0.1219,0.0002,-0.0434,0.000,0.000
19.220,-0.1219,0.0002,-0.0434,0.000,0.000
19.227,-0.1219,0.0002,-0.0434,0.000,0.000
19.235,-0.1219,0.0002,-0.0434,0.000,0.000
19.242,-0.1219,0.0002,-0.0434,0.000,0.000
19.250,-0.1219,0.0002,-0.0434,0.000,0.000
19.257,-0.1219,0.0002,-0.0434,0.000,0.000
19.265,-0.1219,0.0002,-0.0434,0.000,0.000
19.269,-0.1219,0.0002,-0.0434,0.000,0.000
19.272,-0.1219,0.0002,-0.0434,0.000,0.000
19.376,-0.1219,0.0002,-0.0434,0.000,0.000
19.384,-0.1219,0.0002,-0.0434,0.000,0.000
19.392,-0.1219,0.0002,-0.0434,0.000,0.000
19.400,-0.1219,0.0002,-0.0434,0.000,0.000
19.407,-0.1219,0.0002,-0.0434,0.000,0.000
19.414,-0.1219,0.0002,-0.0434,0.000,0.000
19.421,-0.1219,0.0002,-0.0434,0.000,0.000
19.430,-0.1219,0.0002,-0.0434,0.000,0.000
19.438,-0.1219,0.0002,-0.0434,0.000,-0.004
19.446,-0.1219,0.0002,-0.0434,0.000,-0.004
19.454,-0.1219,0.0002,-0.0435,0.000,-0.004
19.460,-0.1219,0.0002,-0.0437,-0.001,-0.031
19.468,-0.1219,0.0002,-0.0439,-0.001,-0.031
19.476,-0.1219,0.0002,-0.0443,0.000,-0.049
19.485,-0.1219,0.0002,-0.0447,0.000,-0.049
19.493,-0.1219,0.0002,-0.0451,0.000,-0.049
19.501,-0.1219,0.0002,-0.0457,-0.001,-0.066
19.509,-0.1220,0.0002,-0.0462,-0.001,-0.066
19.517,-0.1220,0.0002,-0.0468,0.000,-0.081
19.525,-0.1220,0.0002,-0.0475,0.000,-0.081
19.532,-0.1220,0.0002,-0.0481,0.000,-0.081
19.540,-0.1219,0.0002,-0.0488,0.001,-0.088
19.548,-0.1219,0.0002,-0.0495,0.001,-0.088
19.556,-0.1219,0.0002,-0.0501,0.001,-0.088
19.564,-0.1219,0.0002,-0.0509,0.000,-0.093
19.572,-0.1219,0.0002,-0.0517,0.000,-0.093
19.580,-0.1219,0.0002,-0.0524,0.000,-0.105
19.588,-0.1219,0.0002,-0.0534,0.000,-0.105
19.596,-0.1219,0.0002,-0.0541,0.000,-0.105
19.604,-0.1219,0.0002,-0.0550,0.001,-0.111
19.611,-0.1219,0.0002,-0.0559,0.001,-0.111
19.618,-0.1219,0.0002,-0.0567,0.000,-0.118
19.626,-0.1219,0.0002,-0.0576,0.000,-0.118
19.634,-0.1219,0.0002,-0.0585,0.000,-0.118
19.642,-0.1219,0.0002,-0.0594,0.000,-0.120
19.649,-0.1219,0.0002,-0.0604,0.000,-0.120
19.656,-0.1219,0.0002,-0.0612,-0.002,-0.111
19.664,-0.1219,0.0002,-0.0621,-0.002,-0.111
19.674,-0.1220,0.0002,-0.0631,-0.002,-0.111
19.681,-0.1220,0.0002,-0.0639,-0.003,-0.106
19.690,-0.1220,0.0002,-0.0648,-0.003,-0.106
19.697,-0.1220,0.0002,-0.0656,-0.001,-0.103
19.708,-0.1220,0.0002,-0.0667,-0.001,-0.103
19.717,-0.1221,0.0002,-0.0676,-0.003,-0.101
19.726,-0.1221,0.0002,-0.0685,-0.003,-0.101
19.734,-0.1221,0.0002,-0.0693,-0.003,-0.101
19.741,-0.1221,0.0002,-0.0700,0.000,-0.097
19.751,-0.1221,0.0002,-0.0709,0.000,-0.097
19.758,-0.1221,0.0002,-0.0716,0.000,-0.092
19.766,-0.1221,0.0002,-0.0724,0.000,-0.092
19.774,-0.1221,0.0002,-0.0730,0.000,-0.092
19.781,-0.1221,0.0002,-0.0737,0.000,-0.085
19.789,-0.1221,0.0002,-0.0744,0.000,-0.085
19.797,-0.1221,0.0002,-0.0749,0.002,-0.073
19.805,-0.1221,0.0002,-0.0755,0.002,-0.073
19.812,-0.1221,0.0002,-0.0760,0.002,-0.073
19.820,-0.1221,0.0002,-0.0765,0.001,-0.059
19.827,-0.1220,0.0002,-0.0769,0.001,-0.059
19.834,-0.1220,0.0002,-0.0773,0.001,-0.059
19.842,-0.1220,0.0002,-0.0777,0.000,-0.050
19.850,-0.1220,0.0002,-0.0781,0.000,-0.050
19.858,-0.1220,0.0002,-0.0784,0.000,-0.039
19.866,-0.1220,0.0002,-0.0787,0.000,-0.039
19.874,-0.1220,0.0002,-0.0791,0.000,-0.039
19.882,-0.1220,0.0002,-0.0793,0.001,-0.029
19.889,-0.1220,0.0002,-0.0795,0.001,-0.029
19.897,-0.1220,0.0002,-0.0797,0.000,-0.022
19.907,-0.1220,0.0002,-0.0799,0.000,-0.022
19.914,-0.1220,0.0002,-0.0801,0.000,-0.022
19.922,-0.1220,0.0002,-0.0801,0.002,-0.008
19.929,-0.1220,0.0002,-0.0802,0.002,-0.008
19.937,-0.1220,0.0002,-0.0795,-0.004,0.081
19.946,-0.1221,0.0002,-0.0788,-0.004,0.081
19.953,-0.1221,0.0002,-0.0782,-0.004,0.081
19.961,-0.1222,0.0002,-0.0774,-0.012,0.101
19.970,-0.1223,0.0002,-0.0766,-0.012,0.101
19.977,-0.1224,0.0002,-0.0761,-0.013,0.063
19.987,-0.1225,0.0002,-0.0755,-0.013,0.063
19.995,-0.1226,0.0002,-0.0750,-0.013,0.063
20.003,-0.1226,0.0002,-0.0747,-0.005,0.041
20.011,-0.1227,0.0002,-0.0743,-0.005,0.041
20.018,-0.1227,0.0002,-0.0740,-0.003,0.040
20.026,-0.1227,0.0002,-0.0737,-0.003,0.040
20.033,-0.1228,0.0002,-0.0734,-0.003,0.040
20.040,-0.1228,0.0002,-0.0733,-0.003,0.025
20.048,-0.1228,0.0003,-0.0731,-0.003,0.025
20.055,-0.1228,0.0003,-0.0729,-0.003,0.025
20.064,-0.1228,0.0003,-0.0728,-0.001,0.007
20.071,-0.1228,0.0003,-0.0728,-0.001,0.007
20.078,-0.1228,0.0003,-0.0728,0.000,0.002
20.085,-0.1228,0.0003,-0.0727,0.000,0.002
20.093,-0.1228,0.0003,-0.0727,0.000,0.002
20.100,-0.1228,0.0003,-0.0727,0.000,0.000
20.107,-0.1228,0.0003,-0.0727,0.000,0.000
20.115,-0.1228,0.0003,-0.0727,0.000,0.000
20.122,-0.1228,0.0003,-0.0727,0.000,0.000
20.129,-0.1228,0.0003,-0.0727,0.000,0.000
20.137,-0.1228,0.0003,-0.0727,0.000,0.000
20.146,-0.1228,0.0003,-0.0727,0.000,0.000
20.153,-0.1228,0.0003,-0.0727,0.000,0.000
20.160,-0.1228,0.0003,-0.0727,0.000,0.000
20.168,-0.1228,0.0003,-0.0727,0.000,0.000
20.175,-0.1228,0.0003,-0.0727,0.000,0.000
20.182,-0.1228,0.0003,-0.0727,0.000,0.000
20.190,-0.1228,0.0003,-0.0727,0.000,0.000
20.197,-0.1228,0.0003,-0.0727,0.000,0.000
20.205,-0.1228,0.0003,-0.0727,0.000,0.000
20.214,-0.1228,0.0003,-0.0727,0.000,0.000
20.218,-0.1228,0.0003,-0.0727,0.000,0.000
20.221,-0.1228,0.0003,-0.0727,0.000,0.000
20.324,-0.1228,0.0003,-0.0727,0.000,0.000
20.331,-0.1228,0.0003,-0.0727,0.000,0.000
20.339,-0.1228,0.0003,-0.0727,0.000,0.000
20.346,-0.1228,0.0003,-0.0727,0.000,0.000
20.355,-0.1228,0.0003,-0.0727,0.000,0.000
20.365,-0.1228,0.0003,-0.0727,0.000,0.000
20.374,-0.1228,0.0003,-0.0727,0.000,0.000
20.382,-0.1228,0.0003,-0.0727,0.000,0.000
20.390,-0.1228,0.0003,-0.0727,0.000,0.000
20.398,-0.1228,0.0003,-0.0728,0.000,-0.011
20.406,-0.1228,0.0003,-0.0729,0.000,-0.011
20.412,-0.1228,0.0003,-0.0730,0.000,-0.011
20.420,-0.1228,0.0003,-0.0732,0.000,-0.037
20.427,-0.1228,0.0003,-0.0735,0.000,-0.037
20.435,-0.1228,0.0003,-0.0738,0.000,-0.037
20.442,-0.1228,0.0003,-0.0741,0.001,-0.049
20.450,-0.1228,0.0003,-0.0745,0.001,-0.049
20.459,-0.1228,0.0003,-0.0751,0.000,-0.062
20.466,-0.1228,0.0003,-0.0755,0.000,-0.062
20.474,-0.1228,0.0003,-0.0761,0.000,-0.062
20.482,-0.1228,0.0003,-0.0766,0.000,-0.077
20.490,-0.1228,0.0003,-0.0772,0.000,-0.077
20.498,-0.1228,0.0003,-0.0779,0.000,-0.085
20.506,-0.1228,0.0003,-0.0786,0.000,-0.085
20.514,-0.1228,0.0003,-0.0793,0.000,-0.085
20.522,-0.1228,0.0003,-0.0800,-0.001,-0.097
20.530,-0.1228,0.0003,-0.0808,-0.001,-0.097
20.538,-0.1228,0.0003,-0.0817,0.000,-0.112
20.546,-0.1228,0.0003,-0.0826,0.000,-0.112
20.553,-0.1228,0.0003,-0.0835,0.000,-0.112
20.561,-0.1228,0.0003,-0.0844,0.000,-0.121
20.570,-0.1228,0.0003,-0.0855,0.000,-0.121
20.578,-0.1228,0.0003,-0.0865,-0.001,-0.132
20.586,-0.1229,0.0003,-0.0876,-0.001,-0.132
20.593,-0.1229,0.0003,-0.0886,-0.001,-0.132
20.601,-0.1229,0.0003,-0.0896,-0.002,-0.136
20.609,-0.1229,0.0003,-0.0907,-0.002,-0.136
20.619,-0.1229,0.0003,-0.0920,-0.001,-0.133
20.628,-0.1229,0.0003,-0.0932,-0.001,-0.133
20.637,-0.1229,0.0003,-0.0943,0.000,-0.128
20.645,-0.1229,0.0003,-0.0954,0.000,-0.128
20.653,-0.1229,0.0003,-0.0964,0.000,-0.128
20.661,-0.1229,0.0003,-0.0974,0.001,-0.117
20.670,-0.1229,0.0003,-0.0984,0.001,-0.117
20.678,-0.1229,0.0003,-0.0993,0.000,-0.111
20.685,-0.1229,0.0003,-0.1001,0.000,-0.111
20.693,-0.1229,0.0003,-0.1010,0.000,-0.111
20.701,-0.1229,0.0003,-0.1017,0.001,-0.096
20.709,-0.1229,0.0003,-0.1025,0.001,-0.096
20.717,-0.1229,0.0003,-0.1032,0.002,-0.083
20.726,-0.1228,0.0003,-0.1039,0.002,-0.083
20.734,-0.1228,0.0003,-0.1046,0.002,-0.083
20.742,-0.1228,0.0003,-0.1052,0.001,-0.075
20.750,-0.1228,0.0002,-0.1058,0.001,-0.075
20.758,-0.1228,0.0002,-0.1062,0.001,-0.061
20.765,-0.1228,0.0002,-0.1067,0.001,-0.061
20.773,-0.1228,0.0002,-0.1072,0.001,-0.061
20.781,-0.1228,0.0002,-0.1076,0.001,-0.050
20.789,-0.1228,0.0002,-0.1080,0.001,-0.050
20.797,-0.1228,0.0002,-0.1083,0.001,-0.043
20.806,-0.1228,0.0002,-0.1087,0.001,-0.043
20.814,-0.1227,0.0002,-0.1090,0.001,-0.043
20.821,-0.1227,0.0002,-0.1093,0.001,-0.034
20.830,-0.1227,0.0002,-0.1096,0.001,-0.034
20.835,-0.1227,0.0002,-0.1098,0.001,-0.034
20.837,-0.1227,0.0002,-0.1098,0.000,0.000
20.940,-0.1227,0.0002,-0.1098,0.000,0.000
20.948,-0.1227,0.0002,-0.1098,0.000,0.000
20.956,-0.1227,0.0002,-0.1098,0.000,0.000
20.963,-0.1227,0.0002,-0.1098,0.000,0.000
20.970,-0.1227,0.0002,-0.1098,0.000,0.000
20.978,-0.1227,0.0002,-0.1098,0.000,0.000
20.985,-0.1227,0.0002,-0.1098,0.000,0.000
20.993,-0.1227,0.0002,-0.1098,0.000,0.000
21.001,-0.1227,0.0002,-0.1098,-0.002,-0.010
21.009,-0.1228,0.0002,-0.1099,-0.002,-0.010
21.019,-0.1228,0.0002,-0.1102,-0.002,-0.030
21.027,-0.1228,0.0002,-0.1105,-0.002,-0.030
21.035,-0.1228,0.0003,-0.1107,-0.002,-0.030
21.044,-0.1228,0.0003,-0.1111,0.000,-0.043
21.053,-0.1228,0.0003,-0.1115,0.000,-0.043
21.061,-0.1228,0.0003,-0.1120,-0.001,-0.063
21.071,-0.1228,0.0003,-0.1126,-0.001,-0.063
21.079,-0.1228,0.0003,-0.1133,0.000,-0.084
21.087,-0.1228,0.0003,-0.1140,0.000,-0.084
21.095,-0.1228,0.0003,-0.1146,0.000,-0.084
21.103,-0.1228,0.0003,-0.1154,0.000,-0.096
21.110,-0.1228,0.0003,-0.1160,0.000,-0.096
21.117,-0.1228,0.0003,-0.1168,0.000,-0.110
21.124,-0.1228,0.0003,-0.1177,0.000,-0.110
21.133,-0.1228,0.0003,-0.1186,0.000,-0.110
21.140,-0.1228,0.0003,-0.1195,0.000,-0.125
21.148,-0.1228,0.0003,-0.1205,0.000,-0.125
21.156,-0.1228,0.0003,-0.1214,0.000,-0.125
21.163,-0.1228,0.0003,-0.1224,0.000,-0.131
21.171,-0.1228,0.0003,-0.1234,0.000,-0.131
21.179,-0.1228,0.0003,-0.1246,-0.001,-0.138
21.186,-0.1228,0.0003,-0.1256,-0.001,-0.138
21.194,-0.1229,0.0003,-0.1267,-0.001,-0.138
21.201,-0.1229,0.0003,-0.1277,-0.001,-0.142
21.209,-0.1229,0.0003,-0.1287,-0.001,-0.142
21.217,-0.1229,0.0003,-0.1299,-0.001,-0.141
21.225,-0.1229,0.0003,-0.1311,-0.001,-0.141
21.234,-0.1229,0.0003,-0.1322,-0.001,-0.141
21.241,-0.1229,0.0003,-0.1332,0.000,-0.135
21.249,-0.1229,0.0003,-0.1343,0.000,-0.135
21.256,-0.1229,0.0003,-0.1352,0.001,-0.125
21.266,-0.1229,0.0003,-0.1364,0.001,-0.125
21.274,-0.1229,0.0003,-0.1374,0.001,-0.125
21.282,-0.1229,0.0003,-0.1384,0.000,-0.118
21.290,-0.1229,0.0003,-0.1393,0.000,-0.118
21.297,-0.1229,0.0003,-0.1401,0.001,-0.107
21.306,-0.1229,0.0003,-0.1410,0.001,-0.107
21.314,-0.1228,0.0003,-0.1418,0.001,-0.107
21.321,-0.1228,0.0003,-0.1426,0.001,-0.094
21.329,-0.1228,0.0003,-0.1433,0.001,-0.094
21.340,-0.1228,0.0003,-0.1442,0.000,-0.085
21.348,-0.1228,0.0003,-0.1449,0.000,-0.085
21.356,-0.1228,0.0003,-0.1456,0.000,-0.085
21.363,-0.1228,0.0003,-0.1461,0.001,-0.072
21.372,-0.1228,0.0002,-0.1467,0.001,-0.072
21.379,-0.1228,0.0002,-0.1471,0.002,-0.059
21.386,-0.1228,0.0002,-0.1476,0.002,-0.059
21.394,-0.1228,0.0002,-0.1480,0.002,-0.059
21.401,-0.1228,0.0002,-0.1484,0.000,-0.053
21.408,-0.1228,0.0002,-0.1488,0.000,-0.053
21.416,-0.1228,0.0002,-0.1492,0.000,-0.053
21.423,-0.1228,0.0002,-0.1495,0.000,-0.043
21.431,-0.1228,0.0002,-0.1498,0.000,-0.043
21.439,-0.1228,0.0002,-0.1501,0.000,-0.030
21.446,-0.1228,0.0002,-0.1503,0.000,-0.030
21.453,-0.1228,0.0002,-0.1505,0.000,-0.030
21.461,-0.1228,0.0002,-0.1507,-0.001,-0.022
21.468,-0.1228,0.0002,-0.1508,-0.001,-0.022
21.476,-0.1228,0.0002,-0.1509,0.000,-0.015
21.484,-0.1228,0.0002,-0.1511,0.000,-0.015
21.493,-0.1228,0.0002,-0.1512,0.000,-0.015
21.500,-0.1228,0.0002,-0.1513,0.000,-0.008
21.508,-0.1228,0.0002,-0.1513,0.000,-0.008
21.516,-0.1228,0.0002,-0.1514,0.000,-0.008
21.523,-0.1228,0.0002,-0.1514,0.000,-0.003
21.530,-0.1228,0.0002,-0.1514,0.000,-0.003
21.538,-0.1228,0.0002,-0.1508,0.003,0.073
21.545,-0.1227,0.0002,-0.1503,0.003,0.073
21.552,-0.1227,0.0002,-0.1499,0.003,0.073
21.558,-0.1228,0.0002,-0.1491,-0.011,0.117
21.566,-0.1229,0.0003,-0.1482,-0.011,0.117
21.573,-0.1230,0.0003,-0.1473,-0.011,0.117
21.582,-0.1231,0.0003,-0.1465,-0.013,0.098
21.589,-0.1232,0.0003,-0.1458,-0.013,0.098
21.596,-0.1232,0.0003,-0.1451,-0.013,0.098
21.604,-0.1233,0.0003,-0.1446,-0.003,0.059
21.612,-0.1233,0.0003,-0.1442,-0.003,0.059
21.620,-0.1233,0.0003,-0.1438,0.000,0.045
21.627,-0.1233,0.0003,-0.1435,0.000,0.045
21.635,-0.1233,0.0003,-0.1432,0.000,0.045
21.642,-0.1233,0.0003,-0.1429,0.001,0.033
21.651,-0.1233,0.0003,-0.1426,0.001,0.033
21.659,-0.1233,0.0003,-0.1425,-0.001,0.014
21.666,-0.1233,0.0003,-0.1424,-0.001,0.014
21.674,-0.1233,0.0003,-0.1423,-0.001,0.014
21.682,-0.1233,0.0003,-0.1423,0.000,0.003
21.689,-0.1233,0.0003,-0.1422,0.000,0.003
21.696,-0.1233,0.0003,-0.1422,0.000,0.000
21.705,-0.1233,0.0003,-0.1422,0.000,0.000
21.712,-0.1233,0.0003,-0.1422,0.000,0.000
21.719,-0.1233,0.0003,-0.1422,0.000,0.000
21.726,-0.1233,0.0003,-0.1422,0.000,0.000
21.734,-0.1233,0.0003,-0.1422,0.000,0.000
21.741,-0.1233,0.0003,-0.1422,0.000,0.000
21.750,-0.1233,0.0003,-0.1422,0.000,0.000
21.758,-0.1233,0.0003,-0.1422,0.000,0.000
21.767,-0.1233,0.0003,-0.1422,0.000,0.000
21.776,-0.1233,0.0003,-0.1422,0.000,0.000
21.784,-0.1233,0.0003,-0.1422,0.000,0.000
21.792,-0.1233,0.0003,-0.1422,0.000,0.000
21.799,-0.1233,0.0003,-0.1422,0.000,0.000
21.808,-0.1233,0.0003,-0.1422,0.000,0.000
21.816,-0.1233,0.0003,-0.1422,0.000,0.000
21.823,-0.1233,0.0003,-0.1422,0.000,0.000
21.832,-0.1233,0.0003,-0.1422,0.000,0.000
21.835,-0.1233,0.0003,-0.1422,0.000,0.000
21.837,-0.1233,0.0003,-0.1422,0.000,0.000
21.940,-0.1233,0.0003,-0.1422,0.000,0.000
21.948,-0.1233,0.0003,-0.1422,0.000,0.000
21.955,-0.1233,0.0003,-0.1422,0.000,0.000
21.962,-0.1233,0.0003,-0.1422,0.000,0.000
21.970,-0.1233,0.0003,-0.1422,0.000,0.000
21.979,-0.1233,0.0003,-0.1422,0.000,0.000
21.987,-0.1233,0.0003,-0.1422,0.000,0.000
21.996,-0.1233,0.0003,-0.1422,0.000,0.000
22.004,-0.1233,0.0003,-0.1422,0.000,0.000
22.011,-0.1233,0.0003,-0.1422,0.000,0.000
22.019,-0.1233,0.0003,-0.1422,0.000,0.000
22.026,-0.1233,0.0003,-0.1422,0.000,0.000
22.034,-0.1233,0.0003,-0.1422,0.000,0.000
22.042,-0.1233,0.0003,-0.1422,0.000,0.000
22.051,-0.1233,0.0003,-0.1422,0.000,0.000
22.059,-0.1233,0.0003,-0.1422,0.000,0.000
22.068,-0.1233,0.0003,-0.1422,0.000,0.000
22.076,-0.1233,0.0003,-0.1422,0.000,0.000
22.084,-0.1233,0.0003,-0.1422,0.000,0.000
22.092,-0.1233,0.0003,-0.1422,0.000,0.000
22.100,-0.1233,0.0003,-0.1422,0.000,0.000
22.107,-0.1233,0.0003,-0.1422,0.000,0.000
22.115,-0.1233,0.0003,-0.1422,0.000,0.000
22.122,-0.1233,0.0003,-0.1422,0.000,0.000
22.131,-0.1233,0.0003,-0.1422,0.000,0.000
22.138,-0.1233,0.0003,-0.1422,0.000,0.000
22.146,-0.1233,0.0003,-0.1422,0.000,0.000
22.154,-0.1233,0.0003,-0.1422,0.000,0.000
22.162,-0.1233,0.0003,-0.1422,0.000,0.000
22.170,-0.1233,0.0003,-0.1422,0.000,0.000
22.178,-0.1233,0.0003,-0.1422,0.000,0.000
22.186,-0.1233,0.0003,-0.1422,0.000,0.000
22.193,-0.1233,0.0003,-0.1422,0.000,0.000
22.201,-0.1233,0.0003,-0.1422,0.000,0.000
22.209,-0.1233,0.0003,-0.1422,0.000,0.000
22.217,-0.1233,0.0003,-0.1422,0.000,0.000
22.225,-0.1233,0.0003,-0.1422,0.000,0.000
22.233,-0.1233,0.0003,-0.1422,0.000,0.000
22.240,-0.1233,0.0003,-0.1422,0.000,0.000
22.247,-0.1233,0.0003,-0.1422,0.000,0.000
22.255,-0.1233,0.0003,-0.1422,0.000,0.000
22.262,-0.1233,0.0003,-0.1422,0.000,0.000
22.270,-0.1233,0.0003,-0.1422,0.000,0.000
22.278,-0.1233,0.0003,-0.1422,0.000,0.000
22.286,-0.1233,0.0003,-0.1422,0.000,0.000
22.295,-0.1233,0.0003,-0.1422,0.000,0.000
22.303,-0.1233,0.0003,-0.1422,0.000,0.000
22.312,-0.1233,0.0003,-0.1422,0.000,0.000
22.320,-0.1233,0.0003,-0.1422,0.000,0.000
22.322,-0.1233,0.0003,-0.1422,0.000,0.000
22.356,-0.1233,0.0003,-0.1422,0.000,0.000
22.387,-0.1233,0.0003,-0.1422,0.000,0.000
22.416,-0.1233,0.0003,-0.1416,0.000,0.022
22.521,-0.1233,0.0003,-0.1391,0.000,0.024
22.528,-0.1233,0.0003,-0.1389,0.000,0.024
22.536,-0.1233,0.0003,-0.1387,0.000,0.024
22.544,-0.1233,0.0003,-0.1385,0.000,0.024
22.553,-0.1233,0.0003,-0.1383,0.000,0.024
22.560,-0.1233,0.0003,-0.1381,0.000,0.026
22.569,-0.1233,0.0003,-0.1379,0.000,0.026
22.577,-0.1233,0.0003,-0.1376,0.001,0.039
22.585,-0.1233,0.0003,-0.1373,0.001,0.039
22.593,-0.1233,0.0003,-0.1370,0.001,0.039
22.600,-0.1233,0.0003,-0.1365,0.000,0.059
22.608,-0.1233,0.0003,-0.1361,0.000,0.059
22.616,-0.1233,0.0003,-0.1353,0.001,0.090
22.625,-0.1233,0.0003,-0.1345,0.001,0.090
22.634,-0.1233,0.0003,-0.1337,0.001,0.090
22.642,-0.1232,0.0003,-0.1328,0.001,0.113
22.651,-0.1232,0.0003,-0.1318,0.001,0.113
22.659,-0.1232,0.0003,-0.1308,0.000,0.125
22.667,-0.1232,0.0003,-0.1299,0.000,0.125
22.674,-0.1232,0.0003,-0.1289,0.000,0.125
22.684,-0.1232,0.0003,-0.1276,0.000,0.137
22.692,-0.1232,0.0003,-0.1265,0.000,0.137
22.700,-0.1232,0.0003,-0.1253,0.000,0.149
22.707,-0.1232,0.0003,-0.1242,0.000,0.149
22.716,-0.1232,0.0003,-0.1228,0.000,0.149
22.724,-0.1232,0.0003,-0.1216,0.000,0.156
22.733,-0.1232,0.0003,-0.1203,0.000,0.156
22.740,-0.1232,0.0003,-0.1190,0.000,0.167
22.748,-0.1232,0.0003,-0.1178,0.000,0.167
22.756,-0.1232,0.0003,-0.1165,0.000,0.167
22.763,-0.1232,0.0003,-0.1152,0.000,0.167
22.771,-0.1232,0.0003,-0.1140,0.000,0.167
22.778,-0.1232,0.0003,-0.1128,0.000,0.163
22.785,-0.1232,0.0003,-0.1116,0.000,0.163
22.794,-0.1232,0.0003,-0.1102,0.000,0.163
22.801,-0.1232,0.0003,-0.1091,0.000,0.154
22.808,-0.1232,0.0003,-0.1080,0.000,0.154
22.815,-0.1232,0.0003,-0.1068,0.000,0.154
22.824,-0.1232,0.0003,-0.1056,0.000,0.142
22.832,-0.1232,0.0003,-0.1045,0.000,0.142
22.841,-0.1232,0.0003,-0.1032,0.000,0.135
22.849,-0.1232,0.0003,-0.1022,0.000,0.135
22.856,-0.1232,0.0003,-0.1012,0.000,0.135
22.864,-0.1232,0.0003,-0.1003,0.000,0.125
22.872,-0.1232,0.0003,-0.0993,0.000,0.125
22.879,-0.1232,0.0003,-0.0985,-0.001,0.111
22.888,-0.1233,0.0003,-0.0975,-0.001,0.111
22.891,-0.1233,0.0003,-0.0972,-0.001,0.111
22.893,-0.1233,0.0003,-0.0970,0.001,0.069
22.997,-0.1231,0.0003,-0.0899,0.001,0.068
23.005,-0.1231,0.0003,-0.0894,0.001,0.068
23.012,-0.1231,0.0003,-0.0889,0.001,0.068
23.020,-0.1231,0.0003,-0.0884,0.002,0.068
23.027,-0.1231,0.0003,-0.0879,0.002,0.068
23.035,-0.1231,0.0003,-0.0874,0.002,0.068
23.043,-0.1231,0.0003,-0.0868,0.001,0.066
23.051,-0.1231,0.0003,-0.0863,0.001,0.066
23.059,-0.1231,0.0003,-0.0859,0.000,0.053
23.067,-0.1231,0.0003,-0.0855,0.000,0.053
23.077,-0.1231,0.0003,-0.0851,0.000,0.037
23.085,-0.1231,0.0003,-0.0848,0.000,0.037
23.093,-0.1231,0.0003,-0.0845,0.000,0.037
23.100,-0.1231,0.0003,-0.0844,-0.001,0.016
23.109,-0.1231,0.0003,-0.0843,-0.001,0.016
23.116,-0.1231,0.0003,-0.0842,-0.001,0.005
23.125,-0.1231,0.0003,-0.0842,-0.001,0.005
23.133,-0.1231,0.0003,-0.0841,-0.001,0.005
23.141,-0.1231,0.0003,-0.0841,0.000,0.001
23.148,-0.1231,0.0003,-0.0841,0.000,0.001
23.156,-0.1231,0.0003,-0.0841,0.000,0.000
23.164,-0.1231,0.0003,-0.0841,0.000,0.000
23.172,-0.1231,0.0003,-0.0841,0.000,0.000
23.180,-0.1231,0.0003,-0.0842,-0.001,-0.009
23.188,-0.1231,0.0003,-0.0843,-0.001,-0.009
23.197,-0.1231,0.0003,-0.0844,0.000,-0.020
23.206,-0.1231,0.0003,-0.0846,0.000,-0.020
23.214,-0.1231,0.0003,-0.0848,0.000,-0.020
23.222,-0.1231,0.0003,-0.0851,-0.001,-0.036
23.230,-0.1231,0.0003,-0.0854,-0.001,-0.036
23.239,-0.1231,0.0003,-0.0858,0.000,-0.050
23.247,-0.1231,0.0003,-0.0862,0.000,-0.050
23.254,-0.1231,0.0003,-0.0866,0.000,-0.050
23.262,-0.1231,0.0003,-0.0870,0.000,-0.055
23.269,-0.1231,0.0003,-0.0874,0.000,-0.055
23.276,-0.1231,0.0003,-0.0878,0.000,-0.055
23.285,-0.1231,0.0003,-0.0882,0.000,-0.055
23.292,-0.1231,0.0003,-0.0887,0.000,-0.055
23.300,-0.1231,0.0003,-0.0890,0.000,-0.047
23.307,-0.1231,0.0003,-0.0893,0.000,-0.047
23.315,-0.1231,0.0003,-0.0897,0.000,-0.047
23.322,-0.1232,0.0003,-0.0900,-0.001,-0.039
23.329,-0.1232,0.0003,-0.0903,-0.001,-0.039
23.337,-0.1232,0.0003,-0.0905,0.000,-0.030
23.345,-0.1232,0.0003,-0.0908,0.000,-0.030
23.352,-0.1232,0.0003,-0.0910,0.000,-0.030
23.360,-0.1231,0.0003,-0.0911,0.001,-0.020
23.369,-0.1231,0.0003,-0.0913,0.001,-0.020
23.376,-0.1231,0.0003,-0.0914,0.000,-0.010
23.385,-0.1231,0.0003,-0.0915,0.000,-0.010
23.394,-0.1231,0.0003,-0.0916,0.000,-0.010
23.402,-0.1231,0.0003,-0.0916,0.000,-0.004
23.409,-0.1231,0.0003,-0.0916,0.000,-0.004
23.417,-0.1231,0.0003,-0.0916,0.000,0.000
23.425,-0.1231,0.0003,-0.0916,0.000,0.000
23.432,-0.1231,0.0003,-0.0916,0.000,0.000
23.440,-0.1231,0.0003,-0.0916,0.000,0.000
23.447,-0.1231,0.0003,-0.0916,0.000,0.000
23.455,-0.1231,0.0003,-0.0916,0.000,0.000
23.463,-0.1231,0.0003,-0.0916,0.000,0.000
23.470,-0.1231,0.0003,-0.0916,0.000,0.000
23.478,-0.1231,0.0003,-0.0916,0.000,0.000
23.486,-0.1231,0.0003,-0.0916,0.000,0.000
23.494,-0.1231,0.0003,-0.0916,0.000,0.000
23.501,-0.1231,0.0003,-0.0916,0.000,0.000
23.509,-0.1231,0.0003,-0.0916,0.000,0.000
23.517,-0.1231,0.0003,-0.0916,0.000,0.000
23.525,-0.1231,0.0003,-0.0916,0.000,0.000
23.533,-0.1231,0.0003,-0.0916,0.000,0.000
23.540,-0.1231,0.0003,-0.0916,0.000,0.000
23.552,-0.1231,0.0003,-0.0916,0.000,0.000
23.559,-0.1231,0.0003,-0.0916,0.000,0.000
23.567,-0.1231,0.0003,-0.0916,0.000,0.000
23.574,-0.1231,0.0003,-0.0916,0.000,0.000
23.582,-0.1231,0.0003,-0.0916,0.000,0.000
23.589,-0.1231,0.0003,-0.0916,0.000,0.000
23.596,-0.1231,0.0003,-0.0916,0.000,0.000
23.603,-0.1231,0.0003,-0.0916,0.000,0.000
23.611,-0.1231,0.0003,-0.0916,0.000,0.000
23.618,-0.1231,0.0003,-0.0916,0.000,0.000
23.627,-0.1231,0.0003,-0.0916,0.000,0.000
23.635,-0.1231,0.0003,-0.0916,0.000,0.000
23.642,-0.1231,0.0003,-0.0916,0.000,0.000
23.650,-0.1231,0.0003,-0.0916,0.000,0.000
23.657,-0.1231,0.0003,-0.0916,0.000,0.000
23.665,-0.1231,0.0003,-0.0916,0.000,0.000
23.672,-0.1231,0.0003,-0.0916,0.000,0.000
23.679,-0.1231,0.0003,-0.0916,0.000,0.000
23.685,-0.1231,0.0003,-0.0916,0.000,0.000
23.688,-0.1231,0.0003,-0.0916,0.000,0.000
23.792,-0.1231,0.0003,-0.0916,0.000,0.000
23.800,-0.1231,0.0003,-0.0916,0.000,0.000
23.807,-0.1231,0.0003,-0.0916,0.000,0.000
23.816,-0.1231,0.0003,-0.0916,0.000,0.000
23.824,-0.1231,0.0003,-0.0916,0.000,0.000
23.832,-0.1231,0.0003,-0.0916,0.000,0.000
23.839,-0.1231,0.0003,-0.0916,0.000,0.000
23.847,-0.1231,0.0003,-0.0916,0.000,0.000
23.854,-0.1231,0.0003,-0.0916,0.000,0.000
23.862,-0.1231,0.0003,-0.0916,0.002,-0.004
23.870,-0.1231,0.0003,-0.0917,0.002,-0.004
23.878,-0.1231,0.0003,-0.0919,-0.001,-0.024
23.886,-0.1231,0.0003,-0.0921,-0.001,-0.024
23.895,-0.1231,0.0003,-0.0923,-0.001,-0.024
23.903,-0.1231,0.0003,-0.0928,-0.001,-0.059
23.911,-0.1232,0.0003,-0.0932,-0.001,-0.059
23.919,-0.1231,0.0003,-0.0938,0.001,-0.077
23.926,-0.1231,0.0003,-0.0944,0.001,-0.077
23.935,-0.1231,0.0003,-0.0950,0.001,-0.077
23.942,-0.1231,0.0003,-0.0957,0.000,-0.089
23.952,-0.1231,0.0003,-0.0966,0.000,-0.089
23.960,-0.1231,0.0003,-0.0974,0.000,-0.101
23.967,-0.1231,0.0003,-0.0981,0.000,-0.101
23.975,-0.1231,0.0003,-0.0989,0.000,-0.101
23.983,-0.1231,0.0003,-0.0997,0.001,-0.111
23.991,-0.1231,0.0003,-0.1007,0.001,-0.111
24.000,-0.1231,0.0003,-0.1017,0.000,-0.120
24.007,-0.1231,0.0003,-0.1026,0.000,-0.120
24.016,-0.1231,0.0003,-0.1037,0.000,-0.120
24.023,-0.1231,0.0003,-0.1046,0.000,-0.132
24.032,-0.1231,0.0003,-0.1057,0.000,-0.132
24.039,-0.1231,0.0003,-0.1068,0.000,-0.141
24.047,-0.1231,0.0003,-0.1079,0.000,-0.141
24.054,-0.1231,0.0003,-0.1089,0.000,-0.141
24.062,-0.1231,0.0003,-0.1100,0.000,-0.143
24.070,-0.1231,0.0003,-0.1111,0.000,-0.143
24.077,-0.1231,0.0003,-0.1121,0.000,-0.136
24.087,-0.1231,0.0003,-0.1135,0.000,-0.136
24.095,-0.1231,0.0003,-0.1146,0.000,-0.136
24.102,-0.1231,0.0003,-0.1155,-0.001,-0.127
24.111,-0.1231,0.0003,-0.1166,-0.001,-0.127
24.118,-0.1231,0.0003,-0.1175,0.000,-0.117
24.126,-0.1231,0.0003,-0.1184,0.000,-0.117
24.134,-0.1231,0.0003,-0.1193,0.000,-0.117
24.142,-0.1231,0.0003,-0.1201,0.001,-0.105
24.149,-0.1231,0.0003,-0.1209,0.001,-0.105
24.157,-0.1231,0.0003,-0.1216,0.000,-0.094
24.165,-0.1231,0.0003,-0.1224,0.000,-0.094
24.173,-0.1231,0.0003,-0.1232,0.000,-0.094
24.181,-0.1231,0.0003,-0.1239,0.000,-0.086
24.185,-0.1231,0.0003,-0.1242,0.000,-0.086
24.187,-0.1231,0.0003,-0.1243,0.000,-0.074
24.220,-0.1231,0.0003,-0.1262,0.000,-0.056
24.250,-0.1231,0.0003,-0.1276,0.000,-0.050
24.281,-0.1231,0.0003,-0.1290,0.000,-0.042
24.315,-0.1231,0.0003,-0.1299,0.000,-0.027
24.348,-0.1231,0.0003,-0.1305,0.001,-0.017
24.383,-0.1231,0.0003,-0.1305,0.000,-0.002
24.420,-0.1231,0.0003,-0.1301,0.000,0.011
24.490,-0.1231,0.0003,-0.1284,0.000,0.025
24.515,-0.1231,0.0003,-0.1277,0.000,0.025
24.519,-0.1231,0.0003,-0.1276,0.000,0.041
24.555,-0.1230,0.0003,-0.1253,0.001,0.065
24.568,-0.1231,0.0003,-0.1241,-0.001,0.086
24.601,-0.1231,0.0003,-0.1203,0.000,0.115
24.632,-0.1231,0.0003,-0.1163,0.000,0.130
24.665,-0.1231,0.0003,-0.1114,0.000,0.149
24.707,-0.1231,0.0003,-0.1048,0.000,0.156
24.741,-0.1231,0.0003,-0.0990,0.000,0.172
24.766,-0.1231,0.0003,-0.0945,0.000,0.178
24.799,-0.1231,0.0003,-0.0879,0.000,0.199
24.834,-0.1230,0.0003,-0.0807,0.003,0.207
24.867,-0.1229,0.0003,-0.0737,0.001,0.213
24.903,-0.1230,0.0003,-0.0652,-0.003,0.238
24.933,-0.1230,0.0003,-0.0575,0.000,0.257
24.967,-0.1229,0.0003,-0.0482,0.004,0.273
25.002,-0.1228,0.0003,-0.0376,0.003,0.299
25.027,-0.1227,0.0003,-0.0297,0.002,0.313
25.059,-0.1227,0.0003,-0.0191,0.002,0.334
25.090,-0.1227,0.0003,-0.0079,0.000,0.363
25.132,-0.1226,0.0003,0.0077,0.001,0.374
25.157,-0.1227,0.0003,0.0178,-0.001,0.396
25.200,-0.1227,0.0003,0.0348,-0.001,0.399
25.223,-0.1227,0.0003,0.0442,-0.002,0.399
25.267,-0.1227,0.0003,0.0616,0.000,0.400
25.287,-0.1227,0.0003,0.0697,0.000,0.397
25.391,-0.1227,0.0003,0.1110,0.000,0.397
25.399,-0.1227,0.0003,0.1140,0.001,0.397
25.406,-0.1227,0.0003,0.1169,0.001,0.397
25.414,-0.1227,0.0003,0.1200,0.001,0.397
25.422,-0.1227,0.0003,0.1233,0.001,0.398
25.432,-0.1227,0.0003,0.1273,0.001,0.398
25.441,-0.1227,0.0003,0.1307,0.002,0.399
25.448,-0.1227,0.0003,0.1337,0.002,0.399
25.456,-0.1227,0.0003,0.1367,0.002,0.399
25.464,-0.1226,0.0003,0.1399,0.001,0.398
25.472,-0.1226,0.0003,0.1432,0.001,0.398
25.481,-0.1226,0.0003,0.1465,0.000,0.399
25.488,-0.1226,0.0003,0.1495,0.000,0.399
25.497,-0.1226,0.0003,0.1531,0.001,0.401
25.505,-0.1226,0.0003,0.1564,0.001,0.401
25.513,-0.1226,0.0003,0.1595,0.001,0.401
25.520,-0.1226,0.0003,0.1625,0.001,0.403
25.528,-0.1226,0.0003,0.1655,0.001,0.403
25.535,-0.1226,0.0003,0.1685,0.001,0.403
25.543,-0.1226,0.0003,0.1715,0.000,0.402
25.551,-0.1226,0.0003,0.1748,0.000,0.402
25.559,-0.1226,0.0003,0.1781,-0.001,0.400
25.567,-0.1226,0.0003,0.1813,-0.001,0.400
25.576,-0.1226,0.0003,0.1847,-0.001,0.400
25.583,-0.1226,0.0003,0.1876,0.000,0.398
25.591,-0.1226,0.0003,0.1909,0.000,0.398
25.598,-0.1226,0.0003,0.1937,0.000,0.397
25.606,-0.1226,0.0003,0.1968,0.000,0.397
25.614,-0.1226,0.0003,0.1999,0.000,0.397
25.622,-0.1226,0.0003,0.2030,-0.001,0.394
25.630,-0.1226,0.0003,0.2060,-0.001,0.394
25.637,-0.1226,0.0003,0.2090,0.000,0.392
25.646,-0.1226,0.0003,0.2123,0.000,0.392
25.654,-0.1226,0.0003,0.2156,0.000,0.392
25.662,-0.1226,0.0003,0.2187,0.000,0.387
25.669,-0.1226,0.0003,0.2215,0.000,0.387
25.677,-0.1226,0.0003,0.2243,-0.002,0.378
25.685,-0.1227,0.0003,0.2273,-0.002,0.378
25.693,-0.1227,0.0003,0.2304,-0.002,0.378
25.701,-0.1227,0.0003,0.2334,-0.003,0.366
25.708,-0.1227,0.0003,0.2361,-0.003,0.366
25.716,-0.1227,0.0003,0.2389,-0.003,0.366
25.723,-0.1228,0.0003,0.2415,-0.001,0.356
25.731,-0.1228,0.0003,0.2441,-0.001,0.356
25.738,-0.1228,0.0002,0.2467,-0.003,0.346
25.748,-0.1228,0.0002,0.2501,-0.003,0.346
25.756,-0.1228,0.0002,0.2527,-0.003,0.346
25.763,-0.1228,0.0002,0.2552,0.000,0.332
25.771,-0.1228,0.0002,0.2578,0.000,0.332
25.778,-0.1228,0.0002,0.2602,0.002,0.322
25.787,-0.1228,0.0002,0.2629,0.002,0.322
25.794,-0.1228,0.0002,0.2653,0.002,0.322
25.802,-0.1228,0.0002,0.2678,0.001,0.313
25.809,-0.1228,0.0003,0.2700,0.001,0.313
25.818,-0.1228,0.0003,0.2727,0.001,0.302
25.826,-0.1228,0.0003,0.2752,0.001,0.302
25.835,-0.1227,0.0003,0.2777,0.001,0.302
25.843,-0.1227,0.0003,0.2803,0.003,0.294
25.852,-0.1227,0.0003,0.2827,0.003,0.294
25.859,-0.1227,0.0003,0.2849,0.001,0.286
25.867,-0.1227,0.0003,0.2870,0.001,0.286
25.874,-0.1227,0.0003,0.2892,0.001,0.286
25.882,-0.1227,0.0003,0.2913,0.000,0.273
25.889,-0.1227,0.0003,0.2932,0.000,0.273
25.897,-0.1227,0.0003,0.2952,0.001,0.264
25.906,-0.1227,0.0003,0.2978,0.001,0.264
25.913,-0.1227,0.0003,0.2997,0.001,0.264
25.921,-0.1227,0.0003,0.3016,0.000,0.255
25.929,-0.1227,0.0003,0.3035,0.000,0.255
25.935,-0.1227,0.0003,0.3052,0.000,0.255
25.942,-0.1227,0.0003,0.3069,0.000,0.244
25.950,-0.1227,0.0003,0.3087,0.000,0.244
25.958,-0.1226,0.0003,0.3106,0.001,0.235
25.966,-0.1226,0.0003,0.3125,0.001,0.235
25.973,-0.1226,0.0003,0.3143,0.001,0.235
25.981,-0.1226,0.0003,0.3161,0.000,0.227
25.990,-0.1226,0.0003,0.3180,0.000,0.227
25.998,-0.1226,0.0003,0.3197,0.000,0.217
26.006,-0.1226,0.0003,0.3216,0.000,0.217
26.015,-0.1226,0.0003,0.3234,0.001,0.208
26.025,-0.1226,0.0003,0.3255,0.001,0.208
26.034,-0.1226,0.0003,0.3274,0.001,0.208
26.042,-0.1226,0.0003,0.3289,0.000,0.199
26.050,-0.1226,0.0003,0.3306,0.000,0.199
26.057,-0.1226,0.0003,0.3319,-0.001,0.187
26.066,-0.1226,0.0003,0.3336,-0.001,0.187
26.073,-0.1226,0.0003,0.3349,-0.001,0.187
26.082,-0.1226,0.0003,0.3364,0.000,0.177
26.089,-0.1226,0.0003,0.3377,0.000,0.177
26.097,-0.1226,0.0003,0.3390,-0.001,0.167
26.105,-0.1226,0.0003,0.3404,-0.001,0.167
26.113,-0.1227,0.0003,0.3417,-0.001,0.167
26.121,-0.1227,0.0003,0.3429,-0.001,0.153
26.128,-0.1227,0.0003,0.3440,-0.001,0.153
26.136,-0.1227,0.0003,0.3453,-0.001,0.153
26.143,-0.1227,0.0003,0.3463,0.000,0.143
26.152,-0.1227,0.0003,0.3474,0.000,0.143
26.159,-0.1227,0.0003,0.3485,-0.001,0.135
26.167,-0.1227,0.0003,0.3495,-0.001,0.135
26.175,-0.1227,0.0003,0.3507,-0.001,0.135
26.183,-0.1227,0.0003,0.3516,0.000,0.123
26.190,-0.1227,0.0003,0.3525,0.000,0.123
26.199,-0.1227,0.0003,0.3535,0.000,0.113
26.207,-0.1227,0.0003,0.3544,0.000,0.113
26.218,-0.1227,0.0003,0.3556,0.000,0.106
26.228,-0.1227,0.0003,0.3566,0.000,0.106
26.235,-0.1227,0.0003,0.3573,0.000,0.106
26.242,-0.1227,0.0003,0.3580,0.000,0.093
26.249,-0.1227,0.0003,0.3587,0.000,0.093
26.256,-0.1227,0.0003,0.3593,0.000,0.093
26.264,-0.1227,0.0003,0.3600,0.000,0.084
26.271,-0.1227,0.0003,0.3605,0.000,0.084
26.278,-0.1227,0.0003,0.3611,0.000,0.077
26.286,-0.1227,0.0003,0.3617,0.000,0.077
26.293,-0.1227,0.0003,0.3623,0.000,0.077
26.300,-0.1227,0.0003,0.3627,0.000,0.063
26.306,-0.1227,0.0003,0.3630,0.000,0.063
26.312,-0.1227,0.0003,0.3635,0.000,0.063
26.318,-0.1227,0.0003,0.3638,0.000,0.054
26.324,-0.1227,0.0003,0.3641,0.000,0.054
26.330,-0.1227,0.0003,0.3644,0.000,0.054
26.338,-0.1227,0.0003,0.3648,0.000,0.045
26.345,-0.1227,0.0003,0.3651,0.000,0.045
26.348,-0.1227,0.0003,0.3652,0.000,0.045
26.349,-0.1227,0.0003,0.3652,0.000,0.004
26.459,-0.1227,0.0003,0.3655,0.000,0.002
26.467,-0.1227,0.0003,0.3655,0.000,0.002
26.475,-0.1227,0.0003,0.3655,0.000,0.002
26.482,-0.1227,0.0003,0.3655,0.000,0.000
26.490,-0.1227,0.0003,0.3655,0.000,0.000
26.498,-0.1227,0.0003,0.3655,0.000,0.000
26.506,-0.1227,0.0003,0.3655,0.000,0.000
26.513,-0.1227,0.0003,0.3655,0.000,0.000
26.520,-0.1227,0.0003,0.3655,0.000,0.001
26.527,-0.1227,0.0003,0.3655,0.000,0.001
26.535,-0.1227,0.0003,0.3655,0.000,0.001
26.542,-0.1227,0.0003,0.3655,0.000,0.000
26.550,-0.1227,0.0003,0.3655,0.000,0.000
26.557,-0.1227,0.0003,0.3654,0.003,-0.012
26.564,-0.1227,0.0003,0.3653,0.003,-0.012
26.571,-0.1226,0.0003,0.3653,0.003,-0.012
26.579,-0.1226,0.0003,0.3650,0.000,-0.033
26.586,-0.1226,0.0003,0.3648,0.000,-0.033
26.594,-0.1226,0.0003,0.3645,0.000,-0.033
26.601,-0.1226,0.0003,0.3641,0.000,-0.060
26.609,-0.1226,0.0003,0.3636,0.000,-0.060
26.617,-0.1226,0.0003,0.3630,0.002,-0.075
26.625,-0.1226,0.0003,0.3624,0.002,-0.075
26.632,-0.1226,0.0003,0.3619,0.002,-0.075
26.640,-0.1226,0.0003,0.3612,0.000,-0.088
26.647,-0.1226,0.0003,0.3605,0.000,-0.088
26.655,-0.1226,0.0003,0.3599,0.000,-0.088
26.662,-0.1226,0.0003,0.3591,0.000,-0.101
26.669,-0.1226,0.0003,0.3584,0.000,-0.101
26.677,-0.1226,0.0003,0.3575,0.000,-0.111
26.685,-0.1226,0.0003,0.3566,0.000,-0.111
26.694,-0.1226,0.0003,0.3557,0.000,-0.111
26.703,-0.1226,0.0003,0.3546,-0.001,-0.121
26.711,-0.1226,0.0003,0.3537,-0.001,-0.121
26.719,-0.1226,0.0003,0.3525,-0.001,-0.126
26.727,-0.1226,0.0003,0.3516,-0.001,-0.126
26.735,-0.1226,0.0003,0.3506,-0.001,-0.126
26.742,-0.1226,0.0003,0.3497,-0.001,-0.123
26.750,-0.1226,0.0003,0.3488,-0.001,-0.123
26.758,-0.1226,0.0003,0.3478,0.000,-0.117
26.768,-0.1226,0.0003,0.3467,0.000,-0.117
26.777,-0.1226,0.0003,0.3456,0.000,-0.117
26.784,-0.1226,0.0003,0.3448,0.000,-0.107
26.791,-0.1226,0.0003,0.3441,0.000,-0.107
26.799,-0.1226,0.0003,0.3433,0.000,-0.099
26.806,-0.1226,0.0003,0.3426,0.000,-0.099
26.814,-0.1226,0.0003,0.3418,0.000,-0.099
26.821,-0.1226,0.0003,0.3412,0.001,-0.091
26.828,-0.1226,0.0003,0.3405,0.001,-0.091
26.836,-0.1226,0.0003,0.3398,0.001,-0.091
26.843,-0.1226,0.0003,0.3392,0.000,-0.080
26.851,-0.1226,0.0003,0.3386,0.000,-0.080
26.854,-0.1226,0.0003,0.3384,-0.001,-0.069
26.884,-0.1226,0.0003,0.3369,0.000,-0.050
26.917,-0.1226,0.0003,0.3355,0.000,-0.042
26.947,-0.1227,0.0003,0.3342,-0.001,-0.044
26.981,-0.1227,0.0003,0.3322,-0.001,-0.057
27.016,-0.1227,0.0003,0.3294,0.000,-0.080
27.049,-0.1227,0.0003,0.3262,-0.001,-0.098
27.088,-0.1227,0.0003,0.3220,0.000,-0.107
27.120,-0.1227,0.0003,0.3180,0.000,-0.126
27.152,-0.1227,0.0003,0.3132,0.000,-0.149
27.190,-0.1227,0.0003,0.3076,0.000,-0.149
27.202,-0.1227,0.0003,0.3052,0.002,-0.193
27.307,-0.1225,0.0003,0.2850,0.002,-0.193
27.314,-0.1225,0.0003,0.2836,0.002,-0.193
27.322,-0.1225,0.0003,0.2821,0.001,-0.193
27.329,-0.1225,0.0003,0.2808,0.001,-0.193
27.336,-0.1225,0.0003,0.2794,0.001,-0.193
27.344,-0.1224,0.0004,0.2778,0.003,-0.195
27.352,-0.1224,0.0004,0.2762,0.003,-0.195
27.360,-0.1224,0.0004,0.2746,0.003,-0.202
27.368,-0.1224,0.0004,0.2731,0.003,-0.202
27.376,-0.1224,0.0004,0.2712,0.001,-0.225
27.385,-0.1223,0.0004,0.2693,0.001,-0.225
27.392,-0.1223,0.0004,0.2676,0.001,-0.225
27.400,-0.1223,0.0004,0.2658,0.000,-0.241
27.409,-0.1223,0.0004,0.2635,0.000,-0.241
27.418,-0.1224,0.0004,0.2613,-0.005,-0.257
27.426,-0.1224,0.0004,0.2592,-0.005,-0.257
27.434,-0.1225,0.0003,0.2571,-0.005,-0.257
27.442,-0.1225,0.0003,0.2549,-0.007,-0.277
27.450,-0.1226,0.0003,0.2527,-0.007,-0.277
27.458,-0.1226,0.0003,0.2504,-0.004,-0.297
27.467,-0.1226,0.0003,0.2478,-0.004,-0.297
27.474,-0.1227,0.0003,0.2457,-0.004,-0.297
27.482,-0.1227,0.0003,0.2432,-0.006,-0.314
27.489,-0.1228,0.0003,0.2409,-0.006,-0.314
27.496,-0.1228,0.0003,0.2386,-0.006,-0.314
27.504,-0.1228,0.0003,0.2359,-0.004,-0.334
27.512,-0.1229,0.0002,0.2334,-0.004,-0.334
27.519,-0.1229,0.0002,0.2308,-0.001,-0.347
27.527,-0.1229,0.0002,0.2283,-0.001,-0.347
27.535,-0.1229,0.0002,0.2255,-0.001,-0.347
27.542,-0.1229,0.0002,0.2228,0.000,-0.354
27.550,-0.1229,0.0002,0.2201,0.000,-0.354
27.558,-0.1229,0.0002,0.2174,0.001,-0.356
27.567,-0.1229,0.0002,0.2141,0.001,-0.356
27.574,-0.1229,0.0002,0.2113,0.001,-0.356
27.582,-0.1228,0.0002,0.2088,0.001,-0.353
27.589,-0.1228,0.0002,0.2061,0.001,-0.353
27.597,-0.1228,0.0003,0.2035,0.002,-0.346
27.606,-0.1228,0.0003,0.2004,0.002,-0.346
27.614,-0.1228,0.0003,0.1974,0.002,-0.346
27.622,-0.1228,0.0003,0.1949,0.002,-0.332
27.630,-0.1228,0.0003,0.1922,0.002,-0.332
27.638,-0.1228,0.0003,0.1898,0.001,-0.322
27.646,-0.1227,0.0003,0.1870,0.001,-0.322
27.655,-0.1227,0.0003,0.1843,0.001,-0.322
27.663,-0.1227,0.0003,0.1818,0.003,-0.312
27.670,-0.1227,0.0003,0.1795,0.003,-0.312
27.678,-0.1227,0.0003,0.1773,0.001,-0.299
27.686,-0.1227,0.0003,0.1747,0.001,-0.299
27.693,-0.1227,0.0003,0.1726,0.001,-0.299
27.700,-0.1227,0.0003,0.1705,0.000,-0.288
27.708,-0.1227,0.0003,0.1683,0.000,-0.288
27.716,-0.1227,0.0003,0.1660,0.000,-0.282
27.726,-0.1227,0.0003,0.1634,0.000,-0.282
27.733,-0.1227,0.0003,0.1613,0.000,-0.282
27.741,-0.1227,0.0003,0.1591,0.000,-0.270
27.749,-0.1227,0.0003,0.1570,0.000,-0.270
27.756,-0.1227,0.0003,0.1551,-0.001,-0.261
27.765,-0.1227,0.0003,0.1528,-0.001,-0.261
27.772,-0.1227,0.0003,0.1510,-0.001,-0.261
27.780,-0.1227,0.0003,0.1490,0.000,-0.252
27.788,-0.1227,0.0003,0.1470,0.000,-0.252
27.795,-0.1227,0.0003,0.1451,0.000,-0.252
27.802,-0.1227,0.0003,0.1433,0.000,-0.240
27.810,-0.1227,0.0003,0.1415,0.000,-0.240
27.818,-0.1227,0.0003,0.1397,0.000,-0.230
27.826,-0.1227,0.0003,0.1378,0.000,-0.230
27.833,-0.1227,0.0003,0.1361,0.000,-0.230
27.841,-0.1227,0.0003,0.1345,0.000,-0.222
27.849,-0.1227,0.0003,0.1328,0.000,-0.222
27.856,-0.1227,0.0003,0.1311,0.000,-0.222
27.864,-0.1227,0.0003,0.1294,0.001,-0.210
27.872,-0.1227,0.0003,0.1279,0.001,-0.210
27.881,-0.1227,0.0003,0.1260,0.001,-0.198
27.889,-0.1227,0.0003,0.1245,0.001,-0.198
27.897,-0.1226,0.0003,0.1229,0.001,-0.190
27.905,-0.1226,0.0003,0.1213,0.001,-0.190
27.914,-0.1226,0.0003,0.1198,0.001,-0.190
27.921,-0.1226,0.0003,0.1184,0.001,-0.178
27.929,-0.1226,0.0003,0.1170,0.001,-0.178
27.937,-0.1226,0.0003,0.1157,0.000,-0.167
27.945,-0.1226,0.0003,0.1143,0.000,-0.167
27.953,-0.1226,0.0003,0.1130,0.000,-0.167
27.960,-0.1226,0.0003,0.1119,0.001,-0.160
27.967,-0.1226,0.0003,0.1108,0.001,-0.160
27.974,-0.1226,0.0003,0.1096,0.001,-0.160
27.982,-0.1226,0.0003,0.1084,0.001,-0.149
27.989,-0.1226,0.0003,0.1073,0.001,-0.149
27.997,-0.1226,0.0003,0.1063,0.000,-0.139
28.005,-0.1226,0.0003,0.1052,0.000,-0.139
28.012,-0.1226,0.0003,0.1042,0.000,-0.139
28.020,-0.1226,0.0003,0.1032,0.001,-0.131
28.027,-0.1226,0.0003,0.1022,0.001,-0.131
28.036,-0.1226,0.0003,0.1011,0.000,-0.120
28.045,-0.1226,0.0003,0.1001,0.000,-0.120
28.053,-0.1226,0.0003,0.0991,0.000,-0.120
28.063,-0.1226,0.0003,0.0980,0.000,-0.110
28.071,-0.1226,0.0003,0.0971,0.000,-0.110
28.080,-0.1226,0.0003,0.0962,0.000,-0.101
28.088,-0.1226,0.0003,0.0955,0.000,-0.101
28.096,-0.1226,0.0003,0.0946,0.000,-0.101
28.104,-0.1226,0.0003,0.0939,0.000,-0.090
28.111,-0.1226,0.0003,0.0933,0.000,-0.090
28.119,-0.1226,0.0003,0.0927,0.000,-0.078
28.126,-0.1226,0.0003,0.0921,0.000,-0.078
28.134,-0.1226,0.0003,0.0914,0.000,-0.078
28.142,-0.1226,0.0003,0.0909,0.000,-0.070
28.149,-0.1226,0.0003,0.0904,0.000,-0.070
28.156,-0.1226,0.0003,0.0900,-0.001,-0.060
28.165,-0.1226,0.0003,0.0895,-0.001,-0.060
28.173,-0.1226,0.0003,0.0890,-0.001,-0.060
28.180,-0.1226,0.0003,0.0886,-0.001,-0.049
28.188,-0.1226,0.0003,0.0883,-0.001,-0.049
28.197,-0.1226,0.0003,0.0878,-0.001,-0.049
28.204,-0.1226,0.0003,0.0875,0.000,-0.040
28.212,-0.1226,0.0003,0.0872,0.000,-0.040
28.219,-0.1226,0.0003,0.0870,0.000,-0.030
28.226,-0.1226,0.0003,0.0868,0.000,-0.030
28.233,-0.1226,0.0003,0.0866,0.000,-0.030
28.242,-0.1226,0.0003,0.0864,0.000,-0.017
28.249,-0.1226,0.0003,0.0863,0.000,-0.017
28.255,-0.1226,0.0003,0.0862,0.000,-0.017
28.262,-0.1226,0.0003,0.0861,0.000,-0.010
28.269,-0.1226,0.0003,0.0861,0.000,-0.010
28.275,-0.1226,0.0003,0.0860,0.000,-0.010
28.282,-0.1226,0.0003,0.0860,0.000,-0.002
28.288,-0.1226,0.0003,0.0860,0.000,-0.002
28.294,-0.1226,0.0003,0.0860,0.000,-0.002
28.300,-0.1226,0.0003,0.0860,0.000,0.000
28.305,-0.1226,0.0003,0.0860,0.000,0.000
28.311,-0.1226,0.0003,0.0860,0.000,0.000
28.318,-0.1226,0.0003,0.0860,0.000,0.000
28.324,-0.1226,0.0003,0.0860,0.000,0.000
28.331,-0.1226,0.0003,0.0860,0.000,0.000
28.338,-0.1226,0.0003,0.0865,0.000,0.073
28.345,-0.1226,0.0003,0.0870,0.000,0.073
28.352,-0.1226,0.0003,0.0875,0.000,0.073
28.359,-0.1227,0.0003,0.0885,-0.016,0.144
28.366,-0.1228,0.0003,0.0895,-0.016,0.144
28.373,-0.1229,0.0003,0.0905,-0.016,0.144
28.380,-0.1231,0.0002,0.0913,-0.019,0.107
28.387,-0.1232,0.0002,0.0920,-0.019,0.107
28.395,-0.1234,0.0002,0.0929,-0.019,0.107
28.402,-0.1234,0.0002,0.0932,-0.006,0.047
28.409,-0.1235,0.0002,0.0935,-0.006,0.047
28.416,-0.1235,0.0002,0.0939,-0.006,0.047
28.423,-0.1235,0.0002,0.0942,0.000,0.041
28.430,-0.1235,0.0002,0.0944,0.000,0.041
28.437,-0.1235,0.0002,0.0947,-0.002,0.037
28.445,-0.1235,0.0002,0.0950,-0.002,0.037
28.452,-0.1235,0.0002,0.0953,-0.002,0.037
28.459,-0.1236,0.0002,0.0954,-0.003,0.016
28.467,-0.1236,0.0002,0.0955,-0.003,0.016
28.473,-0.1236,0.0002,0.0956,-0.003,0.016
28.482,-0.1236,0.0002,0.0956,0.000,0.005
28.489,-0.1236,0.0002,0.0957,0.000,0.005
28.497,-0.1236,0.0002,0.0957,0.000,0.005
28.504,-0.1236,0.0002,0.0957,0.000,0.002
28.512,-0.1236,0.0002,0.0957,0.000,0.002
28.521,-0.1236,0.0002,0.0957,0.000,0.000
28.528,-0.1236,0.0002,0.0957,0.000,0.000
28.535,-0.1236,0.0002,0.0957,0.000,0.000
28.543,-0.1236,0.0002,0.0957,0.000,0.000
28.551,-0.1236,0.0002,0.0957,0.000,0.000
28.558,-0.1236,0.0002,0.0957,0.000,0.000
28.567,-0.1236,0.0002,0.0957,0.000,0.000
28.574,-0.1236,0.0002,0.0957,0.000,0.000
28.581,-0.1236,0.0002,0.0957,0.000,0.000
28.589,-0.1236,0.0002,0.0957,0.000,0.000
28.597,-0.1236,0.0002,0.0957,0.000,0.000
28.604,-0.1236,0.0002,0.0957,0.000,0.000
28.612,-0.1236,0.0002,0.0957,0.000,0.000
28.619,-0.1236,0.0002,0.0957,0.000,0.000
28.626,-0.1236,0.0002,0.0957,0.000,0.000
28.637,-0.1236,0.0002,0.0957,0.000,0.000
28.645,-0.1236,0.0002,0.0957,0.000,0.000
28.652,-0.1236,0.0002,0.0957,0.000,0.000
28.659,-0.1236,0.0002,0.0957,0.000,0.000
28.667,-0.1236,0.0002,0.0957,0.000,0.000
28.674,-0.1236,0.0002,0.0957,0.000,0.000
28.681,-0.1236,0.0002,0.0957,0.000,0.000
28.689,-0.1236,0.0002,0.0957,0.000,0.000
28.697,-0.1236,0.0002,0.0957,0.000,0.000
28.704,-0.1236,0.0002,0.0957,0.000,0.000
28.711,-0.1236,0.0002,0.0957,0.000,0.000
28.718,-0.1236,0.0002,0.0957,0.000,0.000
28.726,-0.1236,0.0002,0.0957,0.000,0.000
28.733,-0.1236,0.0002,0.0957,0.000,0.000
28.740,-0.1236,0.0002,0.0957,0.000,0.000
28.747,-0.1236,0.0002,0.0957,0.000,0.000
28.754,-0.1236,0.0002,0.0957,0.000,0.000
28.761,-0.1236,0.0002,0.0957,0.000,0.000
28.768,-0.1236,0.0002,0.0957,0.000,0.000
28.775,-0.1236,0.0002,0.0957,0.000,0.000
28.784,-0.1236,0.0002,0.0957,0.000,0.000
28.792,-0.1236,0.0002,0.0957,0.000,0.000
28.799,-0.1236,0.0002,0.0957,0.000,0.000
28.806,-0.1236,0.0002,0.0957,0.000,0.000
28.813,-0.1236,0.0002,0.0957,0.000,0.000
28.821,-0.1236,0.0002,0.0957,0.000,0.000
28.828,-0.1236,0.0002,0.0957,0.000,0.000
28.835,-0.1236,0.0002,0.0957,0.000,0.000
28.843,-0.1236,0.0002,0.0957,0.000,0.000
28.850,-0.1236,0.0002,0.0957,0.000,0.000
28.857,-0.1236,0.0002,0.0957,0.000,0.000
28.865,-0.1236,0.0002,0.0957,0.000,0.000
28.872,-0.1236,0.0002,0.0957,0.000,0.000
28.879,-0.1236,0.0002,0.0957,0.000,0.000
28.886,-0.1236,0.0002,0.0957,0.000,0.000
28.894,-0.1236,0.0002,0.0957,0.000,0.000
28.901,-0.1236,0.0002,0.0957,0.000,0.000
28.908,-0.1236,0.0002,0.0957,0.000,0.000
28.915,-0.1236,0.0002,0.0957,0.000,0.000
28.923,-0.1236,0.0002,0.0957,0.000,0.000
28.930,-0.1236,0.0002,0.0957,0.000,0.000
28.939,-0.1236,0.0002,0.0957,0.000,0.000
28.946,-0.1236,0.0002,0.0957,0.000,0.000
28.954,-0.1236,0.0002,0.0957,0.000,0.000
28.961,-0.1236,0.0002,0.0957,0.000,0.000
28.968,-0.1236,0.0002,0.0957,0.000,0.000
28.976,-0.1236,0.0002,0.0957,0.000,0.000
28.983,-0.1236,0.0002,0.0957,0.000,0.000
28.990,-0.1236,0.0002,0.0957,0.000,0.000
28.997,-0.1236,0.0002,0.0957,0.000,0.000
29.004,-0.1236,0.0002,0.0957,0.000,0.000
29.011,-0.1236,0.0002,0.0957,0.000,0.000
29.018,-0.1236,0.0002,0.0957,0.000,0.000
29.027,-0.1236,0.0002,0.0957,0.000,0.000
29.035,-0.1236,0.0002,0.0957,0.000,0.000
29.043,-0.1236,0.0002,0.0957,0.000,0.000
29.050,-0.1236,0.0002,0.0957,0.000,0.000
29.058,-0.1236,0.0002,0.0957,0.000,0.000
29.066,-0.1236,0.0002,0.0957,0.000,0.000
29.073,-0.1236,0.0002,0.0957,0.000,0.000
29.081,-0.1236,0.0002,0.0957,0.000,0.000
29.090,-0.1236,0.0002,0.0957,0.000,0.000
29.097,-0.1236,0.0002,0.0957,0.000,0.000
29.105,-0.1236,0.0002,0.0957,0.000,0.000
29.112,-0.1236,0.0002,0.0957,0.000,0.000
29.120,-0.1236,0.0002,0.0957,0.000,0.000
29.127,-0.1236,0.0002,0.0957,0.000,0.000
29.134,-0.1236,0.0002,0.0957,0.000,0.000
29.142,-0.1236,0.0002,0.0957,0.000,0.000
29.150,-0.1236,0.0002,0.0957,0.000,0.000
29.158,-0.1236,0.0002,0.0957,0.000,0.000
29.166,-0.1236,0.0002,0.0957,0.000,0.000
29.174,-0.1236,0.0002,0.0957,0.000,0.000
29.181,-0.1236,0.0002,0.0957,0.000,0.000
29.190,-0.1236,0.0002,0.0957,0.000,0.000
29.197,-0.1236,0.0002,0.0957,0.000,0.000
29.206,-0.1236,0.0002,0.0957,0.000,0.000
29.213,-0.1236,0.0002,0.0957,0.000,0.000
29.221,-0.1236,0.0002,0.0957,0.000,0.000
29.229,-0.1236,0.0002,0.0957,0.000,0.000
29.236,-0.1236,0.0002,0.0957,0.000,0.000
29.246,-0.1236,0.0002,0.0957,0.000,0.000
29.254,-0.1236,0.0002,0.0957,0.000,0.000
29.261,-0.1236,0.0002,0.0957,0.000,0.000
29.268,-0.1236,0.0002,0.0957,0.000,0.000
29.275,-0.1236,0.0002,0.0957,0.000,0.000
29.282,-0.1236,0.0002,0.0957,0.000,0.000
29.290,-0.1236,0.0002,0.0957,0.000,0.000
29.297,-0.1236,0.0002,0.0957,0.000,0.000
29.304,-0.1236,0.0002,0.0957,0.000,0.000
29.310,-0.1236,0.0002,0.0957,0.000,0.000
29.317,-0.1236,0.0002,0.0957,0.000,0.000
29.325,-0.1236,0.0002,0.0957,0.000,0.000
29.333,-0.1236,0.0002,0.0957,0.000,0.000
29.340,-0.1236,0.0002,0.0957,0.000,0.000
29.348,-0.1236,0.0002,0.0957,0.000,0.000
29.355,-0.1236,0.0002,0.0957,0.000,0.000
29.363,-0.1236,0.0002,0.0957,0.000,0.000
29.370,-0.1236,0.0002,0.0957,0.000,0.000
29.377,-0.1236,0.0002,0.0957,0.000,0.000
29.385,-0.1236,0.0002,0.0957,0.000,0.000
29.393,-0.1236,0.0002,0.0957,0.000,0.000
29.402,-0.1236,0.0002,0.0957,0.000,0.000
29.409,-0.1236,0.0002,0.0957,0.000,0.000
29.418,-0.1236,0.0002,0.0957,0.000,0.000
29.421,-0.1236,0.0002,0.0957,0.000,0.000
29.423,-0.1236,0.0002,0.0957,0.000,0.000
29.528,-0.1236,0.0002,0.0957,0.000,0.000
29.536,-0.1236,0.0002,0.0957,0.000,0.000
29.544,-0.1236,0.0002,0.0957,0.000,0.000
29.552,-0.1236,0.0002,0.0957,0.000,0.000
29.560,-0.1236,0.0002,0.0957,0.000,0.000
29.569,-0.1236,0.0002,0.0957,0.000,0.000
29.578,-0.1236,0.0002,0.0957,0.000,0.000
29.587,-0.1236,0.0002,0.0957,0.000,0.000
29.594,-0.1236,0.0002,0.0957,0.000,0.000
29.602,-0.1236,0.0002,0.0957,0.000,0.000
29.610,-0.1236,0.0002,0.0957,0.000,0.000
29.618,-0.1236,0.0002,0.0957,0.000,0.000
29.627,-0.1236,0.0002,0.0957,0.000,0.000
29.634,-0.1236,0.0002,0.0957,0.000,0.000
29.644,-0.1236,0.0002,0.0957,0.000,0.000
29.651,-0.1236,0.0002,0.0957,0.000,0.000
29.659,-0.1236,0.0002,0.0957,0.000,0.000
29.666,-0.1236,0.0002,0.0957,0.000,0.000
29.674,-0.1236,0.0002,0.0957,0.000,0.000
29.682,-0.1236,0.0002,0.0957,0.000,0.000
29.689,-0.1236,0.0002,0.0957,0.000,0.000
29.696,-0.1236,0.0002,0.0957,0.000,0.000
29.705,-0.1236,0.0002,0.0957,0.000,0.000
29.712,-0.1236,0.0002,0.0957,0.000,0.000
29.721,-0.1236,0.0002,0.0957,0.000,0.000
29.729,-0.1236,0.0002,0.0957,0.000,0.000
29.737,-0.1236,0.0002,0.0957,0.000,0.000
29.746,-0.1236,0.0002,0.0957,0.000,0.000
29.753,-0.1236,0.0002,0.0957,0.000,0.000
29.761,-0.1236,0.0002,0.0957,0.000,0.000
29.770,-0.1236,0.0002,0.0957,0.000,0.000
29.779,-0.1236,0.0002,0.0957,0.000,0.000
29.787,-0.1236,0.0002,0.0957,0.000,0.000
29.795,-0.1236,0.0002,0.0957,0.000,0.000
29.804,-0.1236,0.0002,0.0957,0.000,0.000
29.812,-0.1236,0.0002,0.0957,0.000,0.000
29.822,-0.1236,0.0002,0.0957,0.000,0.000
29.831,-0.1236,0.0002,0.0957,0.000,0.000
29.839,-0.1236,0.0002,0.0957,0.000,0.000
29.847,-0.1236,0.0002,0.0957,0.000,0.000
29.854,-0.1236,0.0002,0.0957,0.000,0.000
29.862,-0.1236,0.0002,0.0957,0.000,0.000
29.870,-0.1236,0.0002,0.0957,0.000,0.000
29.877,-0.1236,0.0002,0.0957,0.000,0.000
29.886,-0.1236,0.0002,0.0957,0.000,0.000
29.893,-0.1236,0.0002,0.0957,0.000,0.000
29.900,-0.1236,0.0002,0.0957,0.000,0.000
29.908,-0.1236,0.0002,0.0957,0.000,0.000
29.915,-0.1236,0.0002,0.0957,0.000,0.000
29.923,-0.1236,0.0002,0.0957,0.000,0.000
29.931,-0.1236,0.0002,0.0957,0.000,0.000
29.939,-0.1236,0.0002,0.0957,0.000,0.000
29.947,-0.1236,0.0002,0.0957,0.000,0.000
29.954,-0.1236,0.0002,0.0957,0.000,0.000
29.963,-0.1236,0.0002,0.0957,0.000,0.000
29.971,-0.1236,0.0002,0.0957,0.000,0.000
29.980,-0.1236,0.0002,0.0957,0.000,0.000
29.987,-0.1236,0.0002,0.0957,0.000,0.000
29.994,-0.1236,0.0002,0.0957,0.000,0.000
30.002,-0.1236,0.0002,0.0957,0.000,0.000
30.010,-0.1236,0.0002,0.0957,0.000,0.000
30.018,-0.1236,0.0002,0.0957,0.000,0.000
30.026,-0.1236,0.0002,0.0957,0.000,0.000
30.033,-0.1236,0.0002,0.0957,0.000,0.000
30.041,-0.1236,0.0002,0.0957,0.000,0.000
30.049,-0.1236,0.0002,0.0957,0.000,0.000
30.057,-0.1236,0.0002,0.0957,0.000,0.000
30.066,-0.1236,0.0002,0.0957,0.000,0.000
30.073,-0.1236,0.0002,0.0957,0.000,0.000
30.081,-0.1236,0.0002,0.0957,0.000,0.000
30.088,-0.1236,0.0002,0.0957,0.000,0.000
30.096,-0.1236,0.0002,0.0957,0.000,0.000
30.103,-0.1236,0.0002,0.0957,0.000,0.000
30.111,-0.1236,0.0002,0.0957,0.000,0.000
30.122,-0.1236,0.0002,0.0957,0.000,0.000
30.130,-0.1236,0.0002,0.0957,0.000,0.000
30.138,-0.1236,0.0002,0.0957,0.000,0.000
30.147,-0.1236,0.0002,0.0957,0.000,0.000
30.154,-0.1236,0.0002,0.0957,0.000,0.000
30.162,-0.1236,0.0002,0.0957,0.000,0.000
30.170,-0.1236,0.0002,0.0957,0.000,0.000
30.178,-0.1236,0.0002,0.0957,0.000,0.000
30.186,-0.1236,0.0002,0.0957,0.000,0.000
30.194,-0.1236,0.0002,0.0957,0.000,0.000
30.201,-0.1236,0.0002,0.0957,0.000,0.000
30.208,-0.1236,0.0002,0.0957,0.000,0.000
30.216,-0.1236,0.0002,0.0957,0.000,0.000
30.223,-0.1236,0.0002,0.0957,0.000,0.000
30.230,-0.1236,0.0002,0.0957,0.000,0.000
30.237,-0.1236,0.0002,0.0957,0.000,0.000
30.245,-0.1236,0.0002,0.0957,0.000,0.000
30.253,-0.1236,0.0002,0.0957,0.000,0.000
30.261,-0.1236,0.0002,0.0957,0.000,0.000
30.268,-0.1236,0.0002,0.0957,0.000,0.000
30.277,-0.1236,0.0002,0.0957,0.000,0.000
30.286,-0.1236,0.0002,0.0957,0.000,0.000
30.294,-0.1236,0.0002,0.0957,0.000,0.000
30.302,-0.1236,0.0002,0.0957,0.000,0.000
30.310,-0.1236,0.0002,0.0957,0.000,0.000
30.318,-0.1236,0.0002,0.0957,0.000,0.000
30.327,-0.1236,0.0002,0.0957,0.000,0.000
30.335,-0.1236,0.0002,0.0957,0.000,0.000
30.342,-0.1236,0.0002,0.0957,0.000,0.000
30.350,-0.1236,0.0002,0.0957,0.000,0.000
30.358,-0.1236,0.0002,0.0957,0.000,0.000
30.367,-0.1236,0.0002,0.0957,0.000,0.000
30.376,-0.1236,0.0002,0.0957,0.000,0.000
30.384,-0.1236,0.0002,0.0957,0.000,0.000
30.392,-0.1236,0.0002,0.0957,0.000,0.000
30.400,-0.1236,0.0002,0.0957,0.000,0.000
30.407,-0.1236,0.0002,0.0957,0.000,0.000
30.416,-0.1236,0.0002,0.0957,0.000,0.000
30.418,-0.1236,0.0002,0.0957,0.000,0.000
30.421,-0.1236,0.0002,0.0957,0.000,0.000
30.527,-0.1236,0.0002,0.0957,0.000,0.000
30.534,-0.1236,0.0002,0.0957,0.000,0.000
30.542,-0.1236,0.0002,0.0957,0.000,0.000
30.550,-0.1236,0.0002,0.0957,0.000,0.000
30.558,-0.1236,0.0002,0.0957,0.000,0.000
30.567,-0.1236,0.0002,0.0957,0.000,0.000
30.574,-0.1236,0.0002,0.0957,0.000,0.000
30.582,-0.1236,0.0002,0.0957,0.000,0.000
30.590,-0.1236,0.0002,0.0957,0.000,0.000
30.598,-0.1236,0.0002,0.0957,0.000,0.000
30.606,-0.1236,0.0002,0.0957,0.000,0.000
30.615,-0.1236,0.0002,0.0957,0.000,0.000
30.623,-0.1236,0.0002,0.0957,0.000,0.000
30.631,-0.1236,0.0002,0.0957,0.000,0.000
30.639,-0.1236,0.0002,0.0957,0.000,0.000
30.646,-0.1236,0.0002,0.0957,0.000,0.000
30.653,-0.1236,0.0002,0.0957,0.000,0.000
30.661,-0.1236,0.0002,0.0957,0.000,0.000
30.669,-0.1236,0.0002,0.0957,0.000,0.000
30.677,-0.1236,0.0002,0.0957,0.000,0.000
30.688,-0.1236,0.0002,0.0957,0.000,0.000
30.696,-0.1236,0.0002,0.0957,0.000,0.000
30.704,-0.1236,0.0002,0.0957,0.000,0.000
30.711,-0.1236,0.0002,0.0957,0.000,0.000
30.718,-0.1236,0.0002,0.0957,0.000,0.000
30.726,-0.1236,0.0002,0.0957,0.000,0.000
30.734,-0.1236,0.0002,0.0957,0.000,0.000
30.742,-0.1236,0.0002,0.0957,0.000,0.000
30.749,-0.1236,0.0002,0.0957,0.000,0.000
30.757,-0.1236,0.0002,0.0957,0.000,0.000
30.764,-0.1236,0.0002,0.0957,0.000,0.000
30.772,-0.1236,0.0002,0.0957,0.000,0.000
30.781,-0.1236,0.0002,0.0957,0.000,0.000
30.788,-0.1236,0.0002,0.0957,0.000,0.000
30.796,-0.1236,0.0002,0.0957,0.000,0.000
30.803,-0.1236,0.0002,0.0957,0.000,0.000
30.811,-0.1236,0.0002,0.0957,0.000,0.000
30.818,-0.1236,0.0002,0.0957,0.000,0.000
30.827,-0.1236,0.0002,0.0957,0.000,0.000
30.835,-0.1236,0.0002,0.0957,0.000,0.000
30.845,-0.1236,0.0002,0.0957,0.000,0.000
30.853,-0.1236,0.0002,0.0957,0.000,0.000
30.861,-0.1236,0.0002,0.0957,0.000,0.000
30.869,-0.1236,0.0002,0.0957,0.000,0.000
30.876,-0.1236,0.0002,0.0957,0.000,0.000
30.884,-0.1236,0.0002,0.0957,0.000,0.000
30.892,-0.1236,0.0002,0.0957,0.000,0.000
30.899,-0.1236,0.0002,0.0957,0.000,0.000
30.907,-0.1236,0.0002,0.0957,0.000,0.000
30.915,-0.1236,0.0002,0.0957,0.000,0.000
30.922,-0.1236,0.0002,0.0957,0.000,0.000
30.930,-0.1236,0.0002,0.0957,0.000,0.000
30.937,-0.1236,0.0002,0.0957,0.000,0.000
30.945,-0.1236,0.0002,0.0957,0.000,0.000
30.952,-0.1236,0.0002,0.0957,0.000,0.000
30.959,-0.1236,0.0002,0.0957,0.000,0.000
30.967,-0.1236,0.0002,0.0957,0.000,0.000
30.974,-0.1236,0.0002,0.0957,0.000,0.000
30.982,-0.1236,0.0002,0.0957,0.000,0.000
30.989,-0.1236,0.0002,0.0957,0.000,0.000
30.998,-0.1236,0.0002,0.0957,0.000,0.000
31.007,-0.1236,0.0002,0.0957,0.000,0.000
31.014,-0.1236,0.0002,0.0957,0.000,0.000
31.023,-0.1236,0.0002,0.0957,0.000,0.000
31.030,-0.1236,0.0002,0.0957,0.000,0.000
31.037,-0.1236,0.0002,0.0957,0.000,0.000
31.045,-0.1236,0.0002,0.0957,0.000,0.000
31.053,-0.1236,0.0002,0.0957,0.000,0.000
31.061,-0.1236,0.0002,0.0957,0.000,0.000
31.068,-0.1236,0.0002,0.0957,0.000,0.000
31.076,-0.1236,0.0002,0.0957,0.000,0.000
31.085,-0.1236,0.0002,0.0957,0.000,0.000
31.092,-0.1236,0.0002,0.0957,0.000,0.000
31.100,-0.1236,0.0002,0.0957,0.000,0.000
31.108,-0.1236,0.0002,0.0957,0.000,0.000
31.116,-0.1236,0.0002,0.0957,0.000,0.000
31.125,-0.1236,0.0002,0.0957,0.000,0.000
31.133,-0.1236,0.0002,0.0957,0.000,0.000
31.142,-0.1236,0.0002,0.0957,0.000,0.000
31.150,-0.1236,0.0002,0.0957,0.000,0.000
31.157,-0.1236,0.0002,0.0957,0.000,0.000
31.167,-0.1236,0.0002,0.0957,0.000,0.000
31.175,-0.1236,0.0002,0.0957,0.000,0.000
31.183,-0.1236,0.0002,0.0957,0.000,0.000
31.190,-0.1236,0.0002,0.0957,0.000,0.000
31.197,-0.1236,0.0002,0.0957,0.000,0.000
31.205,-0.1236,0.0002,0.0957,0.000,0.000
31.213,-0.1236,0.0002,0.0957,0.000,0.000
31.220,-0.1236,0.0002,0.0957,0.000,0.000
31.228,-0.1236,0.0002,0.0957,0.000,0.000
31.236,-0.1236,0.0002,0.0957,0.000,0.000
31.243,-0.1236,0.0002,0.0957,0.000,0.000
31.251,-0.1236,0.0002,0.0957,0.000,0.000
31.258,-0.1236,0.0002,0.0957,0.000,0.000
31.267,-0.1236,0.0002,0.0957,0.000,0.000
31.274,-0.1236,0.0002,0.0957,0.000,0.000
31.282,-0.1236,0.0002,0.0957,0.000,0.000
31.289,-0.1236,0.0002,0.0957,0.000,0.000
31.296,-0.1236,0.0002,0.0957,0.000,0.000
31.303,-0.1236,0.0002,0.0957,0.000,0.000
31.307,-0.1236,0.0002,0.0957,0.000,0.000
31.411,-0.1236,0.0002,0.0957,0.000,0.000
31.418,-0.1236,0.0002,0.0957,0.000,0.000
31.426,-0.1236,0.0002,0.0957,0.000,0.000
31.434,-0.1236,0.0002,0.0957,0.000,0.000
31.442,-0.1236,0.0002,0.0957,0.000,0.000
31.450,-0.1236,0.0002,0.0957,0.000,0.000
31.458,-0.1236,0.0002,0.0957,0.000,0.000
31.468,-0.1236,0.0002,0.0957,0.000,0.000
31.476,-0.1236,0.0002,0.0957,0.000,0.000
31.483,-0.1236,0.0002,0.0957,0.000,0.000
31.491,-0.1236,0.0002,0.0957,0.000,0.000
31.499,-0.1236,0.0002,0.0957,0.000,0.000
31.507,-0.1236,0.0002,0.0957,0.000,0.000
31.514,-0.1236,0.0002,0.0957,0.000,0.000
31.522,-0.1236,0.0002,0.0957,0.000,0.000
31.530,-0.1236,0.0002,0.0957,0.000,0.000
31.538,-0.1236,0.0002,0.0957,0.000,0.000
31.546,-0.1236,0.0002,0.0957,0.000,0.000
31.553,-0.1236,0.0002,0.0957,0.000,0.000
31.563,-0.1236,0.0002,0.0957,0.000,0.000
31.570,-0.1236,0.0002,0.0957,0.000,0.000
31.579,-0.1236,0.0002,0.0957,0.000,0.000
31.587,-0.1236,0.0002,0.0957,0.000,0.000
31.594,-0.1236,0.0002,0.0957,0.000,0.000
31.602,-0.1236,0.0002,0.0957,0.000,0.000
31.609,-0.1236,0.0002,0.0957,0.000,0.000
31.617,-0.1236,0.0002,0.0957,0.000,0.000
31.624,-0.1236,0.0002,0.0957,0.000,0.000
31.632,-0.1236,0.0002,0.0957,0.000,0.000
31.640,-0.1236,0.0002,0.0957,0.000,0.000
31.648,-0.1236,0.0002,0.0957,0.000,0.000
31.655,-0.1236,0.0002,0.0957,0.000,0.000
31.663,-0.1236,0.0002,0.0957,0.000,0.000
31.670,-0.1236,0.0002,0.0957,0.000,0.000
31.678,-0.1236,0.0002,0.0957,0.000,0.000
31.686,-0.1236,0.0002,0.0957,0.000,0.000
31.693,-0.1236,0.0002,0.0957,0.000,0.000
31.701,-0.1236,0.0002,0.0957,0.000,0.000
31.709,-0.1236,0.0002,0.0957,0.000,0.000
31.718,-0.1236,0.0002,0.0957,0.000,0.000
31.726,-0.1236,0.0002,0.0957,0.000,0.000
31.733,-0.1236,0.0002,0.0957,0.000,0.000
31.741,-0.1236,0.0002,0.0957,0.000,0.000
31.749,-0.1236,0.0002,0.0957,0.000,0.000
31.756,-0.1236,0.0002,0.0957,0.000,0.000
31.764,-0.1236,0.0002,0.0957,0.000,0.000
31.771,-0.1236,0.0002,0.0957,0.000,0.000
31.779,-0.1236,0.0002,0.0957,0.000,0.000
31.787,-0.1236,0.0002,0.0957,0.000,0.000
31.795,-0.1236,0.0002,0.0957,0.000,0.000
31.802,-0.1236,0.0002,0.0957,0.000,0.000
31.809,-0.1236,0.0002,0.0957,0.000,0.000
31.816,-0.1236,0.0002,0.0957,0.000,0.000
31.824,-0.1236,0.0002,0.0957,0.000,0.000
31.831,-0.1236,0.0002,0.0957,0.000,0.000
31.838,-0.1236,0.0002,0.0957,0.000,0.000
31.847,-0.1236,0.0002,0.0957,0.000,0.000
31.854,-0.1236,0.0002,0.0957,0.000,0.000
31.862,-0.1236,0.0002,0.0957,0.000,0.000
31.871,-0.1236,0.0002,0.0957,0.000,0.000
31.878,-0.1236,0.0002,0.0957,0.000,0.000
31.886,-0.1236,0.0002,0.0957,0.000,0.000
31.894,-0.1236,0.0002,0.0957,0.000,0.000
31.902,-0.1236,0.0002,0.0957,0.000,0.000
31.909,-0.1236,0.0002,0.0957,0.000,0.000
31.917,-0.1236,0.0002,0.0957,0.000,0.000
31.924,-0.1236,0.0002,0.0957,0.000,0.000
31.932,-0.1236,0.0002,0.0957,0.000,0.000
31.942,-0.1236,0.0002,0.0957,0.000,0.000
31.950,-0.1236,0.0002,0.0957,0.000,0.000
31.958,-0.1236,0.0002,0.0957,0.000,0.000
31.966,-0.1236,0.0002,0.0957,0.000,0.000
31.974,-0.1236,0.0002,0.0957,0.000,0.000
31.982,-0.1236,0.0002,0.0957,0.000,0.000
31.989,-0.1236,0.0002,0.0957,0.000,0.000
31.996,-0.1236,0.0002,0.0957,0.000,0.000
32.004,-0.1236,0.0002,0.0957,0.000,0.000
32.012,-0.1236,0.0002,0.0957,0.000,0.000
32.019,-0.1236,0.0002,0.0957,0.000,0.000
32.029,-0.1236,0.0002,0.0957,0.000,0.000
32.036,-0.1236,0.0002,0.0957,0.000,0.000
32.044,-0.1236,0.0002,0.0957,0.000,0.000
32.052,-0.1236,0.0002,0.0957,0.000,0.000
32.059,-0.1236,0.0002,0.0957,0.000,0.000
32.068,-0.1236,0.0002,0.0957,0.000,0.000
32.070,-0.1236,0.0002,0.0957,0.000,0.000
32.073,-0.1236,0.0002,0.0957,0.000,0.000
32.177,-0.1236,0.0002,0.0957,0.000,0.000
32.184,-0.1236,0.0002,0.0957,0.000,0.000
32.192,-0.1236,0.0002,0.0957,0.000,0.000
32.200,-0.1236,0.0002,0.0957,0.000,0.000
32.208,-0.1236,0.0002,0.0957,0.000,0.000
32.215,-0.1236,0.0002,0.0957,0.000,0.000
32.225,-0.1236,0.0002,0.0957,0.000,0.000
32.232,-0.1236,0.0002,0.0957,0.000,0.000
32.240,-0.1236,0.0002,0.0957,0.000,0.000
32.248,-0.1236,0.0002,0.0957,0.000,0.000
32.255,-0.1236,0.0002,0.0957,0.000,0.000
32.264,-0.1236,0.0002,0.0957,0.000,0.000
32.272,-0.1236,0.0002,0.0957,0.000,0.000
32.279,-0.1236,0.0002,0.0957,0.000,0.000
32.287,-0.1236,0.0002,0.0957,0.000,0.000
32.294,-0.1236,0.0002,0.0957,0.000,0.000
32.302,-0.1236,0.0002,0.0957,0.000,0.000
32.309,-0.1236,0.0002,0.0957,0.000,0.000
32.316,-0.1236,0.0002,0.0957,0.000,0.000
32.325,-0.1236,0.0002,0.0957,0.000,0.000
32.332,-0.1236,0.0002,0.0957,0.000,0.000
32.340,-0.1236,0.0002,0.0957,0.000,0.000
32.347,-0.1236,0.0002,0.0957,0.000,0.000
32.354,-0.1236,0.0002,0.0957,0.000,0.000
32.361,-0.1236,0.0002,0.0957,0.000,0.000
32.369,-0.1236,0.0002,0.0957,0.000,0.000
32.376,-0.1236,0.0002,0.0957,0.000,0.000
32.383,-0.1236,0.0002,0.0957,0.000,0.000
32.390,-0.1236,0.0002,0.0957,0.000,0.000
32.397,-0.1236,0.0002,0.0957,0.000,0.000
32.405,-0.1236,0.0002,0.0957,0.000,0.000
32.412,-0.1236,0.0002,0.0957,0.000,0.000
32.420,-0.1236,0.0002,0.0957,0.000,0.000
32.428,-0.1236,0.0002,0.0957,0.000,0.000
32.436,-0.1236,0.0002,0.0957,0.000,0.000
32.444,-0.1236,0.0002,0.0957,0.000,0.000
32.451,-0.1236,0.0002,0.0957,0.000,0.000
32.458,-0.1236,0.0002,0.0957,0.000,0.000
32.467,-0.1236,0.0002,0.0957,0.000,0.000
32.476,-0.1236,0.0002,0.0957,0.000,0.000
32.484,-0.1236,0.0002,0.0957,0.000,0.000
32.492,-0.1236,0.0002,0.0957,0.000,0.000
32.500,-0.1236,0.0002,0.0957,0.000,0.000
32.507,-0.1236,0.0002,0.0957,0.000,0.000
32.515,-0.1236,0.0002,0.0957,0.000,0.000
32.523,-0.1236,0.0002,0.0957,0.000,0.000
32.530,-0.1236,0.0002,0.0957,0.000,0.000
32.538,-0.1236,0.0002,0.0957,0.000,0.000
32.547,-0.1236,0.0002,0.0957,0.000,0.000
32.554,-0.1236,0.0002,0.0957,0.000,0.000
32.562,-0.1236,0.0002,0.0957,0.000,0.000
32.570,-0.1236,0.0002,0.0957,0.000,0.000
32.579,-0.1236,0.0002,0.0957,0.000,0.000
32.588,-0.1236,0.0002,0.0957,0.000,0.000
32.595,-0.1236,0.0002,0.0957,0.000,0.000
32.603,-0.1236,0.0002,0.0957,0.000,0.000
32.610,-0.1236,0.0002,0.0957,0.000,0.000
32.618,-0.1236,0.0002,0.0957,0.000,0.000
32.627,-0.1236,0.0002,0.0957,0.000,0.000
32.634,-0.1236,0.0002,0.0957,0.000,0.000
32.643,-0.1236,0.0002,0.0957,0.000,0.000
32.650,-0.1236,0.0002,0.0957,0.000,0.000
32.657,-0.1236,0.0002,0.0957,0.000,0.000
32.666,-0.1236,0.0002,0.0957,0.000,0.000
32.673,-0.1236,0.0002,0.0957,0.000,0.000
32.680,-0.1236,0.0002,0.0957,0.000,0.000
32.688,-0.1236,0.0002,0.0957,0.000,0.000
32.696,-0.1236,0.0002,0.0957,0.000,0.000
32.703,-0.1236,0.0002,0.0957,0.000,0.000
32.710,-0.1236,0.0002,0.0957,0.000,0.000
32.718,-0.1236,0.0002,0.0957,0.000,0.000
32.727,-0.1236,0.0002,0.0957,0.000,0.000
32.738,-0.1236,0.0002,0.0957,0.000,0.000
32.748,-0.1236,0.0002,0.0957,0.000,0.000
32.756,-0.1236,0.0002,0.0957,0.000,0.000
32.764,-0.1236,0.0002,0.0957,0.000,0.000
32.771,-0.1236,0.0002,0.0957,0.000,0.000
32.780,-0.1236,0.0002,0.0957,0.000,0.000
32.788,-0.1236,0.0002,0.0957,0.000,0.000
32.795,-0.1236,0.0002,0.0957,0.000,0.000
32.803,-0.1236,0.0002,0.0957,0.000,0.000
32.811,-0.1236,0.0002,0.0957,0.000,0.000
32.819,-0.1236,0.0002,0.0957,0.000,0.000
32.829,-0.1236,0.0002,0.0957,0.000,0.000
32.837,-0.1236,0.0002,0.0957,0.000,0.000
32.846,-0.1236,0.0002,0.0957,0.000,0.000
32.853,-0.1236,0.0002,0.0957,0.000,0.000
32.861,-0.1236,0.0002,0.0957,0.000,0.000
32.868,-0.1236,0.0002,0.0957,0.000,0.000
32.876,-0.1236,0.0002,0.0957,0.000,0.000
32.884,-0.1236,0.0002,0.0957,0.000,0.000
32.892,-0.1236,0.0002,0.0957,0.000,0.000
32.901,-0.1236,0.0002,0.0957,0.000,0.000
32.910,-0.1236,0.0002,0.0957,0.000,0.000
32.918,-0.1236,0.0002,0.0957,0.000,0.000
32.927,-0.1236,0.0002,0.0957,0.000,0.000
32.935,-0.1236,0.0002,0.0957,0.000,0.000
32.943,-0.1236,0.0002,0.0957,0.000,0.000
32.951,-0.1236,0.0002,0.0957,0.000,0.000
32.959,-0.1236,0.0002,0.0957,0.000,0.000
32.967,-0.1236,0.0002,0.0957,0.000,0.000
32.975,-0.1236,0.0002,0.0957,0.000,0.000
32.983,-0.1236,0.0002,0.0957,0.000,0.000
32.991,-0.1236,0.0002,0.0957,0.000,0.000
32.999,-0.1236,0.0002,0.0957,0.000,0.000
33.007,-0.1236,0.0002,0.0957,0.000,0.000
33.014,-0.1236,0.0002,0.0957,0.000,0.000
33.022,-0.1236,0.0002,0.0957,0.000,0.000
33.030,-0.1236,0.0002,0.0957,0.000,0.000
33.037,-0.1236,0.0002,0.0957,0.000,0.000
33.045,-0.1236,0.0002,0.0957,0.000,0.000
33.052,-0.1236,0.0002,0.0957,0.000,0.000
33.061,-0.1236,0.0002,0.0957,0.000,0.000
33.069,-0.1236,0.0002,0.0957,0.000,0.000
33.075,-0.1236,0.0002,0.0957,0.000,0.000
33.083,-0.1236,0.0002,0.0957,0.000,0.000
33.089,-0.1236,0.0002,0.0957,0.000,0.000
33.095,-0.1236,0.0002,0.0957,0.000,0.000
33.101,-0.1236,0.0002,0.0957,0.000,0.000
33.108,-0.1236,0.0002,0.0957,0.000,0.000
33.114,-0.1236,0.0002,0.0957,0.000,0.000
33.121,-0.1236,0.0002,0.0957,0.000,0.000
33.127,-0.1236,0.0002,0.0957,0.000,0.000
33.133,-0.1236,0.0002,0.0957,0.000,0.000
33.140,-0.1236,0.0002,0.0957,0.000,0.000
33.146,-0.1236,0.0002,0.0957,0.000,0.000
33.152,-0.1236,0.0002,0.0957,0.000,0.000
33.158,-0.1236,0.0002,0.0957,0.000,0.000
33.164,-0.1236,0.0002,0.0957,0.000,0.000
33.171,-0.1236,0.0002,0.0957,0.000,0.000
33.177,-0.1236,0.0002,0.0957,0.000,0.000
33.184,-0.1236,0.0002,0.0957,0.000,0.000
33.191,-0.1236,0.0002,0.0957,0.000,0.000
33.198,-0.1236,0.0002,0.0957,0.000,0.000
33.204,-0.1236,0.0002,0.0957,0.000,0.000
33.211,-0.1236,0.0002,0.0957,0.000,0.000
33.218,-0.1236,0.0002,0.0957,0.000,0.000
33.225,-0.1236,0.0002,0.0957,0.000,0.000
33.232,-0.1236,0.0002,0.0957,0.000,0.000
33.239,-0.1236,0.0002,0.0957,0.000,0.000
33.247,-0.1236,0.0002,0.0957,0.000,0.000
33.254,-0.1236,0.0002,0.0957,0.000,0.000
33.263,-0.1236,0.0002,0.0957,0.000,0.000
33.273,-0.1236,0.0002,0.0957,0.000,0.000
33.282,-0.1236,0.0002,0.0957,0.000,0.000
33.290,-0.1236,0.0002,0.0957,0.000,0.000
33.298,-0.1236,0.0002,0.0957,0.000,0.000
33.307,-0.1236,0.0002,0.0957,0.000,0.000
33.315,-0.1236,0.0002,0.0957,0.000,0.000
33.323,-0.1236,0.0002,0.0957,0.000,0.000
33.330,-0.1236,0.0002,0.0957,0.000,0.000
33.339,-0.1236,0.0002,0.0957,0.000,0.000
33.348,-0.1236,0.0002,0.0957,0.000,0.000
33.357,-0.1236,0.0002,0.0957,0.000,0.000
33.365,-0.1236,0.0002,0.0957,0.000,0.000
33.373,-0.1236,0.0002,0.0957,0.000,0.000
33.382,-0.1236,0.0002,0.0957,0.000,0.000
33.389,-0.1236,0.0002,0.0957,0.000,0.000
33.397,-0.1236,0.0002,0.0957,0.000,0.000
33.404,-0.1236,0.0002,0.0957,0.000,0.000
33.411,-0.1236,0.0002,0.0957,0.000,0.000
33.419,-0.1236,0.0002,0.0957,0.000,0.000
33.427,-0.1236,0.0002,0.0957,0.000,0.000
33.434,-0.1236,0.0002,0.0957,0.000,0.000
33.441,-0.1236,0.0002,0.0957,0.000,0.000
33.449,-0.1236,0.0002,0.0957,0.000,0.000
33.457,-0.1236,0.0002,0.0957,0.000,0.000
33.464,-0.1236,0.0002,0.0957,0.000,0.000
33.471,-0.1236,0.0002,0.0957,0.000,0.000
33.478,-0.1236,0.0002,0.0957,0.000,0.000
33.487,-0.1236,0.0002,0.0957,0.000,0.000
33.496,-0.1236,0.0002,0.0957,0.000,0.000
33.504,-0.1236,0.0002,0.0957,0.000,0.000
33.513,-0.1236,0.0002,0.0957,0.000,0.000
33.521,-0.1236,0.0002,0.0957,0.000,0.000
33.529,-0.1236,0.0002,0.0957,0.000,0.000
33.537,-0.1236,0.0002,0.0957,0.000,0.000
33.546,-0.1236,0.0002,0.0957,0.000,0.000
33.554,-0.1236,0.0002,0.0957,0.000,0.000
33.562,-0.1236,0.0002,0.0957,0.000,0.000
33.569,-0.1236,0.0002,0.0957,0.000,0.000
33.576,-0.1236,0.0002,0.0957,0.000,0.000
33.584,-0.1236,0.0002,0.0957,0.000,0.000
33.592,-0.1236,0.0002,0.0957,0.000,0.000
33.599,-0.1236,0.0002,0.0957,0.000,0.000
33.608,-0.1236,0.0002,0.0957,0.000,0.000
33.616,-0.1236,0.0002,0.0957,0.000,0.000
33.623,-0.1236,0.0002,0.0957,0.000,0.000
33.631,-0.1236,0.0002,0.0957,0.000,0.000
33.638,-0.1236,0.0002,0.0957,0.000,0.000
33.647,-0.1236,0.0002,0.0957,0.000,0.000
33.655,-0.1236,0.0002,0.0957,0.000,0.000
33.663,-0.1236,0.0002,0.0957,0.000,0.000
33.672,-0.1236,0.0002,0.0957,0.000,0.000
33.680,-0.1236,0.0002,0.0957,0.000,0.000
33.688,-0.1236,0.0002,0.0957,0.000,0.000
33.695,-0.1236,0.0002,0.0957,0.000,0.000
33.703,-0.1236,0.0002,0.0957,0.000,0.000
33.711,-0.1236,0.0002,0.0957,0.000,0.000
33.718,-0.1236,0.0002,0.0957,0.000,0.000
33.726,-0.1236,0.0002,0.0957,0.000,0.000
33.734,-0.1236,0.0002,0.0957,0.000,0.000
33.741,-0.1236,0.0002,0.0957,0.000,0.000
33.749,-0.1236,0.0002,0.0957,0.000,0.000
33.756,-0.1236,0.0002,0.0957,0.000,0.000
33.765,-0.1236,0.0002,0.0957,0.000,0.000
33.772,-0.1236,0.0002,0.0957,0.000,0.000
33.781,-0.1236,0.0002,0.0957,0.000,0.000
33.789,-0.1236,0.0002,0.0957,0.000,0.000
33.798,-0.1236,0.0002,0.0957,0.000,0.000
33.807,-0.1236,0.0002,0.0957,0.000,0.000
33.814,-0.1236,0.0002,0.0957,0.000,0.000
33.823,-0.1236,0.0002,0.0957,0.000,0.000
33.833,-0.1236,0.0002,0.0957,0.000,0.000
33.840,-0.1236,0.0002,0.0957,0.000,0.000
33.848,-0.1236,0.0002,0.0957,0.000,0.000
33.855,-0.1236,0.0002,0.0957,0.000,0.000
33.863,-0.1236,0.0002,0.0957,0.000,0.000
33.871,-0.1236,0.0002,0.0957,0.000,0.000
33.878,-0.1236,0.0002,0.0957,0.000,0.000
33.886,-0.1236,0.0002,0.0957,0.000,0.000
33.893,-0.1236,0.0002,0.0957,0.000,0.000
33.900,-0.1236,0.0002,0.0957,0.000,0.000
33.908,-0.1236,0.0002,0.0957,0.000,0.000
33.915,-0.1236,0.0002,0.0957,0.000,0.000
33.922,-0.1236,0.0002,0.0957,0.000,0.000
33.929,-0.1236,0.0002,0.0957,0.000,0.000
33.936,-0.1236,0.0002,0.0957,0.000,0.000
33.944,-0.1236,0.0002,0.0957,0.000,0.000
33.951,-0.1236,0.0002,0.0957,0.000,0.000
33.959,-0.1236,0.0002,0.0957,0.000,0.000
33.967,-0.1236,0.0002,0.0957,0.000,0.000
33.974,-0.1236,0.0002,0.0957,0.000,0.000
33.982,-0.1236,0.0002,0.0957,0.000,0.000
33.989,-0.1236,0.0002,0.0957,0.000,0.000
33.997,-0.1236,0.0002,0.0957,0.000,0.000
34.006,-0.1236,0.0002,0.0957,0.000,0.000
34.014,-0.1236,0.0002,0.0957,0.000,0.000
34.022,-0.1236,0.0002,0.0957,0.000,0.000
34.029,-0.1236,0.0002,0.0957,0.000,0.000
34.037,-0.1236,0.0002,0.0957,0.000,0.000
34.044,-0.1236,0.0002,0.0957,0.000,0.000
34.052,-0.1236,0.0002,0.0957,0.000,0.000
34.059,-0.1236,0.0002,0.0957,0.000,0.000
34.067,-0.1236,0.0002,0.0957,0.000,0.000
34.075,-0.1236,0.0002,0.0957,0.000,0.000
34.084,-0.1236,0.0002,0.0957,0.000,0.000
34.091,-0.1236,0.0002,0.0957,0.000,0.000
34.098,-0.1236,0.0002,0.0957,0.000,0.000
34.106,-0.1236,0.0002,0.0957,0.000,0.000
34.114,-0.1236,0.0002,0.0957,0.000,0.000
34.121,-0.1236,0.0002,0.0957,0.000,0.000
34.130,-0.1236,0.0002,0.0957,0.000,0.000
34.138,-0.1236,0.0002,0.0957,0.000,0.000
34.146,-0.1236,0.0002,0.0957,0.000,0.000
34.154,-0.1236,0.0002,0.0957,0.000,0.000
34.163,-0.1236,0.0002,0.0957,0.000,0.000
34.171,-0.1236,0.0002,0.0957,0.000,0.000
34.178,-0.1236,0.0002,0.0957,0.000,0.000
34.186,-0.1236,0.0002,0.0957,0.000,0.000
34.194,-0.1236,0.0002,0.0957,0.000,0.000
34.202,-0.1236,0.0002,0.0957,0.000,0.000
34.209,-0.1236,0.0002,0.0957,0.000,0.000
34.217,-0.1236,0.0002,0.0957,0.000,0.000
34.226,-0.1236,0.0002,0.0957,0.000,0.000
34.234,-0.1236,0.0002,0.0957,0.000,0.000
34.241,-0.1236,0.0002,0.0957,0.000,0.000
34.249,-0.1236,0.0002,0.0957,0.000,0.000
34.256,-0.1236,0.0002,0.0957,0.000,0.000
34.264,-0.1236,0.0002,0.0957,0.000,0.000
34.273,-0.1236,0.0002,0.0957,0.000,0.000
34.280,-0.1236,0.0002,0.0957,0.000,0.000
34.288,-0.1236,0.0002,0.0957,0.000,0.000
34.298,-0.1236,0.0002,0.0957,0.000,0.000
34.306,-0.1236,0.0002,0.0957,0.000,0.000
34.313,-0.1236,0.0002,0.0957,0.000,0.000
34.320,-0.1236,0.0002,0.0957,0.000,0.000
34.328,-0.1236,0.0002,0.0957,0.000,0.000
34.335,-0.1236,0.0002,0.0957,0.000,0.000
34.342,-0.1236,0.0002,0.0957,0.000,0.000
34.350,-0.1236,0.0002,0.0957,0.000,0.000
34.358,-0.1236,0.0002,0.0957,0.000,0.000
34.366,-0.1236,0.0002,0.0957,0.000,0.000
34.374,-0.1236,0.0002,0.0957,0.000,0.000
34.382,-0.1236,0.0002,0.0957,0.000,0.000
34.389,-0.1236,0.0002,0.0957,0.000,0.000
34.397,-0.1236,0.0002,0.0957,0.000,0.000
34.404,-0.1236,0.0002,0.0957,0.000,0.000
34.411,-0.1236,0.0002,0.0957,0.000,0.000
34.419,-0.1236,0.0002,0.0957,0.000,0.000
34.427,-0.1236,0.0002,0.0957,0.000,0.000
34.434,-0.1236,0.0002,0.0957,0.000,0.000
34.442,-0.1236,0.0002,0.0957,0.000,0.000
34.451,-0.1236,0.0002,0.0957,0.000,0.000
34.458,-0.1236,0.0002,0.0957,0.000,0.000
34.467,-0.1236,0.0002,0.0957,0.000,0.000
34.474,-0.1236,0.0002,0.0957,0.000,0.000
34.482,-0.1236,0.0002,0.0957,0.000,0.000
34.489,-0.1236,0.0002,0.0957,0.000,0.000
34.496,-0.1236,0.0002,0.0957,0.000,0.000
34.503,-0.1236,0.0002,0.0957,0.000,0.000
34.511,-0.1236,0.0002,0.0957,0.000,0.000
34.521,-0.1236,0.0002,0.0957,0.000,0.000
34.530,-0.1236,0.0002,0.0957,0.000,0.000
34.538,-0.1236,0.0002,0.0957,0.000,0.000
34.547,-0.1236,0.0002,0.0957,0.000,0.000
34.555,-0.1236,0.0002,0.0957,0.000,0.000
34.563,-0.1236,0.0002,0.0957,0.000,0.000
34.572,-0.1236,0.0002,0.0957,0.000,0.000
34.580,-0.1236,0.0002,0.0957,0.000,0.000
34.588,-0.1236,0.0002,0.0957,0.000,0.000
34.596,-0.1236,0.0002,0.0957,0.000,0.000
34.605,-0.1236,0.0002,0.0957,0.000,0.000
34.616,-0.1236,0.0002,0.0957,0.000,0.000
34.625,-0.1236,0.0002,0.0957,0.000,0.000
34.633,-0.1236,0.0002,0.0957,0.000,0.000
34.641,-0.1236,0.0002,0.0957,0.000,0.000
34.649,-0.1236,0.0002,0.0957,0.000,0.000
34.656,-0.1236,0.0002,0.0957,0.000,0.000
34.664,-0.1236,0.0002,0.0957,0.000,0.000
34.672,-0.1236,0.0002,0.0957,0.000,0.000
34.679,-0.1236,0.0002,0.0957,0.000,0.000
34.687,-0.1236,0.0002,0.0957,0.000,0.000
34.695,-0.1236,0.0002,0.0957,0.000,0.000
34.702,-0.1236,0.0002,0.0957,0.000,0.000
34.710,-0.1236,0.0002,0.0957,0.000,0.000
34.717,-0.1236,0.0002,0.0957,0.000,0.000
34.726,-0.1236,0.0002,0.0957,0.000,0.000
34.734,-0.1236,0.0002,0.0957,0.000,0.000
34.741,-0.1236,0.0002,0.0957,0.000,0.000
34.749,-0.1236,0.0002,0.0957,0.000,0.000
34.757,-0.1236,0.0002,0.0957,0.000,0.000
34.765,-0.1236,0.0002,0.0957,0.000,0.000
34.773,-0.1236,0.0002,0.0957,0.000,0.000
34.783,-0.1236,0.0002,0.0957,0.000,0.000
34.791,-0.1236,0.0002,0.0957,0.000,0.000
34.799,-0.1236,0.0002,0.0957,0.000,0.000
34.808,-0.1236,0.0002,0.0957,0.000,0.000
34.815,-0.1236,0.0002,0.0957,0.000,0.000
34.823,-0.1236,0.0002,0.0957,0.000,0.000
34.831,-0.1236,0.0002,0.0957,0.000,0.000
34.838,-0.1236,0.0002,0.0957,0.000,0.000
34.847,-0.1236,0.0002,0.0957,0.000,0.000
34.854,-0.1236,0.0002,0.0957,0.000,0.000
34.862,-0.1236,0.0002,0.0957,0.000,0.000
34.870,-0.1236,0.0002,0.0957,0.000,0.000
34.877,-0.1236,0.0002,0.0957,0.000,0.000
34.885,-0.1236,0.0002,0.0957,0.000,0.000
34.892,-0.1236,0.0002,0.0957,0.000,0.000
34.899,-0.1236,0.0002,0.0957,0.000,0.000
34.907,-0.1236,0.0002,0.0957,0.000,0.000
34.914,-0.1236,0.0002,0.0957,0.000,0.000
34.921,-0.1236,0.0002,0.0957,0.000,0.000
34.929,-0.1236,0.0002,0.0957,0.000,0.000
34.937,-0.1236,0.0002,0.0957,0.000,0.000
34.944,-0.1236,0.0002,0.0957,0.000,0.000
34.952,-0.1236,0.0002,0.0957,0.000,0.000
34.959,-0.1236,0.0002,0.0957,0.000,0.000
34.967,-0.1236,0.0002,0.0957,0.000,0.000
34.974,-0.1236,0.0002,0.0957,0.000,0.000
34.982,-0.1236,0.0002,0.0957,0.000,0.000
34.989,-0.1236,0.0002,0.0957,0.000,0.000
34.996,-0.1236,0.0002,0.0957,0.000,0.000
35.003,-0.1236,0.0002,0.0957,0.000,0.000
35.011,-0.1236,0.0002,0.0957,0.000,0.000
35.018,-0.1236,0.0002,0.0957,0.000,0.000
35.027,-0.1236,0.0002,0.0957,0.000,0.000
35.034,-0.1236,0.0002,0.0957,0.000,0.000
35.041,-0.1236,0.0002,0.0957,0.000,0.000
35.049,-0.1236,0.0002,0.0957,0.000,0.000
35.056,-0.1236,0.0002,0.0957,0.000,0.000
35.064,-0.1236,0.0002,0.0957,0.000,0.000
35.072,-0.1236,0.0002,0.0957,0.000,0.000
35.079,-0.1236,0.0002,0.0957,0.000,0.000
35.088,-0.1236,0.0002,0.0957,0.000,0.000
35.095,-0.1236,0.0002,0.0957,0.000,0.000
35.103,-0.1236,0.0002,0.0957,0.000,0.000
35.110,-0.1236,0.0002,0.0957,0.000,0.000
35.117,-0.1236,0.0002,0.0957,0.000,0.000
35.125,-0.1236,0.0002,0.0957,0.000,0.000
35.132,-0.1236,0.0002,0.0957,0.000,0.000
35.139,-0.1236,0.0002,0.0957,0.000,0.000
35.147,-0.1236,0.0002,0.0957,0.000,0.000
35.152,-0.1236,0.0002,0.0957,0.000,0.000
35.154,-0.1236,0.0002,0.0957,0.000,0.000
35.257,-0.1236,0.0002,0.0957,0.000,0.000
35.265,-0.1236,0.0002,0.0957,0.000,0.000
35.272,-0.1236,0.0002,0.0957,0.000,0.000
35.280,-0.1236,0.0002,0.0957,0.000,0.000
35.288,-0.1236,0.0002,0.0957,0.000,0.000
35.297,-0.1236,0.0002,0.0957,0.000,0.000
35.305,-0.1236,0.0002,0.0957,0.000,0.000
35.314,-0.1236,0.0002,0.0957,0.000,0.000
35.322,-0.1236,0.0002,0.0957,0.000,0.000
35.331,-0.1236,0.0002,0.0957,0.000,0.000
35.338,-0.1236,0.0002,0.0957,0.000,0.000
35.347,-0.1236,0.0002,0.0957,0.000,0.000
35.354,-0.1236,0.0002,0.0957,0.000,0.000
35.361,-0.1236,0.0002,0.0957,0.000,0.000
35.369,-0.1236,0.0002,0.0957,0.000,0.000
35.376,-0.1236,0.0002,0.0957,0.000,0.000
35.384,-0.1236,0.0002,0.0957,0.000,0.000
35.392,-0.1236,0.0002,0.0957,0.000,0.000
35.399,-0.1236,0.0002,0.0957,0.000,0.000
35.407,-0.1236,0.0002,0.0957,0.000,0.000
35.415,-0.1236,0.0002,0.0957,0.000,0.000
35.422,-0.1236,0.0002,0.0957,0.000,0.000
35.430,-0.1236,0.0002,0.0957,0.000,0.000
35.437,-0.1236,0.0002,0.0957,0.000,0.000
35.444,-0.1236,0.0002,0.0957,0.000,0.000
35.452,-0.1236,0.0002,0.0957,0.000,0.000
35.459,-0.1236,0.0002,0.0957,0.000,0.000
35.467,-0.1236,0.0002,0.0957,0.000,0.000
35.475,-0.1236,0.0002,0.0957,0.000,0.000
35.485,-0.1236,0.0002,0.0957,0.000,0.000
35.492,-0.1236,0.0002,0.0957,0.000,0.000
35.499,-0.1236,0.0002,0.0957,0.000,0.000
35.509,-0.1236,0.0002,0.0957,0.000,0.000
35.517,-0.1236,0.0002,0.0957,0.000,0.000
35.524,-0.1236,0.0002,0.0957,0.000,0.000
35.532,-0.1236,0.0002,0.0957,0.000,0.000
35.539,-0.1236,0.0002,0.0957,0.000,0.000
35.547,-0.1236,0.0002,0.0957,0.000,0.000
35.556,-0.1236,0.0002,0.0957,0.000,0.000
35.564,-0.1236,0.0002,0.0957,0.000,0.000
35.572,-0.1236,0.0002,0.0957,0.000,0.000
35.580,-0.1236,0.0002,0.0957,0.000,0.000
35.588,-0.1236,0.0002,0.0957,0.000,0.000
35.596,-0.1236,0.0002,0.0957,0.000,0.000
35.604,-0.1236,0.0002,0.0957,0.000,0.000
35.611,-0.1236,0.0002,0.0957,0.000,0.000
35.619,-0.1236,0.0002,0.0957,0.000,0.000
35.627,-0.1236,0.0002,0.0957,0.000,0.000
35.634,-0.1236,0.0002,0.0957,0.000,0.000
35.642,-0.1236,0.0002,0.0957,0.000,0.000
35.650,-0.1236,0.0002,0.0957,0.000,0.000
35.657,-0.1236,0.0002,0.0957,0.000,0.000
35.665,-0.1236,0.0002,0.0957,0.000,0.000
35.672,-0.1236,0.0002,0.0957,0.000,0.000
35.680,-0.1236,0.0002,0.0957,0.000,0.000
35.687,-0.1236,0.0002,0.0957,0.000,0.000
35.694,-0.1236,0.0002,0.0957,0.000,0.000
35.702,-0.1236,0.0002,0.0957,0.000,0.000
35.709,-0.1236,0.0002,0.0957,0.000,0.000
35.717,-0.1236,0.0002,0.0957,0.000,0.000
35.724,-0.1236,0.0002,0.0957,0.000,0.000
35.732,-0.1236,0.0002,0.0957,0.000,0.000
35.739,-0.1236,0.0002,0.0957,0.000,0.000
35.747,-0.1236,0.0002,0.0957,0.000,0.000
35.755,-0.1236,0.0002,0.0957,0.000,0.000
35.763,-0.1236,0.0002,0.0957,0.000,0.000
35.770,-0.1236,0.0002,0.0957,0.000,0.000
35.778,-0.1236,0.0002,0.0957,0.000,0.000
35.786,-0.1236,0.0002,0.0957,0.000,0.000
35.794,-0.1236,0.0002,0.0957,0.000,0.000
35.802,-0.1236,0.0002,0.0957,0.000,0.000
35.810,-0.1236,0.0002,0.0957,0.000,0.000
35.819,-0.1236,0.0002,0.0957,0.000,0.000
35.827,-0.1236,0.0002,0.0957,0.000,0.000
35.835,-0.1236,0.0002,0.0957,0.000,0.000
35.842,-0.1236,0.0002,0.0957,0.000,0.000
35.849,-0.1236,0.0002,0.0957,0.000,0.000
35.856,-0.1236,0.0002,0.0957,0.000,0.000
35.864,-0.1236,0.0002,0.0957,0.000,0.000
35.871,-0.1236,0.0002,0.0957,0.000,0.000
35.878,-0.1236,0.0002,0.0957,0.000,0.000
35.887,-0.1236,0.0002,0.0957,0.000,0.000
35.894,-0.1236,0.0002,0.0957,0.000,0.000
35.902,-0.1236,0.0002,0.0957,0.000,0.000
35.909,-0.1236,0.0002,0.0957,0.000,0.000
35.916,-0.1236,0.0002,0.0957,0.000,0.000
35.923,-0.1236,0.0002,0.0957,0.000,0.000
35.930,-0.1236,0.0002,0.0957,0.000,0.000
35.938,-0.1236,0.0002,0.0957,0.000,0.000
35.947,-0.1236,0.0002,0.0957,0.000,0.000
35.955,-0.1236,0.0002,0.0957,0.000,0.000
35.964,-0.1236,0.0002,0.0957,0.000,0.000
35.972,-0.1236,0.0002,0.0957,0.000,0.000
35.979,-0.1236,0.0002,0.0957,0.000,0.000
35.988,-0.1236,0.0002,0.0957,0.000,0.000
35.995,-0.1236,0.0002,0.0957,0.000,0.000
36.002,-0.1236,0.0002,0.0957,0.000,0.000
36.010,-0.1236,0.0002,0.0957,0.000,0.000
36.018,-0.1236,0.0002,0.0957,0.000,0.000
36.025,-0.1236,0.0002,0.0957,0.000,0.000
36.033,-0.1236,0.0002,0.0957,0.000,0.000
36.040,-0.1236,0.0002,0.0957,0.000,0.000
36.048,-0.1236,0.0002,0.0957,0.000,0.000
36.056,-0.1236,0.0002,0.0957,0.000,0.000
36.064,-0.1236,0.0002,0.0957,0.000,0.000
36.072,-0.1236,0.0002,0.0957,0.000,0.000
36.080,-0.1236,0.0002,0.0957,0.000,0.000
36.088,-0.1236,0.0002,0.0957,0.000,0.000
36.095,-0.1236,0.0002,0.0957,0.000,0.000
36.106,-0.1236,0.0002,0.0957,0.000,0.000
36.113,-0.1236,0.0002,0.0957,0.000,0.000
36.121,-0.1236,0.0002,0.0957,0.000,0.000
36.130,-0.1236,0.0002,0.0957,0.000,0.000
36.137,-0.1236,0.0002,0.0957,0.000,0.000
36.145,-0.1236,0.0002,0.0957,0.000,0.000
36.153,-0.1236,0.0002,0.0957,0.000,0.000
36.160,-0.1236,0.0002,0.0957,0.000,0.000
36.168,-0.1236,0.0002,0.0957,0.000,0.000
36.175,-0.1236,0.0002,0.0957,0.000,0.000
36.181,-0.1236,0.0002,0.0957,0.000,0.000
36.188,-0.1236,0.0002,0.0957,0.000,0.000
36.195,-0.1236,0.0002,0.0957,0.000,0.000
36.201,-0.1236,0.0002,0.0957,0.000,0.000
36.208,-0.1236,0.0002,0.0957,0.000,0.000
36.214,-0.1236,0.0002,0.0957,0.000,0.000
36.221,-0.1236,0.0002,0.0957,0.000,0.000
36.227,-0.1236,0.0002,0.0957,0.000,0.000
36.233,-0.1236,0.0002,0.0957,0.000,0.000
36.239,-0.1236,0.0002,0.0957,0.000,0.000
36.247,-0.1236,0.0002,0.0957,0.000,0.000
36.253,-0.1236,0.0002,0.0957,0.000,0.000
36.260,-0.1236,0.0002,0.0957,0.000,0.000
36.266,-0.1236,0.0002,0.0957,0.000,0.000
36.272,-0.1236,0.0002,0.0957,0.000,0.000
36.279,-0.1236,0.0002,0.0957,0.000,0.000
36.286,-0.1236,0.0002,0.0957,0.000,0.000
36.294,-0.1236,0.0002,0.0957,0.000,0.000
36.300,-0.1236,0.0002,0.0957,0.000,0.000
36.308,-0.1236,0.0002,0.0957,0.000,0.000
36.315,-0.1236,0.0002,0.0957,0.000,0.000
36.322,-0.1236,0.0002,0.0957,0.000,0.000
36.330,-0.1236,0.0002,0.0957,0.000,0.000
36.338,-0.1236,0.0002,0.0957,0.000,0.000
36.346,-0.1236,0.0002,0.0957,0.000,0.000
36.354,-0.1236,0.0002,0.0957,0.000,0.000
36.362,-0.1236,0.0002,0.0957,0.000,0.000
36.371,-0.1236,0.0002,0.0957,0.000,0.000
36.380,-0.1236,0.0002,0.0957,0.000,0.000
36.389,-0.1236,0.0002,0.0957,0.000,0.000
36.398,-0.1236,0.0002,0.0957,0.000,0.000
36.406,-0.1236,0.0002,0.0957,0.000,0.000
36.414,-0.1236,0.0002,0.0957,0.000,0.000
36.421,-0.1236,0.0002,0.0957,0.000,0.000
36.429,-0.1236,0.0002,0.0957,0.000,0.000
36.437,-0.1236,0.0002,0.0957,0.000,0.000
36.444,-0.1236,0.0002,0.0957,0.000,0.000
36.453,-0.1236,0.0002,0.0957,0.000,0.000
36.460,-0.1236,0.0002,0.0957,0.000,0.000
36.467,-0.1236,0.0002,0.0957,0.000,0.000
36.475,-0.1236,0.0002,0.0957,0.000,0.000
36.483,-0.1236,0.0002,0.0957,0.000,0.000
36.491,-0.1236,0.0002,0.0957,0.000,0.000
36.499,-0.1236,0.0002,0.0957,0.000,0.000
36.509,-0.1236,0.0002,0.0957,0.000,0.000
36.516,-0.1236,0.0002,0.0957,0.000,0.000
36.524,-0.1236,0.0002,0.0957,0.000,0.000
36.532,-0.1236,0.0002,0.0957,0.000,0.000
36.539,-0.1236,0.0002,0.0957,0.000,0.000
36.548,-0.1236,0.0002,0.0957,0.000,0.000
36.557,-0.1236,0.0002,0.0957,0.000,0.000
36.566,-0.1236,0.0002,0.0957,0.000,0.000
36.574,-0.1236,0.0002,0.0957,0.000,0.000
36.583,-0.1236,0.0002,0.0957,0.000,0.000
36.590,-0.1236,0.0002,0.0957,0.000,0.000
36.598,-0.1236,0.0002,0.0957,0.000,0.000
36.607,-0.1236,0.0002,0.0957,0.000,0.000
36.614,-0.1236,0.0002,0.0957,0.000,0.000
36.622,-0.1236,0.0002,0.0957,0.000,0.000
36.630,-0.1236,0.0002,0.0957,0.000,0.000
36.637,-0.1236,0.0002,0.0957,0.000,0.000
36.645,-0.1236,0.0002,0.0957,0.000,0.000
36.653,-0.1236,0.0002,0.0957,0.000,0.000
36.660,-0.1236,0.0002,0.0957,0.000,0.000
36.668,-0.1236,0.0002,0.0957,0.000,0.000
36.676,-0.1236,0.0002,0.0957,0.000,0.000
36.683,-0.1236,0.0002,0.0957,0.000,0.000
36.690,-0.1236,0.0002,0.0957,0.000,0.000
36.697,-0.1236,0.0002,0.0957,0.000,0.000
36.706,-0.1236,0.0002,0.0957,0.000,0.000
36.715,-0.1236,0.0002,0.0957,0.000,0.000
36.722,-0.1236,0.0002,0.0957,0.000,0.000
36.730,-0.1236,0.0002,0.0957,0.000,0.000
36.738,-0.1236,0.0002,0.0957,0.000,0.000
36.747,-0.1236,0.0002,0.0957,0.000,0.000
36.754,-0.1236,0.0002,0.0957,0.000,0.000
36.762,-0.1236,0.0002,0.0957,0.000,0.000
36.770,-0.1236,0.0002,0.0957,0.000,0.000
36.777,-0.1236,0.0002,0.0957,0.000,0.000
36.786,-0.1236,0.0002,0.0957,0.000,0.000
36.795,-0.1236,0.0002,0.0957,0.000,0.000
36.802,-0.1236,0.0002,0.0957,0.000,0.000
36.810,-0.1236,0.0002,0.0957,0.000,0.000
36.818,-0.1236,0.0002,0.0957,0.000,0.000
36.827,-0.1236,0.0002,0.0957,0.000,0.000
36.835,-0.1236,0.0002,0.0957,0.000,0.000
36.842,-0.1236,0.0002,0.0957,0.000,0.000
36.850,-0.1236,0.0002,0.0957,0.000,0.000
36.859,-0.1236,0.0002,0.0957,0.000,0.000
36.867,-0.1236,0.0002,0.0957,0.000,0.000
36.877,-0.1236,0.0002,0.0957,0.000,0.000
36.886,-0.1236,0.0002,0.0957,0.000,0.000
36.894,-0.1236,0.0002,0.0957,0.000,0.000
36.902,-0.1236,0.0002,0.0957,0.000,0.000
36.910,-0.1236,0.0002,0.0957,0.000,0.000
36.918,-0.1236,0.0002,0.0957,0.000,0.000
36.926,-0.1236,0.0002,0.0957,0.000,0.000
36.934,-0.1236,0.0002,0.0957,0.000,0.000
36.942,-0.1236,0.0002,0.0957,0.000,0.000
36.950,-0.1236,0.0002,0.0957,0.000,0.000
36.958,-0.1236,0.0002,0.0957,0.000,0.000
36.967,-0.1236,0.0002,0.0957,0.000,0.000
36.975,-0.1236,0.0002,0.0957,0.000,0.000
36.985,-0.1236,0.0002,0.0957,0.000,0.000
36.993,-0.1236,0.0002,0.0957,0.000,0.000
37.000,-0.1236,0.0002,0.0957,0.000,0.000
37.008,-0.1236,0.0002,0.0957,0.000,0.000
37.015,-0.1236,0.0002,0.0957,0.000,0.000
37.022,-0.1236,0.0002,0.0957,0.000,0.000
37.030,-0.1236,0.0002,0.0957,0.000,0.000
37.039,-0.1236,0.0002,0.0957,0.000,0.000
37.047,-0.1236,0.0002,0.0957,0.000,0.000
37.055,-0.1236,0.0002,0.0957,0.000,0.000
37.062,-0.1236,0.0002,0.0957,0.000,0.000
37.071,-0.1236,0.0002,0.0957,0.000,0.000
37.078,-0.1236,0.0002,0.0957,0.000,0.000
37.087,-0.1236,0.0002,0.0957,0.000,0.000
37.094,-0.1236,0.0002,0.0957,0.000,0.000
37.102,-0.1236,0.0002,0.0957,0.000,0.000
37.110,-0.1236,0.0002,0.0957,0.000,0.000
37.117,-0.1236,0.0002,0.0957,0.000,0.000
37.124,-0.1236,0.0002,0.0957,0.000,0.000
37.132,-0.1236,0.0002,0.0957,0.000,0.000
37.139,-0.1236,0.0002,0.0957,0.000,0.000
37.147,-0.1236,0.0002,0.0957,0.000,0.000
37.155,-0.1236,0.0002,0.0957,0.000,0.000
37.162,-0.1236,0.0002,0.0957,0.000,0.000
37.170,-0.1236,0.0002,0.0957,0.000,0.000
37.177,-0.1236,0.0002,0.0957,0.000,0.000
37.185,-0.1236,0.0002,0.0957,0.000,0.000
37.194,-0.1236,0.0002,0.0957,0.000,0.000
37.201,-0.1236,0.0002,0.0957,0.000,0.000
37.208,-0.1236,0.0002,0.0957,0.000,0.000
37.216,-0.1236,0.0002,0.0957,0.000,0.000
37.223,-0.1236,0.0002,0.0957,0.000,0.000
37.230,-0.1236,0.0002,0.0957,0.000,0.000
37.238,-0.1236,0.0002,0.0957,0.000,0.000
37.247,-0.1236,0.0002,0.0957,0.000,0.000
37.255,-0.1236,0.0002,0.0957,0.000,0.000
37.263,-0.1236,0.0002,0.0957,0.000,0.000
37.272,-0.1236,0.0002,0.0957,0.000,0.000
37.280,-0.1236,0.0002,0.0957,0.000,0.000
37.288,-0.1236,0.0002,0.0957,0.000,0.000
37.297,-0.1236,0.0002,0.0957,0.000,0.000
37.304,-0.1236,0.0002,0.0957,0.000,0.000
37.312,-0.1236,0.0002,0.0957,0.000,0.000
37.319,-0.1236,0.0002,0.0957,0.000,0.000
37.326,-0.1236,0.0002,0.0957,0.000,0.000
37.335,-0.1236,0.0002,0.0957,0.000,0.000
37.342,-0.1236,0.0002,0.0957,0.000,0.000
37.353,-0.1236,0.0002,0.0957,0.000,0.000
37.361,-0.1236,0.0002,0.0957,0.000,0.000
37.368,-0.1236,0.0002,0.0957,0.000,0.000
37.376,-0.1236,0.0002,0.0957,0.000,0.000
37.384,-0.1236,0.0002,0.0957,0.000,0.000
37.391,-0.1236,0.0002,0.0957,0.000,0.000
37.398,-0.1236,0.0002,0.0957,0.000,0.000
37.406,-0.1236,0.0002,0.0957,0.000,0.000
37.413,-0.1236,0.0002,0.0957,0.000,0.000
37.420,-0.1236,0.0002,0.0957,0.000,0.000
37.428,-0.1236,0.0002,0.0957,0.000,0.000
37.435,-0.1236,0.0002,0.0957,0.000,0.000
37.442,-0.1236,0.0002,0.0957,0.000,0.000
37.450,-0.1236,0.0002,0.0957,0.000,0.000
37.458,-0.1236,0.0002,0.0957,0.000,0.000
37.466,-0.1236,0.0002,0.0957,0.000,0.000
37.473,-0.1236,0.0002,0.0957,0.000,0.000
37.481,-0.1236,0.0002,0.0957,0.000,0.000
37.489,-0.1236,0.0002,0.0957,0.000,0.000
37.496,-0.1236,0.0002,0.0957,0.000,0.000
37.506,-0.1236,0.0002,0.0957,0.000,0.000
37.514,-0.1236,0.0002,0.0957,0.000,0.000
37.521,-0.1236,0.0002,0.0957,0.000,0.000
37.529,-0.1236,0.0002,0.0957,0.000,0.000
37.537,-0.1236,0.0002,0.0957,0.000,0.000
37.544,-0.1236,0.0002,0.0957,0.000,0.000
37.553,-0.1236,0.0002,0.0957,0.000,0.000
37.560,-0.1236,0.0002,0.0957,0.000,0.000
37.568,-0.1236,0.0002,0.0957,0.000,0.000
37.576,-0.1236,0.0002,0.0957,0.000,0.000
37.582,-0.1236,0.0002,0.0957,0.000,0.000
37.587,-0.1236,0.0002,0.0957,0.000,0.000
37.691,-0.1236,0.0002,0.0957,0.000,0.000
37.700,-0.1236,0.0002,0.0957,0.000,0.000
37.708,-0.1236,0.0002,0.0957,0.000,0.000
37.716,-0.1236,0.0002,0.0957,0.000,0.000
37.724,-0.1236,0.0002,0.0957,0.000,0.000
37.733,-0.1236,0.0002,0.0957,0.000,0.000
37.740,-0.1236,0.0002,0.0957,0.000,0.000
37.749,-0.1236,0.0002,0.0957,0.000,0.000
37.758,-0.1236,0.0002,0.0957,0.000,0.000
37.768,-0.1236,0.0002,0.0957,0.000,0.000
37.776,-0.1236,0.0002,0.0957,0.000,0.000
37.786,-0.1236,0.0002,0.0957,0.000,0.000
37.794,-0.1236,0.0002,0.0957,0.000,0.000
37.802,-0.1236,0.0002,0.0957,0.000,0.000
37.811,-0.1236,0.0002,0.0957,0.000,0.000
37.819,-0.1236,0.0002,0.0957,0.000,0.000
37.828,-0.1236,0.0002,0.0957,0.000,0.000
37.836,-0.1236,0.0002,0.0957,0.000,0.000
37.843,-0.1236,0.0002,0.0957,0.000,0.000
37.851,-0.1236,0.0002,0.0957,0.000,0.000
37.858,-0.1236,0.0002,0.0957,0.000,0.000
37.868,-0.1236,0.0002,0.0957,0.000,0.000
37.875,-0.1236,0.0002,0.0957,0.000,0.000
37.883,-0.1236,0.0002,0.0957,0.000,0.000
37.891,-0.1236,0.0002,0.0957,0.000,0.000
37.899,-0.1236,0.0002,0.0957,0.000,0.000
37.907,-0.1236,0.0002,0.0957,0.000,0.000
37.915,-0.1236,0.0002,0.0957,0.000,0.000
37.923,-0.1236,0.0002,0.0957,0.000,0.000
37.930,-0.1236,0.0002,0.0957,0.000,0.000
37.938,-0.1236,0.0002,0.0957,0.000,0.000
37.945,-0.1236,0.0002,0.0957,0.000,0.000
37.952,-0.1236,0.0002,0.0957,0.000,0.000
37.959,-0.1236,0.0002,0.0957,0.000,0.000
37.968,-0.1236,0.0002,0.0957,0.000,0.000
37.975,-0.1236,0.0002,0.0957,0.000,0.000
37.983,-0.1236,0.0002,0.0957,0.000,0.000
37.992,-0.1236,0.0002,0.0957,0.000,0.000
38.000,-0.1236,0.0002,0.0957,0.000,0.000
38.009,-0.1236,0.0002,0.0957,0.000,0.000
38.016,-0.1236,0.0002,0.0957,0.000,0.000
38.023,-0.1236,0.0002,0.0957,0.000,0.000
38.031,-0.1236,0.0002,0.0957,0.000,0.000
38.039,-0.1236,0.0002,0.0957,0.000,0.000
38.047,-0.1236,0.0002,0.0957,0.000,0.000
38.055,-0.1236,0.0002,0.0957,0.000,0.000
38.062,-0.1236,0.0002,0.0957,0.000,0.000
38.069,-0.1236,0.0002,0.0957,0.000,0.000
38.078,-0.1236,0.0002,0.0957,0.000,0.000
38.083,-0.1236,0.0002,0.0957,0.000,0.000
38.086,-0.1236,0.0002,0.0957,0.000,0.000
38.115,-0.1236,0.0002,0.0957,0.000,0.000
38.152,-0.1236,0.0002,0.0957,0.000,0.000
38.184,-0.1236,0.0002,0.0957,0.000,0.000
38.216,-0.1236,0.0002,0.0957,0.000,-0.001
38.250,-0.1236,0.0002,0.0953,0.000,-0.012
38.284,-0.1236,0.0002,0.0940,0.000,-0.039
38.316,-0.1236,0.0002,0.0913,0.000,-0.083
38.420,-0.1237,0.0002,0.0824,-0.001,-0.085
38.428,-0.1237,0.0002,0.0818,-0.001,-0.085
38.437,-0.1237,0.0002,0.0811,-0.001,-0.085
38.444,-0.1237,0.0002,0.0804,-0.002,-0.087
38.452,-0.1238,0.0002,0.0797,-0.002,-0.087
38.460,-0.1238,0.0002,0.0790,-0.002,-0.093
38.468,-0.1238,0.0002,0.0782,-0.002,-0.093
38.477,-0.1238,0.0002,0.0773,-0.003,-0.111
38.487,-0.1238,0.0002,0.0761,-0.003,-0.111
38.496,-0.1239,0.0002,0.0752,-0.003,-0.111
38.504,-0.1239,0.0002,0.0740,-0.003,-0.144
38.512,-0.1239,0.0002,0.0728,-0.003,-0.144
38.520,-0.1239,0.0002,0.0715,-0.001,-0.162
38.528,-0.1239,0.0002,0.0702,-0.001,-0.162
38.536,-0.1239,0.0002,0.0690,-0.001,-0.162
38.543,-0.1240,0.0002,0.0676,-0.002,-0.182
38.551,-0.1240,0.0002,0.0663,-0.002,-0.182
38.558,-0.1240,0.0002,0.0648,-0.001,-0.202
38.566,-0.1240,0.0002,0.0632,-0.001,-0.202
38.574,-0.1240,0.0002,0.0616,-0.001,-0.202
38.581,-0.1240,0.0002,0.0600,0.000,-0.212
38.589,-0.1240,0.0002,0.0583,0.000,-0.212
38.596,-0.1240,0.0002,0.0568,0.000,-0.212
38.604,-0.1240,0.0002,0.0552,0.000,-0.224
38.611,-0.1240,0.0002,0.0534,0.000,-0.224
38.619,-0.1240,0.0002,0.0517,0.001,-0.235
38.627,-0.1240,0.0002,0.0498,0.001,-0.235
38.635,-0.1240,0.0002,0.0478,0.001,-0.235
38.644,-0.1239,0.0002,0.0458,0.002,-0.239
38.652,-0.1239,0.0002,0.0438,0.002,-0.239
38.660,-0.1239,0.0002,0.0419,0.003,-0.239
38.668,-0.1239,0.0002,0.0400,0.003,-0.239
38.676,-0.1239,0.0002,0.0381,0.003,-0.239
38.684,-0.1238,0.0002,0.0362,0.002,-0.233
38.692,-0.1238,0.0002,0.0344,0.002,-0.233
38.700,-0.1238,0.0002,0.0326,0.001,-0.226
38.708,-0.1238,0.0002,0.0308,0.001,-0.226
38.715,-0.1238,0.0002,0.0291,0.001,-0.226
38.723,-0.1238,0.0002,0.0275,0.001,-0.217
38.730,-0.1238,0.0002,0.0258,0.001,-0.217
38.738,-0.1238,0.0002,0.0242,0.001,-0.217
38.746,-0.1238,0.0002,0.0226,0.000,-0.206
38.754,-0.1238,0.0002,0.0210,0.000,-0.206
38.761,-0.1238,0.0002,0.0195,-0.001,-0.197
38.769,-0.1238,0.0002,0.0179,-0.001,-0.197
38.777,-0.1238,0.0002,0.0164,-0.001,-0.197
38.786,-0.1238,0.0002,0.0146,0.000,-0.185
38.796,-0.1238,0.0002,0.0130,0.000,-0.173
38.808,-0.1238,0.0002,0.0108,0.000,-0.173
38.817,-0.1238,0.0002,0.0094,0.000,-0.173
38.824,-0.1238,0.0002,0.0082,-0.001,-0.167
38.832,-0.1238,0.0002,0.0069,-0.001,-0.167
38.839,-0.1238,0.0002,0.0058,0.000,-0.156
38.847,-0.1238,0.0002,0.0045,0.000,-0.156
38.855,-0.1238,0.0002,0.0033,0.000,-0.156
38.862,-0.1238,0.0002,0.0022,0.000,-0.146
38.870,-0.1238,0.0002,0.0011,0.000,-0.146
38.877,-0.1238,0.0002,-0.0000,0.000,-0.146
38.886,-0.1238,0.0002,-0.0012,0.000,-0.137
38.893,-0.1238,0.0002,-0.0022,0.000,-0.137
38.901,-0.1238,0.0002,-0.0032,0.001,-0.128
38.908,-0.1238,0.0002,-0.0041,0.001,-0.128
38.916,-0.1238,0.0002,-0.0051,0.001,-0.128
38.923,-0.1238,0.0002,-0.0059,0.001,-0.113
38.931,-0.1238,0.0002,-0.0068,0.001,-0.113
38.938,-0.1238,0.0002,-0.0076,0.000,-0.106
38.946,-0.1238,0.0002,-0.0085,0.000,-0.106
38.954,-0.1238,0.0002,-0.0093,0.000,-0.106
38.961,-0.1238,0.0002,-0.0099,0.001,-0.094
39.036,-0.1238,0.0002,-0.0150,0.000,-0.067
39.043,-0.1238,0.0002,-0.0154,0.000,-0.060
39.050,-0.1238,0.0002,-0.0158,0.000,-0.060
39.056,-0.1238,0.0002,-0.0162,0.000,-0.060
39.063,-0.1238,0.0002,-0.0166,0.000,-0.060
39.071,-0.1238,0.0002,-0.0171,0.000,-0.060
39.078,-0.1238,0.0002,-0.0175,0.000,-0.060
39.085,-0.1238,0.0002,-0.0179,0.000,-0.057
39.092,-0.1238,0.0002,-0.0183,0.000,-0.057
39.100,-0.1238,0.0002,-0.0187,0.000,-0.057
39.102,-0.1238,0.0002,-0.0188,0.000,-0.057
39.104,-0.1238,0.0002,-0.0187,-0.011,0.058
39.209,-0.1250,0.0002,-0.0126,-0.011,0.058
39.217,-0.1250,0.0002,-0.0121,-0.011,0.058
39.224,-0.1250,0.0002,-0.0118,-0.001,0.043
39.232,-0.1251,0.0002,-0.0115,-0.001,0.043
39.240,-0.1251,0.0002,-0.0111,-0.003,0.050
39.248,-0.1251,0.0002,-0.0107,-0.003,0.050
39.256,-0.1251,0.0002,-0.0103,-0.003,0.050
39.264,-0.1252,0.0002,-0.0100,-0.004,0.032
39.272,-0.1252,0.0002,-0.0098,-0.004,0.032
39.280,-0.1252,0.0002,-0.0097,-0.002,0.010
39.289,-0.1252,0.0002,-0.0096,-0.002,0.010
39.297,-0.1252,0.0002,-0.0095,-0.002,0.010
39.306,-0.1252,0.0002,-0.0095,0.000,0.003
39.314,-0.1252,0.0002,-0.0095,0.000,0.003
39.322,-0.1252,0.0002,-0.0095,0.000,0.000
39.329,-0.1252,0.0002,-0.0095,0.000,0.000
39.337,-0.1252,0.0002,-0.0095,0.000,0.000
39.344,-0.1252,0.0002,-0.0095,0.000,0.000
39.352,-0.1252,0.0002,-0.0095,0.000,0.000
39.360,-0.1252,0.0002,-0.0095,0.000,0.000
39.369,-0.1252,0.0002,-0.0095,0.000,0.000
39.376,-0.1252,0.0002,-0.0095,0.000,0.000
39.384,-0.1252,0.0002,-0.0095,0.000,0.000
39.392,-0.1252,0.0002,-0.0095,0.000,0.000
39.399,-0.1252,0.0002,-0.0095,0.000,0.000
39.407,-0.1252,0.0002,-0.0095,0.000,0.000
39.416,-0.1252,0.0002,-0.0095,0.000,0.000
39.423,-0.1252,0.0002,-0.0095,0.000,0.000
39.432,-0.1252,0.0002,-0.0095,0.000,0.000
39.439,-0.1252,0.0002,-0.0095,0.000,0.000
39.448,-0.1252,0.0002,-0.0095,0.000,0.000
39.456,-0.1252,0.0002,-0.0095,0.000,0.000
39.464,-0.1252,0.0002,-0.0095,0.000,0.000
39.472,-0.1252,0.0002,-0.0095,0.000,0.000
39.479,-0.1252,0.0002,-0.0095,0.000,0.000
39.488,-0.1252,0.0002,-0.0095,0.000,0.000
39.495,-0.1252,0.0002,-0.0095,0.000,0.000
39.503,-0.1252,0.0002,-0.0095,0.000,0.000
39.512,-0.1252,0.0002,-0.0095,0.000,0.000
39.520,-0.1252,0.0002,-0.0095,0.000,0.000
39.528,-0.1252,0.0002,-0.0095,0.000,0.000
39.536,-0.1252,0.0002,-0.0095,0.000,0.000
39.544,-0.1252,0.0002,-0.0095,0.000,0.000
39.552,-0.1252,0.0002,-0.0095,0.000,0.000
39.559,-0.1252,0.0002,-0.0095,0.000,0.000
39.568,-0.1252,0.0002,-0.0095,0.000,0.000
39.576,-0.1252,0.0002,-0.0095,0.000,0.000
39.583,-0.1252,0.0002,-0.0095,0.000,0.000
39.591,-0.1252,0.0002,-0.0095,0.000,0.000
39.598,-0.1252,0.0002,-0.0095,0.000,0.000
39.607,-0.1252,0.0002,-0.0095,0.000,0.000
39.616,-0.1252,0.0002,-0.0095,0.000,0.000
39.623,-0.1252,0.0002,-0.0095,0.000,0.000
39.631,-0.1252,0.0002,-0.0095,0.000,0.000
39.639,-0.1252,0.0002,-0.0095,0.000,0.000
39.648,-0.1252,0.0002,-0.0095,0.000,0.000
39.656,-0.1252,0.0002,-0.0095,0.000,0.000
39.664,-0.1252,0.0002,-0.0095,0.000,0.000
39.673,-0.1252,0.0002,-0.0095,0.000,0.000
39.681,-0.1252,0.0002,-0.0095,0.000,0.000
39.689,-0.1252,0.0002,-0.0095,0.000,0.000
39.697,-0.1252,0.0002,-0.0095,0.000,0.000
39.705,-0.1252,0.0002,-0.0095,0.000,0.000
39.714,-0.1252,0.0002,-0.0095,0.000,0.000
39.721,-0.1252,0.0002,-0.0095,0.000,0.000
39.730,-0.1252,0.0002,-0.0095,0.000,0.000
39.738,-0.1252,0.0002,-0.0095,0.000,0.000
39.746,-0.1252,0.0002,-0.0095,0.000,0.000
39.754,-0.1252,0.0002,-0.0095,0.000,0.000
39.761,-0.1252,0.0002,-0.0095,0.000,0.000
39.769,-0.1252,0.0002,-0.0095,0.000,0.000
39.777,-0.1252,0.0002,-0.0095,0.000,0.000
39.784,-0.1252,0.0002,-0.0095,0.000,0.000
39.792,-0.1252,0.0002,-0.0095,0.000,0.000
39.800,-0.1252,0.0002,-0.0095,0.000,0.000
39.809,-0.1252,0.0002,-0.0095,0.000,0.000
39.817,-0.1252,0.0002,-0.0095,0.000,0.000
39.824,-0.1252,0.0002,-0.0095,0.000,0.000
39.833,-0.1252,0.0002,-0.0095,0.000,0.000
39.840,-0.1252,0.0002,-0.0095,0.000,0.000
39.849,-0.1252,0.0002,-0.0095,0.000,0.000
39.857,-0.1252,0.0002,-0.0095,0.000,0.000
39.866,-0.1252,0.0002,-0.0095,0.000,0.000
39.874,-0.1252,0.0002,-0.0095,0.000,0.000
39.881,-0.1252,0.0002,-0.0095,0.000,0.000
39.889,-0.1252,0.0002,-0.0095,0.000,0.000
39.898,-0.1252,0.0002,-0.0095,0.000,0.000
39.905,-0.1252,0.0002,-0.0095,0.000,0.000
39.913,-0.1252,0.0002,-0.0095,0.000,0.000
39.921,-0.1252,0.0002,-0.0095,0.000,0.000
39.929,-0.1252,0.0002,-0.0095,0.000,0.000
39.936,-0.1252,0.0002,-0.0095,0.000,0.000
39.944,-0.1252,0.0002,-0.0095,0.000,0.000
39.952,-0.1252,0.0002,-0.0095,0.000,0.000
39.959,-0.1252,0.0002,-0.0095,0.000,0.000
39.968,-0.1252,0.0002,-0.0095,0.000,0.000
39.975,-0.1252,0.0002,-0.0095,0.000,0.000
39.983,-0.1252,0.0002,-0.0095,0.000,0.000
39.991,-0.1252,0.0002,-0.0095,0.000,0.000
39.998,-0.1252,0.0002,-0.0095,0.000,0.000
40.005,-0.1252,0.0002,-0.0095,0.000,0.000
40.013,-0.1252,0.0002,-0.0095,0.000,0.000
40.021,-0.1252,0.0002,-0.0095,0.000,0.000
40.028,-0.1252,0.0002,-0.0095,0.000,0.000
40.036,-0.1252,0.0002,-0.0095,0.000,0.000
40.044,-0.1252,0.0002,-0.0095,0.000,0.000
40.052,-0.1252,0.0002,-0.0095,0.000,0.000
40.060,-0.1252,0.0002,-0.0095,0.000,0.000
40.068,-0.1252,0.0002,-0.0095,0.000,0.000
40.076,-0.1252,0.0002,-0.0095,0.000,0.000
40.085,-0.1252,0.0002,-0.0095,0.000,0.000
40.093,-0.1252,0.0002,-0.0095,0.000,0.000
40.101,-0.1252,0.0002,-0.0095,0.000,0.000
40.110,-0.1252,0.0002,-0.0095,0.000,0.000
40.118,-0.1252,0.0002,-0.0095,0.000,0.000
40.126,-0.1252,0.0002,-0.0095,0.000,0.000
40.134,-0.1252,0.0002,-0.0095,0.000,0.000
40.142,-0.1252,0.0002,-0.0095,0.000,0.000
40.152,-0.1252,0.0002,-0.0095,0.000,0.000
40.160,-0.1252,0.0002,-0.0095,0.000,0.000
40.169,-0.1252,0.0002,-0.0095,0.000,0.000
40.177,-0.1252,0.0002,-0.0095,0.000,0.000
40.185,-0.1252,0.0002,-0.0095,0.000,0.000
40.192,-0.1252,0.0002,-0.0095,0.000,0.000
40.200,-0.1252,0.0002,-0.0095,0.000,0.000
40.209,-0.1252,0.0002,-0.0095,0.000,0.000
40.217,-0.1252,0.0002,-0.0095,0.000,0.000
40.226,-0.1252,0.0002,-0.0095,0.000,0.000
40.233,-0.1252,0.0002,-0.0095,0.000,0.000
40.241,-0.1252,0.0002,-0.0095,0.000,0.000
40.249,-0.1252,0.0002,-0.0095,0.000,0.000
40.256,-0.1252,0.0002,-0.0095,0.000,0.000
40.264,-0.1252,0.0002,-0.0095,0.000,0.000
40.271,-0.1252,0.0002,-0.0095,0.000,0.000
40.278,-0.1252,0.0002,-0.0095,0.000,0.000
40.284,-0.1252,0.0002,-0.0095,0.000,0.000
40.290,-0.1252,0.0002,-0.0095,0.000,0.000
40.298,-0.1252,0.0002,-0.0095,0.000,0.000
40.308,-0.1252,0.0002,-0.0095,0.000,0.000
40.317,-0.1252,0.0002,-0.0095,0.000,0.000
40.323,-0.1252,0.0002,-0.0095,0.000,0.000
40.329,-0.1252,0.0002,-0.0095,0.000,0.000
40.335,-0.1252,0.0002,-0.0095,0.000,0.000
40.341,-0.1252,0.0002,-0.0095,0.000,0.000
40.347,-0.1252,0.0002,-0.0095,0.000,0.000
40.353,-0.1252,0.0002,-0.0095,0.000,0.000
40.359,-0.1252,0.0002,-0.0095,0.000,0.000
40.366,-0.1252,0.0002,-0.0095,0.000,0.000
40.373,-0.1252,0.0002,-0.0095,0.000,0.000
40.379,-0.1252,0.0002,-0.0095,0.000,0.000
40.386,-0.1252,0.0002,-0.0095,0.000,0.000
40.393,-0.1252,0.0002,-0.0095,0.000,0.000
40.401,-0.1252,0.0002,-0.0095,0.000,0.000
40.410,-0.1252,0.0002,-0.0095,0.000,0.000
40.417,-0.1252,0.0002,-0.0095,0.000,0.000
40.425,-0.1252,0.0002,-0.0095,0.000,0.000
40.432,-0.1252,0.0002,-0.0095,0.000,0.000
40.438,-0.1252,0.0002,-0.0095,0.000,0.000
40.446,-0.1252,0.0002,-0.0095,0.000,0.000
40.454,-0.1252,0.0002,-0.0095,0.000,0.000
40.461,-0.1252,0.0002,-0.0095,0.000,0.000
40.469,-0.1252,0.0002,-0.0095,0.000,0.000
40.476,-0.1252,0.0002,-0.0095,0.000,0.000
40.483,-0.1252,0.0002,-0.0095,0.000,0.000
40.490,-0.1252,0.0002,-0.0095,0.000,0.000
40.497,-0.1252,0.0002,-0.0095,0.000,0.000
40.505,-0.1252,0.0002,-0.0095,0.000,0.000
40.513,-0.1252,0.0002,-0.0095,0.000,0.000
40.520,-0.1252,0.0002,-0.0095,0.000,0.000
40.527,-0.1252,0.0002,-0.0095,0.000,0.000
40.535,-0.1252,0.0002,-0.0095,0.000,0.000
40.542,-0.1252,0.0002,-0.0095,0.000,0.000
40.550,-0.1252,0.0002,-0.0095,0.000,0.000
40.559,-0.1252,0.0002,-0.0095,0.000,0.000
40.568,-0.1252,0.0002,-0.0095,0.000,0.000
40.576,-0.1252,0.0002,-0.0095,0.000,0.000
40.583,-0.1252,0.0002,-0.0095,0.000,0.000
40.591,-0.1252,0.0002,-0.0095,0.000,0.000
40.599,-0.1252,0.0002,-0.0095,0.000,0.000
40.607,-0.1252,0.0002,-0.0095,0.000,0.000
40.615,-0.1252,0.0002,-0.0095,0.000,0.000
40.622,-0.1252,0.0002,-0.0095,0.000,0.000
40.629,-0.1252,0.0002,-0.0095,0.000,0.000
40.637,-0.1252,0.0002,-0.0095,0.000,0.000
40.645,-0.1252,0.0002,-0.0095,0.000,0.000
40.653,-0.1252,0.0002,-0.0095,0.000,0.000
40.660,-0.1252,0.0002,-0.0095,0.000,0.000
40.668,-0.1252,0.0002,-0.0095,0.000,0.000
40.675,-0.1252,0.0002,-0.0095,0.000,0.000
40.683,-0.1252,0.0002,-0.0095,0.000,0.000
40.691,-0.1252,0.0002,-0.0095,0.000,0.000
40.698,-0.1252,0.0002,-0.0095,0.000,0.000
40.706,-0.1252,0.0002,-0.0095,0.000,0.000
40.715,-0.1252,0.0002,-0.0095,0.000,0.000
40.722,-0.1252,0.0002,-0.0095,0.000,0.000
40.730,-0.1252,0.0002,-0.0095,0.000,0.000
40.738,-0.1252,0.0002,-0.0095,0.000,0.000
40.745,-0.1252,0.0002,-0.0095,0.000,0.000
40.754,-0.1252,0.0002,-0.0095,0.000,0.000
40.761,-0.1252,0.0002,-0.0095,0.000,0.000
40.770,-0.1252,0.0002,-0.0095,0.000,0.000
40.778,-0.1252,0.0002,-0.0095,0.000,0.000
40.786,-0.1252,0.0002,-0.0095,0.000,0.000
40.794,-0.1252,0.0002,-0.0095,0.000,0.000
40.802,-0.1252,0.0002,-0.0095,0.000,0.000
40.810,-0.1252,0.0002,-0.0095,0.000,0.000
40.817,-0.1252,0.0002,-0.0095,0.000,0.000
40.825,-0.1252,0.0002,-0.0095,0.000,0.000
40.833,-0.1252,0.0002,-0.0095,0.000,0.000
40.841,-0.1252,0.0002,-0.0095,0.000,0.000
40.849,-0.1252,0.0002,-0.0095,0.000,0.000
40.857,-0.1252,0.0002,-0.0095,0.000,0.000
40.864,-0.1252,0.0002,-0.0095,0.000,0.000
40.871,-0.1252,0.0002,-0.0095,0.000,0.000
40.879,-0.1252,0.0002,-0.0095,0.000,0.000
40.888,-0.1252,0.0002,-0.0095,0.000,0.000
40.896,-0.1252,0.0002,-0.0095,0.000,0.000
40.903,-0.1252,0.0002,-0.0095,0.000,0.000
40.915,-0.1252,0.0002,-0.0095,0.000,0.000
40.922,-0.1252,0.0002,-0.0095,0.000,0.000
40.930,-0.1252,0.0002,-0.0095,0.000,0.000
40.937,-0.1252,0.0002,-0.0095,0.000,0.000
40.944,-0.1252,0.0002,-0.0095,0.000,0.000
40.952,-0.1252,0.0002,-0.0095,0.000,0.000
40.959,-0.1252,0.0002,-0.0095,0.000,0.000
40.968,-0.1252,0.0002,-0.0095,0.000,0.000
40.976,-0.1252,0.0002,-0.0095,0.000,0.000
40.983,-0.1252,0.0002,-0.0095,0.000,0.000
40.991,-0.1252,0.0002,-0.0095,0.000,0.000
40.999,-0.1252,0.0002,-0.0095,0.000,0.000
41.007,-0.1252,0.0002,-0.0095,0.000,0.000
41.015,-0.1252,0.0002,-0.0095,0.000,0.000
41.022,-0.1252,0.0002,-0.0095,0.000,0.000
41.029,-0.1252,0.0002,-0.0095,0.000,0.000
41.036,-0.1252,0.0002,-0.0095,0.000,0.000
41.043,-0.1252,0.0002,-0.0095,0.000,0.000
41.051,-0.1252,0.0002,-0.0095,0.000,0.000
41.059,-0.1252,0.0002,-0.0095,0.000,0.000
41.067,-0.1252,0.0002,-0.0095,0.000,0.000
41.077,-0.1252,0.0002,-0.0095,0.000,0.000
41.085,-0.1252,0.0002,-0.0095,0.000,0.000
41.094,-0.1252,0.0002,-0.0095,0.000,0.000
41.101,-0.1252,0.0002,-0.0095,0.000,0.000
41.109,-0.1252,0.0002,-0.0095,0.000,0.000
41.117,-0.1252,0.0002,-0.0095,0.000,0.000
41.124,-0.1252,0.0002,-0.0095,0.000,0.000
41.132,-0.1252,0.0002,-0.0095,0.000,0.000
41.139,-0.1252,0.0002,-0.0095,0.000,0.000
41.147,-0.1252,0.0002,-0.0095,0.000,0.000
41.154,-0.1252,0.0002,-0.0095,0.000,0.000
41.162,-0.1252,0.0002,-0.0095,0.000,0.000
41.170,-0.1252,0.0002,-0.0095,0.000,0.000
41.178,-0.1252,0.0002,-0.0095,0.000,0.000
41.185,-0.1252,0.0002,-0.0095,0.000,0.000
41.192,-0.1252,0.0002,-0.0095,0.000,0.000
41.199,-0.1252,0.0002,-0.0095,0.000,0.000
41.207,-0.1252,0.0002,-0.0095,0.000,0.000
41.214,-0.1252,0.0002,-0.0095,0.000,0.000
41.221,-0.1252,0.0002,-0.0095,0.000,0.000
41.230,-0.1252,0.0002,-0.0095,0.000,0.000
41.239,-0.1252,0.0002,-0.0095,0.000,0.000
41.249,-0.1252,0.0002,-0.0095,0.000,0.000
41.257,-0.1252,0.0002,-0.0095,0.000,0.000
41.264,-0.1252,0.0002,-0.0095,0.000,0.000
41.272,-0.1252,0.0002,-0.0095,0.000,0.000
41.280,-0.1252,0.0002,-0.0095,0.000,0.000
41.287,-0.1252,0.0002,-0.0095,0.000,0.000
41.295,-0.1252,0.0002,-0.0095,0.000,0.000
41.302,-0.1252,0.0002,-0.0095,0.000,0.000
41.309,-0.1252,0.0002,-0.0095,0.000,0.000
41.317,-0.1252,0.0002,-0.0095,0.000,0.000
41.325,-0.1252,0.0002,-0.0095,0.000,0.000
41.333,-0.1252,0.0002,-0.0095,0.000,0.000
41.341,-0.1252,0.0002,-0.0095,0.000,0.000
41.348,-0.1252,0.0002,-0.0095,0.000,0.000
41.356,-0.1252,0.0002,-0.0095,0.000,0.000
41.364,-0.1252,0.0002,-0.0095,0.000,0.000
41.372,-0.1252,0.0002,-0.0095,0.000,0.000
41.380,-0.1252,0.0002,-0.0095,0.000,0.000
41.391,-0.1252,0.0002,-0.0095,0.000,0.000
41.399,-0.1252,0.0002,-0.0095,0.000,0.000
41.407,-0.1252,0.0002,-0.0095,0.000,0.000
41.415,-0.1252,0.0002,-0.0095,0.000,0.000
41.422,-0.1252,0.0002,-0.0095,0.000,0.000
41.429,-0.1252,0.0002,-0.0095,0.000,0.000
41.437,-0.1252,0.0002,-0.0095,0.000,0.000
41.445,-0.1252,0.0002,-0.0095,0.000,0.000
41.453,-0.1252,0.0002,-0.0095,0.000,0.000
41.460,-0.1252,0.0002,-0.0095,0.000,0.000
41.468,-0.1252,0.0002,-0.0095,0.000,0.000
41.476,-0.1252,0.0002,-0.0095,0.000,0.000
41.484,-0.1252,0.0002,-0.0095,0.000,0.000
41.492,-0.1252,0.0002,-0.0095,0.000,0.000
41.501,-0.1252,0.0002,-0.0095,0.000,0.000
41.509,-0.1252,0.0002,-0.0095,0.000,0.000
41.517,-0.1252,0.0002,-0.0095,0.000,0.000
41.525,-0.1252,0.0002,-0.0095,0.000,0.000
41.533,-0.1252,0.0002,-0.0095,0.000,0.000
41.540,-0.1252,0.0002,-0.0095,0.000,0.000
41.548,-0.1252,0.0002,-0.0095,0.000,0.000
41.556,-0.1252,0.0002,-0.0095,0.000,0.000
41.564,-0.1252,0.0002,-0.0095,0.000,0.000
41.573,-0.1252,0.0002,-0.0095,0.000,0.000
41.581,-0.1252,0.0002,-0.0095,0.000,0.000
41.588,-0.1252,0.0002,-0.0095,0.000,0.000
41.596,-0.1252,0.0002,-0.0095,0.000,0.000
41.604,-0.1252,0.0002,-0.0095,0.000,0.000
41.611,-0.1252,0.0002,-0.0095,0.000,0.000
41.619,-0.1252,0.0002,-0.0095,0.000,0.000
41.626,-0.1252,0.0002,-0.0095,0.000,0.000
41.634,-0.1252,0.0002,-0.0095,0.000,0.000
41.641,-0.1252,0.0002,-0.0095,0.000,0.000
41.649,-0.1252,0.0002,-0.0095,0.000,0.000
41.657,-0.1252,0.0002,-0.0095,0.000,0.000
41.664,-0.1252,0.0002,-0.0095,0.000,0.000
41.671,-0.1252,0.0002,-0.0095,0.000,0.000
41.679,-0.1252,0.0002,-0.0095,0.000,0.000
41.687,-0.1252,0.0002,-0.0095,0.000,0.000
41.695,-0.1252,0.0002,-0.0095,0.000,0.000
41.703,-0.1252,0.0002,-0.0095,0.000,0.000
41.711,-0.1252,0.0002,-0.0095,0.000,0.000
41.719,-0.1252,0.0002,-0.0095,0.000,0.000
41.726,-0.1252,0.0002,-0.0095,0.000,0.000
41.735,-0.1252,0.0002,-0.0095,0.000,0.000
41.743,-0.1252,0.0002,-0.0095,0.000,0.000
41.752,-0.1252,0.0002,-0.0095,0.000,0.000
41.760,-0.1252,0.0002,-0.0095,0.000,0.000
41.769,-0.1252,0.0002,-0.0095,0.000,0.000
41.778,-0.1252,0.0002,-0.0095,0.000,0.000
41.787,-0.1252,0.0002,-0.0095,0.000,0.000
41.796,-0.1252,0.0002,-0.0095,0.000,0.000
41.804,-0.1252,0.0002,-0.0095,0.000,0.000
41.812,-0.1252,0.0002,-0.0095,0.000,0.000
41.820,-0.1252,0.0002,-0.0095,0.000,0.000
41.828,-0.1252,0.0002,-0.0095,0.000,0.000
41.837,-0.1252,0.0002,-0.0095,0.000,0.000
41.846,-0.1252,0.0002,-0.0095,0.000,0.000
41.853,-0.1252,0.0002,-0.0095,0.000,0.000
41.860,-0.1252,0.0002,-0.0095,0.000,0.000
41.869,-0.1252,0.0002,-0.0095,0.000,0.000
41.877,-0.1252,0.0002,-0.0095,0.000,0.000
41.884,-0.1252,0.0002,-0.0095,0.000,0.000
41.893,-0.1252,0.0002,-0.0095,0.000,0.000
41.900,-0.1252,0.0002,-0.0095,0.000,0.000
41.909,-0.1252,0.0002,-0.0095,0.000,0.000
41.917,-0.1252,0.0002,-0.0095,0.000,0.000
41.925,-0.1252,0.0002,-0.0095,0.000,0.000
41.934,-0.1252,0.0002,-0.0095,0.000,0.000
41.942,-0.1252,0.0002,-0.0095,0.000,0.000
41.949,-0.1252,0.0002,-0.0095,0.000,0.000
41.957,-0.1252,0.0002,-0.0095,0.000,0.000
41.965,-0.1252,0.0002,-0.0095,0.000,0.000
41.973,-0.1252,0.0002,-0.0095,0.000,0.000
41.981,-0.1252,0.0002,-0.0095,0.000,0.000
41.990,-0.1252,0.0002,-0.0095,0.000,0.000
41.998,-0.1252,0.0002,-0.0095,0.000,0.000
42.005,-0.1252,0.0002,-0.0095,0.000,0.000
42.013,-0.1252,0.0002,-0.0095,0.000,0.000
42.020,-0.1252,0.0002,-0.0095,0.000,0.000
42.030,-0.1252,0.0002,-0.0095,0.000,0.000
42.037,-0.1252,0.0002,-0.0095,0.000,0.000
42.045,-0.1252,0.0002,-0.0095,0.000,0.000
42.052,-0.1252,0.0002,-0.0095,0.000,0.000
42.059,-0.1252,0.0002,-0.0095,0.000,0.000
42.068,-0.1252,0.0002,-0.0095,0.000,0.000
42.076,-0.1252,0.0002,-0.0095,0.000,0.000
42.083,-0.1252,0.0002,-0.0095,0.000,0.000
42.091,-0.1252,0.0002,-0.0095,0.000,0.000
42.099,-0.1252,0.0002,-0.0095,0.000,0.000
42.107,-0.1252,0.0002,-0.0095,0.000,0.000
42.114,-0.1252,0.0002,-0.0095,0.000,0.000
42.121,-0.1252,0.0002,-0.0095,0.000,0.000
42.129,-0.1252,0.0002,-0.0095,0.000,0.000
42.136,-0.1252,0.0002,-0.0095,0.000,0.000
42.143,-0.1252,0.0002,-0.0095,0.000,0.000
42.152,-0.1252,0.0002,-0.0095,0.000,0.000
42.160,-0.1252,0.0002,-0.0095,0.000,0.000
42.170,-0.1252,0.0002,-0.0095,0.000,0.000
42.178,-0.1252,0.0002,-0.0095,0.000,0.000
42.187,-0.1252,0.0002,-0.0095,0.000,0.000
42.195,-0.1252,0.0002,-0.0095,0.000,0.000
42.203,-0.1252,0.0002,-0.0095,0.000,0.000
42.210,-0.1252,0.0002,-0.0095,0.000,0.000
42.217,-0.1252,0.0002,-0.0095,0.000,0.000
42.225,-0.1252,0.0002,-0.0095,0.000,0.000
42.233,-0.1252,0.0002,-0.0095,0.000,0.000
42.240,-0.1252,0.0002,-0.0095,0.000,0.000
42.248,-0.1252,0.0002,-0.0095,0.000,0.000
42.256,-0.1252,0.0002,-0.0095,0.000,0.000
42.263,-0.1252,0.0002,-0.0095,0.000,0.000
42.271,-0.1252,0.0002,-0.0095,0.000,0.000
42.278,-0.1252,0.0002,-0.0095,0.000,0.000
42.285,-0.1252,0.0002,-0.0095,0.000,0.000
42.293,-0.1252,0.0002,-0.0095,0.000,0.000
42.301,-0.1252,0.0002,-0.0095,0.000,0.000
42.308,-0.1252,0.0002,-0.0095,0.000,0.000
42.316,-0.1252,0.0002,-0.0095,0.000,0.000
42.323,-0.1252,0.0002,-0.0095,0.000,0.000
42.332,-0.1252,0.0002,-0.0095,0.000,0.000
42.341,-0.1252,0.0002,-0.0095,0.000,0.000
42.349,-0.1252,0.0002,-0.0095,0.000,0.000
42.357,-0.1252,0.0002,-0.0095,0.000,0.000
42.364,-0.1252,0.0002,-0.0095,0.000,0.000
42.372,-0.1252,0.0002,-0.0095,0.000,0.000
42.380,-0.1252,0.0002,-0.0095,0.000,0.000
42.388,-0.1252,0.0002,-0.0095,0.000,0.000
42.396,-0.1252,0.0002,-0.0095,0.000,0.000
42.404,-0.1252,0.0002,-0.0095,0.000,0.000
42.412,-0.1252,0.0002,-0.0095,0.000,0.000
42.419,-0.1252,0.0002,-0.0095,0.000,0.000
42.428,-0.1252,0.0002,-0.0095,0.000,0.000
42.435,-0.1252,0.0002,-0.0095,0.000,0.000
42.442,-0.1252,0.0002,-0.0095,0.000,0.000
42.450,-0.1252,0.0002,-0.0095,0.000,0.000
42.457,-0.1252,0.0002,-0.0095,0.000,0.000
42.464,-0.1252,0.0002,-0.0095,0.000,0.000
42.472,-0.1252,0.0002,-0.0095,0.000,0.000
42.481,-0.1252,0.0002,-0.0095,0.000,0.000
42.488,-0.1252,0.0002,-0.0095,0.000,0.000
42.497,-0.1252,0.0002,-0.0095,0.000,0.000
42.504,-0.1252,0.0002,-0.0095,0.000,0.000
42.512,-0.1252,0.0002,-0.0095,0.000,0.000
42.519,-0.1252,0.0002,-0.0095,0.000,0.000
42.527,-0.1252,0.0002,-0.0095,0.000,0.000
42.535,-0.1252,0.0002,-0.0095,0.000,0.000
42.542,-0.1252,0.0002,-0.0095,0.000,0.000
42.549,-0.1252,0.0002,-0.0095,0.000,0.000
42.557,-0.1252,0.0002,-0.0095,0.000,0.000
42.565,-0.1252,0.0002,-0.0095,0.000,0.000
42.573,-0.1252,0.0002,-0.0095,0.000,0.000
42.581,-0.1252,0.0002,-0.0095,0.000,0.000
42.589,-0.1252,0.0002,-0.0095,0.000,0.000
42.596,-0.1252,0.0002,-0.0095,0.000,0.000
42.604,-0.1252,0.0002,-0.0095,0.000,0.000
42.611,-0.1252,0.0002,-0.0095,0.000,0.000
42.619,-0.1252,0.0002,-0.0095,0.000,0.000
42.626,-0.1252,0.0002,-0.0095,0.000,0.000
42.635,-0.1252,0.0002,-0.0095,0.000,0.000
42.642,-0.1252,0.0002,-0.0095,0.000,0.000
42.651,-0.1252,0.0002,-0.0095,0.000,0.000
42.659,-0.1252,0.0002,-0.0095,0.000,0.000
42.667,-0.1252,0.0002,-0.0095,0.000,0.000
42.674,-0.1252,0.0002,-0.0095,0.000,0.000
42.682,-0.1252,0.0002,-0.0095,0.000,0.000
42.689,-0.1252,0.0002,-0.0095,0.000,0.000
42.697,-0.1252,0.0002,-0.0095,0.000,0.000
42.704,-0.1252,0.0002,-0.0095,0.000,0.000
42.711,-0.1252,0.0002,-0.0095,0.000,0.000
42.719,-0.1252,0.0002,-0.0095,0.000,0.000
42.728,-0.1252,0.0002,-0.0095,0.000,0.000
42.735,-0.1252,0.0002,-0.0095,0.000,0.000
42.742,-0.1252,0.0002,-0.0095,0.000,0.000
42.750,-0.1252,0.0002,-0.0095,0.000,0.000
42.758,-0.1252,0.0002,-0.0095,0.000,0.000
42.765,-0.1252,0.0002,-0.0095,0.000,0.000
42.772,-0.1252,0.0002,-0.0095,0.000,0.000
42.780,-0.1252,0.0002,-0.0095,0.000,0.000
42.788,-0.1252,0.0002,-0.0095,0.000,0.000
42.795,-0.1252,0.0002,-0.0095,0.000,0.000
42.806,-0.1252,0.0002,-0.0095,0.000,0.000
42.814,-0.1252,0.0002,-0.0095,0.000,0.000
42.822,-0.1252,0.0002,-0.0095,0.000,0.000
42.829,-0.1252,0.0002,-0.0095,0.000,0.000
42.836,-0.1252,0.0002,-0.0095,0.000,0.000
42.844,-0.1252,0.0002,-0.0095,0.000,0.000
42.853,-0.1252,0.0002,-0.0095,0.000,0.000
42.862,-0.1252,0.0002,-0.0095,0.000,0.000
42.869,-0.1252,0.0002,-0.0095,0.000,0.000
42.876,-0.1252,0.0002,-0.0095,0.000,0.000
42.884,-0.1252,0.0002,-0.0095,0.000,0.000
42.893,-0.1252,0.0002,-0.0095,0.000,0.000
42.900,-0.1252,0.0002,-0.0095,0.000,0.000
42.908,-0.1252,0.0002,-0.0095,0.000,0.000
42.915,-0.1252,0.0002,-0.0095,0.000,0.000
42.922,-0.1252,0.0002,-0.0095,0.000,0.000
42.930,-0.1252,0.0002,-0.0095,0.000,0.000
42.939,-0.1252,0.0002,-0.0095,0.000,0.000
42.947,-0.1252,0.0002,-0.0095,0.000,0.000
42.955,-0.1252,0.0002,-0.0095,0.000,0.000
42.963,-0.1252,0.0002,-0.0095,0.000,0.000
42.972,-0.1252,0.0002,-0.0095,0.000,0.000
42.980,-0.1252,0.0002,-0.0095,0.000,0.000
42.989,-0.1252,0.0002,-0.0095,0.000,0.000
42.996,-0.1252,0.0002,-0.0095,0.000,0.000
43.005,-0.1252,0.0002,-0.0095,0.000,0.000
43.014,-0.1252,0.0002,-0.0095,0.000,0.000
43.022,-0.1252,0.0002,-0.0095,0.000,0.000
43.030,-0.1252,0.0002,-0.0095,0.000,0.000
43.038,-0.1252,0.0002,-0.0095,0.000,0.000
43.045,-0.1252,0.0002,-0.0095,0.000,0.000
43.054,-0.1252,0.0002,-0.0095,0.000,0.000
43.062,-0.1252,0.0002,-0.0095,0.000,0.000
43.071,-0.1252,0.0002,-0.0095,0.000,0.000
43.079,-0.1252,0.0002,-0.0095,0.000,0.000
43.087,-0.1252,0.0002,-0.0095,0.000,0.000
43.094,-0.1252,0.0002,-0.0095,0.000,0.000
43.102,-0.1252,0.0002,-0.0095,0.000,0.000
43.109,-0.1252,0.0002,-0.0095,0.000,0.000
43.117,-0.1252,0.0002,-0.0095,0.000,0.000
43.124,-0.1252,0.0002,-0.0095,0.000,0.000
43.133,-0.1252,0.0002,-0.0095,0.000,0.000
43.140,-0.1252,0.0002,-0.0095,0.000,0.000
43.148,-0.1252,0.0002,-0.0095,0.000,0.000
43.155,-0.1252,0.0002,-0.0095,0.000,0.000
43.162,-0.1252,0.0002,-0.0095,0.000,0.000
43.170,-0.1252,0.0002,-0.0095,0.000,0.000
43.178,-0.1252,0.0002,-0.0095,0.000,0.000
43.185,-0.1252,0.0002,-0.0095,0.000,0.000
43.193,-0.1252,0.0002,-0.0095,0.000,0.000
43.200,-0.1252,0.0002,-0.0095,0.000,0.000
43.208,-0.1252,0.0002,-0.0095,0.000,0.000
43.215,-0.1252,0.0002,-0.0095,0.000,0.000
43.223,-0.1252,0.0002,-0.0095,0.000,0.000
43.230,-0.1252,0.0002,-0.0095,0.000,0.000
43.237,-0.1252,0.0002,-0.0095,0.000,0.000
43.245,-0.1252,0.0002,-0.0095,0.000,0.000
43.253,-0.1252,0.0002,-0.0095,0.000,0.000
43.260,-0.1252,0.0002,-0.0095,0.000,0.000
43.268,-0.1252,0.0002,-0.0095,0.000,0.000
43.276,-0.1252,0.0002,-0.0095,0.000,0.000
43.284,-0.1252,0.0002,-0.0095,0.000,0.000
43.292,-0.1252,0.0002,-0.0095,0.000,0.000
43.300,-0.1252,0.0002,-0.0095,0.000,0.000
43.307,-0.1252,0.0002,-0.0095,0.000,0.000
43.314,-0.1252,0.0002,-0.0095,0.000,0.000
43.322,-0.1252,0.0002,-0.0095,0.000,0.000
43.329,-0.1252,0.0002,-0.0095,0.000,0.000
43.336,-0.1252,0.0002,-0.0095,0.000,0.000
43.345,-0.1252,0.0002,-0.0095,0.000,0.000
43.354,-0.1252,0.0002,-0.0095,0.000,0.000
43.363,-0.1252,0.0002,-0.0095,0.000,0.000
43.371,-0.1252,0.0002,-0.0095,0.000,0.000
43.380,-0.1252,0.0002,-0.0095,0.000,0.000
43.388,-0.1252,0.0002,-0.0095,0.000,0.000
43.397,-0.1252,0.0002,-0.0095,0.000,0.000
43.405,-0.1252,0.0002,-0.0095,0.000,0.000
43.412,-0.1252,0.0002,-0.0095,0.000,0.000
43.420,-0.1252,0.0002,-0.0095,0.000,0.000
43.427,-0.1252,0.0002,-0.0095,0.000,0.000
43.435,-0.1252,0.0002,-0.0095,0.000,0.000
43.444,-0.1252,0.0002,-0.0095,0.000,0.000
43.452,-0.1252,0.0002,-0.0095,0.000,0.000
43.461,-0.1252,0.0002,-0.0095,0.000,0.000
43.469,-0.1252,0.0002,-0.0095,0.000,0.000
43.476,-0.1252,0.0002,-0.0095,0.000,0.000
43.483,-0.1252,0.0002,-0.0095,0.000,0.000
43.490,-0.1252,0.0002,-0.0095,0.000,0.000
43.497,-0.1252,0.0002,-0.0095,0.000,0.000
43.504,-0.1252,0.0002,-0.0095,0.000,0.000
43.511,-0.1252,0.0002,-0.0095,0.000,0.000
43.519,-0.1252,0.0002,-0.0095,0.000,0.000
43.526,-0.1252,0.0002,-0.0095,0.000,0.000
43.534,-0.1252,0.0002,-0.0095,0.000,0.000
43.541,-0.1252,0.0002,-0.0095,0.000,0.000
43.548,-0.1252,0.0002,-0.0095,0.000,0.000
43.556,-0.1252,0.0002,-0.0095,0.000,0.000
43.563,-0.1252,0.0002,-0.0095,0.000,0.000
43.571,-0.1252,0.0002,-0.0095,0.000,0.000
43.578,-0.1252,0.0002,-0.0095,0.000,0.000
43.585,-0.1252,0.0002,-0.0095,0.000,0.000
43.596,-0.1252,0.0002,-0.0095,0.000,0.000
43.604,-0.1252,0.0002,-0.0095,0.000,0.000
43.611,-0.1252,0.0002,-0.0095,0.000,0.000
43.619,-0.1252,0.0002,-0.0095,0.000,0.000
43.627,-0.1252,0.0002,-0.0095,0.000,0.000
43.635,-0.1252,0.0002,-0.0095,0.000,0.000
43.642,-0.1252,0.0002,-0.0095,0.000,0.000
43.650,-0.1252,0.0002,-0.0095,0.000,0.000
43.659,-0.1252,0.0002,-0.0095,0.000,0.000
43.669,-0.1252,0.0002,-0.0095,0.000,0.000
43.677,-0.1252,0.0002,-0.0095,0.000,0.000
43.684,-0.1252,0.0002,-0.0095,0.000,0.000
43.692,-0.1252,0.0002,-0.0095,0.000,0.000
43.699,-0.1252,0.0002,-0.0095,0.000,0.000
43.707,-0.1252,0.0002,-0.0095,0.000,0.000
43.715,-0.1252,0.0002,-0.0095,0.000,0.000
43.722,-0.1252,0.0002,-0.0095,0.000,0.000
43.730,-0.1252,0.0002,-0.0095,0.000,0.000
43.737,-0.1252,0.0002,-0.0095,0.000,0.000
43.745,-0.1252,0.0002,-0.0095,0.000,0.000
43.754,-0.1252,0.0002,-0.0095,0.000,0.000
43.761,-0.1252,0.0002,-0.0095,0.000,0.000
43.769,-0.1252,0.0002,-0.0095,0.000,0.000
43.777,-0.1252,0.0002,-0.0095,0.000,0.000
43.784,-0.1252,0.0002,-0.0095,0.000,0.000
43.792,-0.1252,0.0002,-0.0095,0.000,0.000
43.799,-0.1252,0.0002,-0.0095,0.000,0.000
43.807,-0.1252,0.0002,-0.0095,0.000,0.000
43.815,-0.1252,0.0002,-0.0095,0.000,0.000
43.822,-0.1252,0.0002,-0.0095,0.000,0.000
43.829,-0.1252,0.0002,-0.0095,0.000,0.000
43.837,-0.1252,0.0002,-0.0095,0.000,0.000
43.845,-0.1252,0.0002,-0.0095,0.000,0.000
43.852,-0.1252,0.0002,-0.0095,0.000,0.000
43.859,-0.1252,0.0002,-0.0095,0.000,0.000
43.867,-0.1252,0.0002,-0.0095,0.000,0.000
43.875,-0.1252,0.0002,-0.0095,0.000,0.000
43.882,-0.1252,0.0002,-0.0095,0.000,0.000
43.890,-0.1252,0.0002,-0.0095,0.000,0.000
43.897,-0.1252,0.0002,-0.0095,0.000,0.000
43.906,-0.1252,0.0002,-0.0095,0.000,0.000
43.913,-0.1252,0.0002,-0.0095,0.000,0.000
43.920,-0.1252,0.0002,-0.0095,0.000,0.000
43.927,-0.1252,0.0002,-0.0095,0.000,0.000
43.935,-0.1252,0.0002,-0.0095,0.000,0.000
43.942,-0.1252,0.0002,-0.0095,0.000,0.000
43.949,-0.1252,0.0002,-0.0095,0.000,0.000
43.957,-0.1252,0.0002,-0.0095,0.000,0.000
43.964,-0.1252,0.0002,-0.0095,0.000,0.000
43.971,-0.1252,0.0002,-0.0095,0.000,0.000
43.978,-0.1252,0.0002,-0.0095,0.000,0.000
43.985,-0.1252,0.0002,-0.0095,0.000,0.000
43.994,-0.1252,0.0002,-0.0095,0.000,0.000
44.002,-0.1252,0.0002,-0.0095,0.000,0.000
44.009,-0.1252,0.0002,-0.0095,0.000,0.000
44.017,-0.1252,0.0002,-0.0095,0.000,0.000
44.025,-0.1252,0.0002,-0.0095,0.000,0.000
44.032,-0.1252,0.0002,-0.0095,0.000,0.000
44.040,-0.1252,0.0002,-0.0095,0.000,0.000
44.048,-0.1252,0.0002,-0.0095,0.000,0.000
44.057,-0.1252,0.0002,-0.0095,0.000,0.000
44.064,-0.1252,0.0002,-0.0095,0.000,0.000
44.073,-0.1252,0.0002,-0.0095,0.000,0.000
44.080,-0.1252,0.0002,-0.0095,0.000,0.000
44.089,-0.1252,0.0002,-0.0095,0.000,0.000
44.096,-0.1252,0.0002,-0.0095,0.000,0.000
44.104,-0.1252,0.0002,-0.0095,0.000,0.000
44.112,-0.1252,0.0002,-0.0095,0.000,0.000
44.121,-0.1252,0.0002,-0.0095,0.000,0.000
44.128,-0.1252,0.0002,-0.0095,0.000,0.000
44.137,-0.1252,0.0002,-0.0095,0.000,0.000
44.145,-0.1252,0.0002,-0.0095,0.000,0.000
44.153,-0.1252,0.0002,-0.0095,0.000,0.000
44.161,-0.1252,0.0002,-0.0095,0.000,0.000
44.169,-0.1252,0.0002,-0.0095,0.000,0.000
44.176,-0.1252,0.0002,-0.0095,0.000,0.000
44.185,-0.1252,0.0002,-0.0095,0.000,0.000
44.192,-0.1252,0.0002,-0.0095,0.000,0.000
44.200,-0.1252,0.0002,-0.0095,0.000,0.000
44.208,-0.1252,0.0002,-0.0095,0.000,0.000
44.217,-0.1252,0.0002,-0.0095,0.000,0.000
44.224,-0.1252,0.0002,-0.0095,0.000,0.000
44.231,-0.1252,0.0002,-0.0095,0.000,0.000
44.239,-0.1252,0.0002,-0.0095,0.000,0.000
44.247,-0.1252,0.0002,-0.0095,0.000,0.000
44.255,-0.1252,0.0002,-0.0095,0.000,0.000
44.262,-0.1252,0.0002,-0.0095,0.000,0.000
44.269,-0.1252,0.0002,-0.0095,0.000,0.000
44.277,-0.1252,0.0002,-0.0095,0.000,0.000
44.285,-0.1252,0.0002,-0.0095,0.000,0.000
44.292,-0.1252,0.0002,-0.0095,0.000,0.000
44.300,-0.1252,0.0002,-0.0095,0.000,0.000
44.308,-0.1252,0.0002,-0.0095,0.000,0.000
44.317,-0.1252,0.0002,-0.0095,0.000,0.000
44.324,-0.1252,0.0002,-0.0095,0.000,0.000
44.332,-0.1252,0.0002,-0.0095,0.000,0.000
44.341,-0.1252,0.0002,-0.0095,0.000,0.000
44.349,-0.1252,0.0002,-0.0095,0.000,0.000
44.357,-0.1252,0.0002,-0.0095,0.000,0.000
44.366,-0.1252,0.0002,-0.0095,0.000,0.000
44.377,-0.1252,0.0002,-0.0095,0.000,0.000
44.386,-0.1252,0.0002,-0.0095,0.000,0.000
44.394,-0.1252,0.0002,-0.0095,0.000,0.000
44.402,-0.1252,0.0002,-0.0095,0.000,0.000
44.409,-0.1252,0.0002,-0.0095,0.000,0.000
44.416,-0.1252,0.0002,-0.0095,0.000,0.000
44.424,-0.1252,0.0002,-0.0095,0.000,0.000
44.434,-0.1252,0.0002,-0.0095,0.000,0.000
44.443,-0.1252,0.0002,-0.0095,0.000,0.000
44.451,-0.1252,0.0002,-0.0095,0.000,0.000
44.458,-0.1252,0.0002,-0.0095,0.000,0.000
44.467,-0.1252,0.0002,-0.0095,0.000,0.000
44.474,-0.1252,0.0002,-0.0095,0.000,0.000
44.482,-0.1252,0.0002,-0.0095,0.000,0.000
44.489,-0.1252,0.0002,-0.0095,0.000,0.000
44.497,-0.1252,0.0002,-0.0095,0.000,0.000
44.505,-0.1252,0.0002,-0.0095,0.000,0.000
44.512,-0.1252,0.0002,-0.0095,0.000,0.000
44.519,-0.1252,0.0002,-0.0095,0.000,0.000
44.527,-0.1252,0.0002,-0.0095,0.000,0.000
44.537,-0.1252,0.0002,-0.0095,0.000,0.000
44.544,-0.1252,0.0002,-0.0095,0.000,0.000
44.553,-0.1252,0.0002,-0.0095,0.000,0.000
44.560,-0.1252,0.0002,-0.0095,0.000,0.000
44.568,-0.1252,0.0002,-0.0095,0.000,0.000
44.576,-0.1252,0.0002,-0.0095,0.000,0.000
44.584,-0.1252,0.0002,-0.0095,0.000,0.000
44.591,-0.1252,0.0002,-0.0095,0.000,0.000
44.599,-0.1252,0.0002,-0.0095,0.000,0.000
44.607,-0.1252,0.0002,-0.0095,0.000,0.000
44.614,-0.1252,0.0002,-0.0095,0.000,0.000
44.622,-0.1252,0.0002,-0.0095,0.000,0.000
44.629,-0.1252,0.0002,-0.0095,0.000,0.000
44.637,-0.1252,0.0002,-0.0095,0.000,0.000
44.644,-0.1252,0.0002,-0.0095,0.000,0.000
44.652,-0.1252,0.0002,-0.0095,0.000,0.000
44.659,-0.1252,0.0002,-0.0095,0.000,0.000
44.667,-0.1252,0.0002,-0.0095,0.000,0.000
44.675,-0.1252,0.0002,-0.0095,0.000,0.000
44.683,-0.1252,0.0002,-0.0095,0.000,0.000
44.694,-0.1252,0.0002,-0.0095,0.000,0.000
44.701,-0.1252,0.0002,-0.0095,0.000,0.000
44.709,-0.1252,0.0002,-0.0095,0.000,0.000
44.717,-0.1252,0.0002,-0.0095,0.000,0.000
44.724,-0.1252,0.0002,-0.0095,0.000,0.000
44.732,-0.1252,0.0002,-0.0095,0.000,0.000
44.740,-0.1252,0.0002,-0.0095,0.000,0.000
44.748,-0.1252,0.0002,-0.0095,0.000,0.000
44.758,-0.1252,0.0002,-0.0095,0.000,0.000
44.768,-0.1252,0.0002,-0.0095,0.000,0.000
44.778,-0.1252,0.0002,-0.0095,0.000,0.000
44.788,-0.1252,0.0002,-0.0095,0.000,0.000
44.797,-0.1252,0.0002,-0.0095,0.000,0.000
44.806,-0.1252,0.0002,-0.0095,0.000,0.000
44.815,-0.1252,0.0002,-0.0095,0.000,0.000
44.823,-0.1252,0.0002,-0.0095,0.000,0.000
44.830,-0.1252,0.0002,-0.0095,0.000,0.000
44.838,-0.1252,0.0002,-0.0095,0.000,0.000
44.846,-0.1252,0.0002,-0.0095,0.000,0.000
44.853,-0.1252,0.0002,-0.0095,0.000,0.000
44.862,-0.1252,0.0002,-0.0095,0.000,0.000
44.870,-0.1252,0.0002,-0.0095,0.000,0.000
44.876,-0.1252,0.0002,-0.0095,0.000,0.000
44.883,-0.1252,0.0002,-0.0095,0.000,0.000
44.890,-0.1252,0.0002,-0.0095,0.000,0.000
44.897,-0.1252,0.0002,-0.0095,0.000,0.000
44.903,-0.1252,0.0002,-0.0095,0.000,0.000
44.910,-0.1252,0.0002,-0.0095,0.000,0.000
44.917,-0.1252,0.0002,-0.0095,0.000,0.000
44.924,-0.1252,0.0002,-0.0095,0.000,0.000
44.931,-0.1252,0.0002,-0.0095,0.000,0.000
44.939,-0.1252,0.0002,-0.0095,0.000,0.000
44.947,-0.1252,0.0002,-0.0095,0.000,0.000
44.955,-0.1252,0.0002,-0.0095,0.000,0.000
44.962,-0.1252,0.0002,-0.0095,0.000,0.000
44.970,-0.1252,0.0002,-0.0095,0.000,0.000
44.977,-0.1252,0.0002,-0.0095,0.000,0.000
44.984,-0.1252,0.0002,-0.0095,0.000,0.000
44.993,-0.1252,0.0002,-0.0095,0.000,0.000
45.001,-0.1252,0.0002,-0.0095,0.000,0.000
45.009,-0.1252,0.0002,-0.0095,0.000,0.000
45.018,-0.1252,0.0002,-0.0095,0.000,0.000
45.025,-0.1252,0.0002,-0.0095,0.000,0.000
45.033,-0.1252,0.0002,-0.0095,0.000,0.000
45.041,-0.1252,0.0002,-0.0095,0.000,0.000
45.048,-0.1252,0.0002,-0.0095,0.000,0.000
45.056,-0.1252,0.0002,-0.0095,0.000,0.000
45.065,-0.1252,0.0002,-0.0095,0.000,0.000
45.073,-0.1252,0.0002,-0.0095,0.000,0.000
45.081,-0.1252,0.0002,-0.0095,0.000,0.000
45.089,-0.1252,0.0002,-0.0095,0.000,0.000
45.099,-0.1252,0.0002,-0.0095,0.000,0.000
45.108,-0.1252,0.0002,-0.0095,0.000,0.000
45.115,-0.1252,0.0002,-0.0095,0.000,0.000
45.123,-0.1252,0.0002,-0.0095,0.000,0.000
45.131,-0.1252,0.0002,-0.0095,0.000,0.000
45.139,-0.1252,0.0002,-0.0095,0.000,0.000
45.147,-0.1252,0.0002,-0.0095,0.000,0.000
45.155,-0.1252,0.0002,-0.0095,0.000,0.000
45.163,-0.1252,0.0002,-0.0095,0.000,0.000
45.170,-0.1252,0.0002,-0.0095,0.000,0.000
45.180,-0.1252,0.0002,-0.0095,0.000,0.000
45.188,-0.1252,0.0002,-0.0095,0.000,0.000
45.196,-0.1252,0.0002,-0.0095,0.000,0.000
45.204,-0.1252,0.0002,-0.0095,0.000,0.000
45.211,-0.1252,0.0002,-0.0095,0.000,0.000
45.219,-0.1252,0.0002,-0.0095,0.000,0.000
45.226,-0.1252,0.0002,-0.0095,0.000,0.000
45.234,-0.1252,0.0002,-0.0095,0.000,0.000
45.242,-0.1252,0.0002,-0.0095,0.000,0.000
45.250,-0.1252,0.0002,-0.0095,0.000,0.000
45.259,-0.1252,0.0002,-0.0095,0.000,0.000
45.269,-0.1252,0.0002,-0.0095,0.000,0.000
45.277,-0.1252,0.0002,-0.0095,0.000,0.000
45.284,-0.1252,0.0002,-0.0095,0.000,0.000
45.291,-0.1252,0.0002,-0.0095,0.000,0.000
45.299,-0.1252,0.0002,-0.0095,0.000,0.000
45.308,-0.1252,0.0002,-0.0095,0.000,0.000
45.317,-0.1252,0.0002,-0.0095,0.000,0.000
45.324,-0.1252,0.0002,-0.0095,0.000,0.000
45.331,-0.1252,0.0002,-0.0095,0.000,0.000
45.340,-0.1252,0.0002,-0.0095,0.000,0.000
45.348,-0.1252,0.0002,-0.0095,0.000,0.000
45.355,-0.1252,0.0002,-0.0095,0.000,0.000
45.362,-0.1252,0.0002,-0.0095,0.000,0.000
45.370,-0.1252,0.0002,-0.0095,0.000,0.000
45.377,-0.1252,0.0002,-0.0095,0.000,0.000
45.385,-0.1252,0.0002,-0.0095,0.000,0.000
45.392,-0.1252,0.0002,-0.0095,0.000,0.000
45.400,-0.1252,0.0002,-0.0095,0.000,0.000
45.407,-0.1252,0.0002,-0.0095,0.000,0.000
45.414,-0.1252,0.0002,-0.0095,0.000,0.000
45.420,-0.1252,0.0002,-0.0095,0.000,0.000
45.427,-0.1252,0.0002,-0.0095,0.000,0.000
45.433,-0.1252,0.0002,-0.0095,0.000,0.000
45.439,-0.1252,0.0002,-0.0095,0.000,0.000
45.447,-0.1252,0.0002,-0.0095,0.000,0.000
45.453,-0.1252,0.0002,-0.0095,0.000,0.000
45.460,-0.1252,0.0002,-0.0095,0.000,0.000
45.467,-0.1252,0.0002,-0.0095,0.000,0.000
45.474,-0.1252,0.0002,-0.0095,0.000,0.000
45.480,-0.1252,0.0002,-0.0095,0.000,0.000
45.488,-0.1252,0.0002,-0.0095,0.000,0.000
45.495,-0.1252,0.0002,-0.0095,0.000,0.000
45.502,-0.1252,0.0002,-0.0095,0.000,0.000
45.509,-0.1252,0.0002,-0.0095,0.000,0.000
45.515,-0.1252,0.0002,-0.0095,0.000,0.000
45.522,-0.1252,0.0002,-0.0095,0.000,0.000
45.529,-0.1252,0.0002,-0.0095,0.000,0.000
45.538,-0.1252,0.0002,-0.0095,0.000,0.000
45.546,-0.1252,0.0002,-0.0095,0.000,0.000
45.553,-0.1252,0.0002,-0.0095,0.000,0.000
45.561,-0.1252,0.0002,-0.0095,0.000,0.000
45.568,-0.1252,0.0002,-0.0095,0.000,0.000
45.577,-0.1252,0.0002,-0.0095,0.000,0.000
45.585,-0.1252,0.0002,-0.0095,0.000,0.000
45.592,-0.1252,0.0002,-0.0095,0.000,0.000
45.600,-0.1252,0.0002,-0.0095,0.000,0.000
45.608,-0.1252,0.0002,-0.0095,0.000,0.000
45.616,-0.1252,0.0002,-0.0095,0.000,0.000
45.623,-0.1252,0.0002,-0.0095,0.000,0.000
45.630,-0.1252,0.0002,-0.0095,0.000,0.000
45.639,-0.1252,0.0002,-0.0095,0.000,0.000
45.646,-0.1252,0.0002,-0.0095,0.000,0.000
45.653,-0.1252,0.0002,-0.0095,0.000,0.000
45.660,-0.1252,0.0002,-0.0095,0.000,0.000
45.669,-0.1252,0.0002,-0.0095,0.000,0.000
45.676,-0.1252,0.0002,-0.0095,0.000,0.000
45.684,-0.1252,0.0002,-0.0095,0.000,0.000
45.692,-0.1252,0.0002,-0.0095,0.000,0.000
45.699,-0.1252,0.0002,-0.0095,0.000,0.000
45.707,-0.1252,0.0002,-0.0095,0.000,0.000
45.715,-0.1252,0.0002,-0.0095,0.000,0.000
45.723,-0.1252,0.0002,-0.0095,0.000,0.000
45.730,-0.1252,0.0002,-0.0095,0.000,0.000
45.738,-0.1252,0.0002,-0.0095,0.000,0.000
45.745,-0.1252,0.0002,-0.0095,0.000,0.000
45.752,-0.1252,0.0002,-0.0095,0.000,0.000
45.760,-0.1252,0.0002,-0.0095,0.000,0.000
45.768,-0.1252,0.0002,-0.0095,0.000,0.000
45.775,-0.1252,0.0002,-0.0095,0.000,0.000
45.782,-0.1252,0.0002,-0.0095,0.000,0.000
45.790,-0.1252,0.0002,-0.0095,0.000,0.000
45.798,-0.1252,0.0002,-0.0095,0.000,0.000
45.806,-0.1252,0.0002,-0.0095,0.000,0.000
45.814,-0.1252,0.0002,-0.0095,0.000,0.000
45.821,-0.1252,0.0002,-0.0095,0.000,0.000
45.828,-0.1252,0.0002,-0.0095,0.000,0.000
45.836,-0.1252,0.0002,-0.0095,0.000,0.000
45.843,-0.1252,0.0002,-0.0095,0.000,0.000
45.851,-0.1252,0.0002,-0.0095,0.000,0.000
45.858,-0.1252,0.0002,-0.0095,0.000,0.000
45.865,-0.1252,0.0002,-0.0095,0.000,0.000
45.873,-0.1252,0.0002,-0.0095,0.000,0.000
45.881,-0.1252,0.0002,-0.0095,0.000,0.000
45.889,-0.1252,0.0002,-0.0095,0.000,0.000
45.896,-0.1252,0.0002,-0.0095,0.000,0.000
45.903,-0.1252,0.0002,-0.0095,0.000,0.000
45.909,-0.1252,0.0002,-0.0095,0.000,0.000
45.916,-0.1252,0.0002,-0.0095,0.000,0.000
45.923,-0.1252,0.0002,-0.0095,0.000,0.000
45.930,-0.1252,0.0002,-0.0095,0.000,0.000
45.939,-0.1252,0.0002,-0.0095,0.000,0.000
45.946,-0.1252,0.0002,-0.0095,0.000,0.000
45.953,-0.1252,0.0002,-0.0095,0.000,0.000
45.960,-0.1252,0.0002,-0.0095,0.000,0.000
45.968,-0.1252,0.0002,-0.0095,0.000,0.000
45.975,-0.1252,0.0002,-0.0095,0.000,0.000
45.982,-0.1252,0.0002,-0.0095,0.000,0.000
45.989,-0.1252,0.0002,-0.0095,0.000,0.000
45.997,-0.1252,0.0002,-0.0095,0.000,0.000
46.004,-0.1252,0.0002,-0.0095,0.000,0.000
46.012,-0.1252,0.0002,-0.0095,0.000,0.000
46.019,-0.1252,0.0002,-0.0095,0.000,0.000
46.026,-0.1252,0.0002,-0.0095,0.000,0.000
46.034,-0.1252,0.0002,-0.0095,0.000,0.000
46.041,-0.1252,0.0002,-0.0095,0.000,0.000
46.049,-0.1252,0.0002,-0.0095,0.000,0.000
46.056,-0.1252,0.0002,-0.0095,0.000,0.000
46.063,-0.1252,0.0002,-0.0095,0.000,0.000
46.071,-0.1252,0.0002,-0.0095,0.000,0.000
46.079,-0.1252,0.0002,-0.0095,0.000,0.000
46.088,-0.1252,0.0002,-0.0095,0.000,0.000
46.098,-0.1252,0.0002,-0.0095,0.000,0.000
46.106,-0.1252,0.0002,-0.0095,0.000,0.000
46.115,-0.1252,0.0002,-0.0095,0.000,0.000
46.122,-0.1252,0.0002,-0.0095,0.000,0.000
46.130,-0.1252,0.0002,-0.0095,0.000,0.000
46.138,-0.1252,0.0002,-0.0095,0.000,0.000
46.146,-0.1252,0.0002,-0.0095,0.000,0.000
46.153,-0.1252,0.0002,-0.0095,0.000,0.000
46.161,-0.1252,0.0002,-0.0095,0.000,0.000
46.169,-0.1252,0.0002,-0.0095,0.000,0.000
46.177,-0.1252,0.0002,-0.0095,0.000,0.000
46.184,-0.1252,0.0002,-0.0095,0.000,0.000
46.192,-0.1252,0.0002,-0.0095,0.000,0.000
46.199,-0.1252,0.0002,-0.0095,0.000,0.000
46.208,-0.1252,0.0002,-0.0095,0.000,0.000
46.215,-0.1252,0.0002,-0.0095,0.000,0.000
46.222,-0.1252,0.0002,-0.0095,0.000,0.000
46.229,-0.1252,0.0002,-0.0095,0.000,0.000
46.238,-0.1252,0.0002,-0.0095,0.000,0.000
46.246,-0.1252,0.0002,-0.0095,0.000,0.000
46.254,-0.1252,0.0002,-0.0095,0.000,0.000
46.261,-0.1252,0.0002,-0.0095,0.000,0.000
46.269,-0.1252,0.0002,-0.0095,0.000,0.000
46.277,-0.1252,0.0002,-0.0095,0.000,0.000
46.285,-0.1252,0.0002,-0.0095,0.000,0.000
46.293,-0.1252,0.0002,-0.0095,0.000,0.000
46.301,-0.1252,0.0002,-0.0095,0.000,0.000
46.309,-0.1252,0.0002,-0.0095,0.000,0.000
46.317,-0.1252,0.0002,-0.0095,0.000,0.000
46.325,-0.1252,0.0002,-0.0095,0.000,0.000
46.331,-0.1252,0.0002,-0.0095,0.000,0.000
46.339,-0.1252,0.0002,-0.0095,0.000,0.000
46.348,-0.1252,0.0002,-0.0095,0.000,0.000
46.355,-0.1252,0.0002,-0.0095,0.000,0.000
46.364,-0.1252,0.0002,-0.0095,0.000,0.000
46.371,-0.1252,0.0002,-0.0095,0.000,0.000
46.378,-0.1252,0.0002,-0.0095,0.000,0.000
46.387,-0.1252,0.0002,-0.0095,0.000,0.000
46.395,-0.1252,0.0002,-0.0095,0.000,0.000
46.403,-0.1252,0.0002,-0.0095,0.000,0.000
46.413,-0.1252,0.0002,-0.0095,0.000,0.000
46.421,-0.1252,0.0002,-0.0095,0.000,0.000
46.429,-0.1252,0.0002,-0.0095,0.000,0.000
46.436,-0.1252,0.0002,-0.0095,0.000,0.000
46.443,-0.1252,0.0002,-0.0095,0.000,0.000
46.451,-0.1252,0.0002,-0.0095,0.000,0.000
46.458,-0.1252,0.0002,-0.0095,0.000,0.000
46.466,-0.1252,0.0002,-0.0095,0.000,0.000
46.474,-0.1252,0.0002,-0.0095,0.000,0.000
46.481,-0.1252,0.0002,-0.0095,0.000,0.000
46.488,-0.1252,0.0002,-0.0095,0.000,0.000
46.496,-0.1252,0.0002,-0.0095,0.000,0.000
46.503,-0.1252,0.0002,-0.0095,0.000,0.000
46.510,-0.1252,0.0002,-0.0095,0.000,0.000
46.517,-0.1252,0.0002,-0.0095,0.000,0.000
46.524,-0.1252,0.0002,-0.0095,0.000,0.000
46.532,-0.1252,0.0002,-0.0095,0.000,0.000
46.539,-0.1252,0.0002,-0.0095,0.000,0.000
46.547,-0.1252,0.0002,-0.0095,0.000,0.000
46.554,-0.1252,0.0002,-0.0095,0.000,0.000
46.564,-0.1252,0.0002,-0.0095,0.000,0.000
46.572,-0.1252,0.0002,-0.0095,0.000,0.000
46.579,-0.1252,0.0002,-0.0095,0.000,0.000
46.587,-0.1252,0.0002,-0.0095,0.000,0.000
46.595,-0.1252,0.0002,-0.0095,0.000,0.000
46.602,-0.1252,0.0002,-0.0095,0.000,0.000
46.610,-0.1252,0.0002,-0.0095,0.000,0.000
46.617,-0.1252,0.0002,-0.0095,0.000,0.000
46.624,-0.1252,0.0002,-0.0095,0.000,0.000
46.631,-0.1252,0.0002,-0.0095,0.000,0.000
46.638,-0.1252,0.0002,-0.0095,0.000,0.000
46.645,-0.1252,0.0002,-0.0095,0.000,0.000
46.652,-0.1252,0.0002,-0.0095,0.000,0.000
46.660,-0.1252,0.0002,-0.0095,0.000,0.000
46.667,-0.1252,0.0002,-0.0095,0.000,0.000
46.676,-0.1252,0.0002,-0.0095,0.000,0.000
46.683,-0.1252,0.0002,-0.0095,0.000,0.000
46.690,-0.1252,0.0002,-0.0095,0.000,0.000
46.698,-0.1252,0.0002,-0.0095,0.000,0.000
46.705,-0.1252,0.0002,-0.0095,0.000,0.000
46.712,-0.1252,0.0002,-0.0095,0.000,0.000
46.720,-0.1252,0.0002,-0.0095,0.000,0.000
46.727,-0.1252,0.0002,-0.0095,0.000,0.000
46.734,-0.1252,0.0002,-0.0095,0.000,0.000
46.742,-0.1252,0.0002,-0.0095,0.000,0.000
46.749,-0.1252,0.0002,-0.0095,0.000,0.000
46.757,-0.1252,0.0002,-0.0095,0.000,0.000
46.764,-0.1252,0.0002,-0.0095,0.000,0.000
46.771,-0.1252,0.0002,-0.0095,0.000,0.000
46.779,-0.1252,0.0002,-0.0095,0.000,0.000
46.786,-0.1252,0.0002,-0.0095,0.000,0.000
46.793,-0.1252,0.0002,-0.0095,0.000,0.000
46.801,-0.1252,0.0002,-0.0095,0.000,0.000
46.808,-0.1252,0.0002,-0.0095,0.000,0.000
46.816,-0.1252,0.0002,-0.0095,0.000,0.000
46.823,-0.1252,0.0002,-0.0095,0.000,0.000
46.831,-0.1252,0.0002,-0.0095,0.000,0.000
46.838,-0.1252,0.0002,-0.0095,0.000,0.000
46.845,-0.1252,0.0002,-0.0095,0.000,0.000
46.852,-0.1252,0.0002,-0.0095,0.000,0.000
46.860,-0.1252,0.0002,-0.0095,0.000,0.000
46.869,-0.1252,0.0002,-0.0095,0.000,0.000
46.878,-0.1252,0.0002,-0.0095,0.000,0.000
46.886,-0.1252,0.0002,-0.0095,0.000,0.000
46.893,-0.1252,0.0002,-0.0095,0.000,0.000
46.900,-0.1252,0.0002,-0.0095,0.000,0.000
46.906,-0.1252,0.0002,-0.0095,0.000,0.000
46.913,-0.1252,0.0002,-0.0095,0.000,0.000
46.921,-0.1252,0.0002,-0.0095,0.000,0.000
46.928,-0.1252,0.0002,-0.0095,0.000,0.000
46.935,-0.1252,0.0002,-0.0095,0.000,0.000
46.943,-0.1252,0.0002,-0.0095,0.000,0.000
46.950,-0.1252,0.0002,-0.0095,0.000,0.000
46.958,-0.1252,0.0002,-0.0095,0.000,0.000
46.965,-0.1252,0.0002,-0.0095,0.000,0.000
46.972,-0.1252,0.0002,-0.0095,0.000,0.000
46.981,-0.1252,0.0002,-0.0095,0.000,0.000
46.988,-0.1252,0.0002,-0.0095,0.000,0.000
46.996,-0.1252,0.0002,-0.0095,0.000,0.000
47.003,-0.1252,0.0002,-0.0095,0.000,0.000
47.011,-0.1252,0.0002,-0.0095,0.000,0.000
47.019,-0.1252,0.0002,-0.0095,0.000,0.000
47.027,-0.1252,0.0002,-0.0095,0.000,0.000
47.035,-0.1252,0.0002,-0.0095,0.000,0.000
47.042,-0.1252,0.0002,-0.0095,0.000,0.000
47.049,-0.1252,0.0002,-0.0095,0.000,0.000
47.056,-0.1252,0.0002,-0.0095,0.000,0.000
47.063,-0.1252,0.0002,-0.0095,0.000,0.000
47.071,-0.1252,0.0002,-0.0095,0.000,0.000
47.079,-0.1252,0.0002,-0.0095,0.000,0.000
47.086,-0.1252,0.0002,-0.0095,0.000,0.000
47.093,-0.1252,0.0002,-0.0095,0.000,0.000
47.100,-0.1252,0.0002,-0.0095,0.000,0.000
47.110,-0.1252,0.0002,-0.0095,0.000,0.000
47.119,-0.1252,0.0002,-0.0095,0.000,0.000
47.126,-0.1252,0.0002,-0.0095,0.000,0.000
47.134,-0.1252,0.0002,-0.0095,0.000,0.000
47.142,-0.1252,0.0002,-0.0095,0.000,0.000
47.148,-0.1252,0.0002,-0.0095,0.000,0.000
47.156,-0.1252,0.0002,-0.0095,0.000,0.000
47.164,-0.1252,0.0002,-0.0095,0.000,0.000
47.172,-0.1252,0.0002,-0.0095,0.000,0.000
47.181,-0.1252,0.0002,-0.0095,0.000,0.000
47.188,-0.1252,0.0002,-0.0095,0.000,0.000
47.196,-0.1252,0.0002,-0.0095,0.000,0.000
47.204,-0.1252,0.0002,-0.0095,0.000,0.000
47.211,-0.1252,0.0002,-0.0095,0.000,0.000
47.219,-0.1252,0.0002,-0.0095,0.000,0.000
47.227,-0.1252,0.0002,-0.0095,0.000,0.000
47.234,-0.1252,0.0002,-0.0095,0.000,0.000
47.242,-0.1252,0.0002,-0.0095,0.000,0.000
47.250,-0.1252,0.0002,-0.0095,0.000,0.000
47.257,-0.1252,0.0002,-0.0095,0.000,0.000
47.265,-0.1252,0.0002,-0.0095,0.000,0.000
47.272,-0.1252,0.0002,-0.0095,0.000,0.000
47.280,-0.1252,0.0002,-0.0095,0.000,0.000
47.286,-0.1252,0.0002,-0.0095,0.000,0.000
47.293,-0.1252,0.0002,-0.0095,0.000,0.000
47.300,-0.1252,0.0002,-0.0095,0.000,0.000
47.308,-0.1252,0.0002,-0.0095,0.000,0.000
47.316,-0.1252,0.0002,-0.0095,0.000,0.000
47.323,-0.1252,0.0002,-0.0095,0.000,0.000
47.331,-0.1252,0.0002,-0.0095,0.000,0.000
47.339,-0.1252,0.0002,-0.0095,0.000,0.000
47.346,-0.1252,0.0002,-0.0095,0.000,0.000
47.353,-0.1252,0.0002,-0.0095,0.000,0.000
47.360,-0.1252,0.0002,-0.0095,0.000,0.000
47.367,-0.1252,0.0002,-0.0095,0.000,0.000
47.375,-0.1252,0.0002,-0.0095,0.000,0.000
47.382,-0.1252,0.0002,-0.0095,0.000,0.000
47.389,-0.1252,0.0002,-0.0095,0.000,0.000
47.397,-0.1252,0.0002,-0.0095,0.000,0.000
47.405,-0.1252,0.0002,-0.0095,0.000,0.000
47.412,-0.1252,0.0002,-0.0095,0.000,0.000
47.420,-0.1252,0.0002,-0.0095,0.000,0.000
47.427,-0.1252,0.0002,-0.0095,0.000,0.000
47.435,-0.1252,0.0002,-0.0095,0.000,0.000
47.443,-0.1252,0.0002,-0.0095,0.000,0.000
47.450,-0.1252,0.0002,-0.0095,0.000,0.000
47.457,-0.1252,0.0002,-0.0095,0.000,0.000
47.465,-0.1252,0.0002,-0.0095,0.000,0.000
47.472,-0.1252,0.0002,-0.0095,0.000,0.000
47.481,-0.1252,0.0002,-0.0095,0.000,0.000
47.488,-0.1252,0.0002,-0.0095,0.000,0.000
47.495,-0.1252,0.0002,-0.0095,0.000,0.000
47.502,-0.1252,0.0002,-0.0095,0.000,0.000
47.509,-0.1252,0.0002,-0.0095,0.000,0.000
47.516,-0.1252,0.0002,-0.0095,0.000,0.000
47.524,-0.1252,0.0002,-0.0095,0.000,0.000
47.530,-0.1252,0.0002,-0.0095,0.000,0.000
47.538,-0.1252,0.0002,-0.0095,0.000,0.000
47.545,-0.1252,0.0002,-0.0095,0.000,0.000
47.552,-0.1252,0.0002,-0.0095,0.000,0.000
47.559,-0.1252,0.0002,-0.0095,0.000,0.000
47.567,-0.1252,0.0002,-0.0095,0.000,0.000
47.575,-0.1252,0.0002,-0.0095,0.000,0.000
47.583,-0.1252,0.0002,-0.0095,0.000,0.000
47.590,-0.1252,0.0002,-0.0095,0.000,0.000
47.599,-0.1252,0.0002,-0.0095,0.000,0.000
47.606,-0.1252,0.0002,-0.0095,0.000,0.000
47.614,-0.1252,0.0002,-0.0095,0.000,0.000
47.622,-0.1252,0.0002,-0.0095,0.000,0.000
47.631,-0.1252,0.0002,-0.0095,0.000,0.000
47.640,-0.1252,0.0002,-0.0095,0.000,0.000
47.648,-0.1252,0.0002,-0.0095,0.000,0.000
47.656,-0.1252,0.0002,-0.0095,0.000,0.000
47.664,-0.1252,0.0002,-0.0095,0.000,0.000
47.671,-0.1252,0.0002,-0.0095,0.000,0.000
47.680,-0.1252,0.0002,-0.0095,0.000,0.000
47.688,-0.1252,0.0002,-0.0095,0.000,0.000
47.697,-0.1252,0.0002,-0.0095,0.000,0.000
47.705,-0.1252,0.0002,-0.0095,0.000,0.000
47.713,-0.1252,0.0002,-0.0095,0.000,0.000
47.721,-0.1252,0.0002,-0.0095,0.000,0.000
47.729,-0.1252,0.0002,-0.0095,0.000,0.000
47.736,-0.1252,0.0002,-0.0095,0.000,0.000
47.744,-0.1252,0.0002,-0.0095,0.000,0.000
47.751,-0.1252,0.0002,-0.0095,0.000,0.000
47.759,-0.1252,0.0002,-0.0095,0.000,0.000
47.766,-0.1252,0.0002,-0.0095,0.000,0.000
47.775,-0.1252,0.0002,-0.0095,0.000,0.000
47.783,-0.1252,0.0002,-0.0095,0.000,0.000
47.792,-0.1252,0.0002,-0.0095,0.000,0.000
47.800,-0.1252,0.0002,-0.0095,0.000,0.000
47.808,-0.1252,0.0002,-0.0095,0.000,0.000
47.816,-0.1252,0.0002,-0.0095,0.000,0.000
47.824,-0.1252,0.0002,-0.0095,0.000,0.000
47.832,-0.1252,0.0002,-0.0095,0.000,0.000
47.841,-0.1252,0.0002,-0.0095,0.000,0.000
47.849,-0.1252,0.0002,-0.0095,0.000,0.000
47.857,-0.1252,0.0002,-0.0095,0.000,0.000
47.865,-0.1252,0.0002,-0.0095,0.000,0.000
47.872,-0.1252,0.0002,-0.0095,0.000,0.000
47.880,-0.1252,0.0002,-0.0095,0.000,0.000
47.888,-0.1252,0.0002,-0.0095,0.000,0.000
47.897,-0.1252,0.0002,-0.0095,0.000,0.000
47.905,-0.1252,0.0002,-0.0095,0.000,0.000
47.912,-0.1252,0.0002,-0.0095,0.000,0.000
47.920,-0.1252,0.0002,-0.0095,0.000,0.000
47.929,-0.1252,0.0002,-0.0095,0.000,0.000
47.936,-0.1252,0.0002,-0.0095,0.000,0.000
47.943,-0.1252,0.0002,-0.0095,0.000,0.000
47.951,-0.1252,0.0002,-0.0095,0.000,0.000
47.958,-0.1252,0.0002,-0.0095,0.000,0.000
47.966,-0.1252,0.0002,-0.0095,0.000,0.000
47.973,-0.1252,0.0002,-0.0095,0.000,0.000
47.980,-0.1252,0.0002,-0.0095,0.000,0.000
47.989,-0.1252,0.0002,-0.0095,0.000,0.000
47.996,-0.1252,0.0002,-0.0095,0.000,0.000
48.003,-0.1252,0.0002,-0.0095,0.000,0.000
48.010,-0.1252,0.0002,-0.0095,0.000,0.000
48.018,-0.1252,0.0002,-0.0095,0.000,0.000
48.025,-0.1252,0.0002,-0.0095,0.000,0.000
48.032,-0.1252,0.0002,-0.0095,0.000,0.000
48.040,-0.1252,0.0002,-0.0095,0.000,0.000
48.048,-0.1252,0.0002,-0.0095,0.000,0.000
48.056,-0.1252,0.0002,-0.0095,0.000,0.000
48.063,-0.1252,0.0002,-0.0095,0.000,0.000
48.070,-0.1252,0.0002,-0.0095,0.000,0.000
48.077,-0.1252,0.0002,-0.0095,0.000,0.000
48.085,-0.1252,0.0002,-0.0095,0.000,0.000
48.093,-0.1252,0.0002,-0.0095,0.000,0.000
48.102,-0.1252,0.0002,-0.0095,0.000,0.000
48.110,-0.1252,0.0002,-0.0095,0.000,0.000
48.118,-0.1252,0.0002,-0.0095,0.000,0.000
48.125,-0.1252,0.0002,-0.0095,0.000,0.000
48.132,-0.1252,0.0002,-0.0095,0.000,0.000
48.140,-0.1252,0.0002,-0.0095,0.000,0.000
48.149,-0.1252,0.0002,-0.0095,0.000,0.000
48.158,-0.1252,0.0002,-0.0095,0.000,0.000
48.165,-0.1252,0.0002,-0.0095,0.000,0.000
48.173,-0.1252,0.0002,-0.0095,0.000,0.000
48.181,-0.1252,0.0002,-0.0095,0.000,0.000
48.188,-0.1252,0.0002,-0.0095,0.000,0.000
48.196,-0.1252,0.0002,-0.0095,0.000,0.000
48.204,-0.1252,0.0002,-0.0095,0.000,0.000
48.211,-0.1252,0.0002,-0.0095,0.000,0.000
48.219,-0.1252,0.0002,-0.0095,0.000,0.000
48.226,-0.1252,0.0002,-0.0095,0.000,0.000
48.233,-0.1252,0.0002,-0.0095,0.000,0.000
48.242,-0.1252,0.0002,-0.0095,0.000,0.000
48.249,-0.1252,0.0002,-0.0095,0.000,0.000
48.257,-0.1252,0.0002,-0.0095,0.000,0.000
48.265,-0.1252,0.0002,-0.0095,0.000,0.000
48.272,-0.1252,0.0002,-0.0095,0.000,0.000
48.280,-0.1252,0.0002,-0.0095,0.000,0.000
48.288,-0.1252,0.0002,-0.0095,0.000,0.000
48.295,-0.1252,0.0002,-0.0095,0.000,0.000
48.303,-0.1252,0.0002,-0.0095,0.000,0.000
48.310,-0.1252,0.0002,-0.0095,0.000,0.000
48.317,-0.1252,0.0002,-0.0095,0.000,0.000
48.325,-0.1252,0.0002,-0.0095,0.000,0.000
48.333,-0.1252,0.0002,-0.0095,0.000,0.000
48.341,-0.1252,0.0002,-0.0095,0.000,0.000
48.348,-0.1252,0.0002,-0.0095,0.000,0.000
48.357,-0.1252,0.0002,-0.0095,0.000,0.000
48.365,-0.1252,0.0002,-0.0095,0.000,0.000
48.372,-0.1252,0.0002,-0.0095,0.000,0.000
48.380,-0.1252,0.0002,-0.0095,0.000,0.000
48.389,-0.1252,0.0002,-0.0095,0.000,0.000
48.396,-0.1252,0.0002,-0.0095,0.000,0.000
48.404,-0.1252,0.0002,-0.0095,0.000,0.000
48.414,-0.1252,0.0002,-0.0095,0.000,0.000
48.421,-0.1252,0.0002,-0.0095,0.000,0.000
48.427,-0.1252,0.0002,-0.0095,0.000,0.000
48.435,-0.1252,0.0002,-0.0095,0.000,0.000
48.441,-0.1252,0.0002,-0.0095,0.000,0.000
48.449,-0.1252,0.0002,-0.0095,0.000,0.000
48.456,-0.1252,0.0002,-0.0095,0.000,0.000
48.463,-0.1252,0.0002,-0.0095,0.000,0.000
48.471,-0.1252,0.0002,-0.0095,0.000,0.000
48.478,-0.1252,0.0002,-0.0095,0.000,0.000
48.486,-0.1252,0.0002,-0.0095,0.000,0.000
48.492,-0.1252,0.0002,-0.0095,0.000,0.000
48.500,-0.1252,0.0002,-0.0095,0.000,0.000
48.507,-0.1252,0.0002,-0.0095,0.000,0.000
48.515,-0.1252,0.0002,-0.0095,0.000,0.000
48.522,-0.1252,0.0002,-0.0095,0.000,0.000
48.529,-0.1252,0.0002,-0.0095,0.000,0.000
48.536,-0.1252,0.0002,-0.0095,0.000,0.000
48.544,-0.1252,0.0002,-0.0095,0.000,0.000
48.551,-0.1252,0.0002,-0.0095,0.000,0.000
48.559,-0.1252,0.0002,-0.0095,0.000,0.000
48.567,-0.1252,0.0002,-0.0095,0.000,0.000
48.574,-0.1252,0.0002,-0.0095,0.000,0.000
48.582,-0.1252,0.0002,-0.0095,0.000,0.000
48.589,-0.1252,0.0002,-0.0095,0.000,0.000
48.596,-0.1252,0.0002,-0.0095,0.000,0.000
48.603,-0.1252,0.0002,-0.0095,0.000,0.000
48.612,-0.1252,0.0002,-0.0095,0.000,0.000
48.620,-0.1252,0.0002,-0.0095,0.000,0.000
48.628,-0.1252,0.0002,-0.0095,0.000,0.000
48.636,-0.1252,0.0002,-0.0095,0.000,0.000
48.644,-0.1252,0.0002,-0.0095,0.000,0.000
48.652,-0.1252,0.0002,-0.0095,0.000,0.000
48.659,-0.1252,0.0002,-0.0095,0.000,0.000
48.667,-0.1252,0.0002,-0.0095,0.000,0.000
48.675,-0.1252,0.0002,-0.0095,0.000,0.000
48.683,-0.1252,0.0002,-0.0095,0.000,0.000
48.690,-0.1252,0.0002,-0.0095,0.000,0.000
48.698,-0.1252,0.0002,-0.0095,0.000,0.000
48.705,-0.1252,0.0002,-0.0095,0.000,0.000
48.713,-0.1252,0.0002,-0.0095,0.000,0.000
48.721,-0.1252,0.0002,-0.0095,0.000,0.000
48.728,-0.1252,0.0002,-0.0095,0.000,0.000
48.735,-0.1252,0.0002,-0.0095,0.000,0.000
48.742,-0.1252,0.0002,-0.0095,0.000,0.000
48.749,-0.1252,0.0002,-0.0095,0.000,0.000
48.757,-0.1252,0.0002,-0.0095,0.000,0.000
48.764,-0.1252,0.0002,-0.0095,0.000,0.000
48.771,-0.1252,0.0002,-0.0095,0.000,0.000
48.781,-0.1252,0.0002,-0.0095,0.000,0.000
48.792,-0.1252,0.0002,-0.0095,0.000,0.000
48.802,-0.1252,0.0002,-0.0095,0.000,0.000
48.812,-0.1252,0.0002,-0.0095,0.000,0.000
48.823,-0.1252,0.0002,-0.0095,0.000,0.000
48.831,-0.1252,0.0002,-0.0095,0.000,0.000
48.840,-0.1252,0.0002,-0.0095,0.000,0.000
48.848,-0.1252,0.0002,-0.0095,0.000,0.000
48.857,-0.1252,0.0002,-0.0095,0.000,0.000
48.866,-0.1252,0.0002,-0.0095,0.000,0.000
48.876,-0.1252,0.0002,-0.0095,0.000,0.000
48.889,-0.1252,0.0002,-0.0095,0.000,0.000
48.897,-0.1252,0.0002,-0.0095,0.000,0.000
48.905,-0.1252,0.0002,-0.0095,0.000,0.000
48.913,-0.1252,0.0002,-0.0095,0.000,0.000
48.925,-0.1252,0.0002,-0.0095,0.000,0.000
48.933,-0.1252,0.0002,-0.0095,0.000,0.000
48.943,-0.1252,0.0002,-0.0095,0.000,0.000
48.950,-0.1252,0.0002,-0.0095,0.000,0.000
48.958,-0.1252,0.0002,-0.0095,0.000,0.000
48.966,-0.1252,0.0002,-0.0095,0.000,0.000
48.976,-0.1252,0.0002,-0.0095,0.000,0.000
48.983,-0.1252,0.0002,-0.0095,0.000,0.000
48.991,-0.1252,0.0002,-0.0095,0.000,0.000
49.004,-0.1252,0.0002,-0.0095,0.000,0.000
49.012,-0.1252,0.0002,-0.0095,0.000,0.000
49.020,-0.1252,0.0002,-0.0095,0.000,0.000
49.028,-0.1252,0.0002,-0.0095,0.000,0.000
49.034,-0.1252,0.0002,-0.0095,0.000,0.000
49.043,-0.1252,0.0002,-0.0095,0.000,0.000
49.050,-0.1252,0.0002,-0.0095,0.000,0.000
49.057,-0.1252,0.0002,-0.0095,0.000,0.000
49.066,-0.1252,0.0002,-0.0095,0.000,0.000
49.073,-0.1252,0.0002,-0.0095,0.000,0.000
49.080,-0.1252,0.0002,-0.0095,0.000,0.000
49.088,-0.1252,0.0002,-0.0095,0.000,0.000
49.097,-0.1252,0.0002,-0.0095,0.000,0.000
49.105,-0.1252,0.0002,-0.0095,0.000,0.000
49.112,-0.1252,0.0002,-0.0095,0.000,0.000
49.119,-0.1252,0.0002,-0.0095,0.000,0.000
49.126,-0.1252,0.0002,-0.0095,0.000,0.000
49.134,-0.1252,0.0002,-0.0095,0.000,0.000
49.141,-0.1252,0.0002,-0.0095,0.000,0.000
49.148,-0.1252,0.0002,-0.0095,0.000,0.000
49.155,-0.1252,0.0002,-0.0095,0.000,0.000
49.162,-0.1252,0.0002,-0.0095,0.000,0.000
49.170,-0.1252,0.0002,-0.0095,0.000,0.000
49.180,-0.1252,0.0002,-0.0095,0.000,0.000
49.188,-0.1252,0.0002,-0.0095,0.000,0.000
49.195,-0.1252,0.0002,-0.0095,0.000,0.000
49.202,-0.1252,0.0002,-0.0095,0.000,0.000
49.209,-0.1252,0.0002,-0.0095,0.000,0.000
49.219,-0.1252,0.0002,-0.0095,0.000,0.000
49.227,-0.1252,0.0002,-0.0095,0.000,0.000
49.235,-0.1252,0.0002,-0.0095,0.000,0.000
49.242,-0.1252,0.0002,-0.0095,0.000,0.000
49.249,-0.1252,0.0002,-0.0095,0.000,0.000
49.257,-0.1252,0.0002,-0.0095,0.000,0.000
49.265,-0.1252,0.0002,-0.0095,0.000,0.000
49.273,-0.1252,0.0002,-0.0095,0.000,0.000
49.280,-0.1252,0.0002,-0.0095,0.000,0.000
49.289,-0.1252,0.0002,-0.0095,0.000,0.000
49.297,-0.1252,0.0002,-0.0095,0.000,0.000
49.304,-0.1252,0.0002,-0.0095,0.000,0.000
49.311,-0.1252,0.0002,-0.0095,0.000,0.000
49.318,-0.1252,0.0002,-0.0095,0.000,0.000
49.325,-0.1252,0.0002,-0.0095,0.000,0.000
49.333,-0.1252,0.0002,-0.0095,0.000,0.000
49.342,-0.1252,0.0002,-0.0095,0.000,0.000
49.349,-0.1252,0.0002,-0.0095,0.000,0.000
49.356,-0.1252,0.0002,-0.0095,0.000,0.000
49.364,-0.1252,0.0002,-0.0095,0.000,0.000
49.374,-0.1252,0.0002,-0.0095,0.000,0.000
49.382,-0.1252,0.0002,-0.0095,0.000,0.000
49.389,-0.1252,0.0002,-0.0095,0.000,0.000
49.397,-0.1252,0.0002,-0.0095,0.000,0.000
49.405,-0.1252,0.0002,-0.0095,0.000,0.000
49.412,-0.1252,0.0002,-0.0095,0.000,0.000
49.420,-0.1252,0.0002,-0.0095,0.000,0.000
49.428,-0.1252,0.0002,-0.0095,0.000,0.000
49.436,-0.1252,0.0002,-0.0095,0.000,0.000
49.444,-0.1252,0.0002,-0.0095,0.000,0.000
49.452,-0.1252,0.0002,-0.0095,0.000,0.000
49.458,-0.1252,0.0002,-0.0095,0.000,0.000
49.465,-0.1252,0.0002,-0.0095,0.000,0.000
49.472,-0.1252,0.0002,-0.0095,0.000,0.000
49.478,-0.1252,0.0002,-0.0095,0.000,0.000
49.484,-0.1252,0.0002,-0.0095,0.000,0.000
49.491,-0.1252,0.0002,-0.0095,0.000,0.000
49.498,-0.1252,0.0002,-0.0095,0.000,0.000
49.507,-0.1252,0.0002,-0.0095,0.000,0.000
49.514,-0.1252,0.0002,-0.0095,0.000,0.000
49.523,-0.1252,0.0002,-0.0095,0.000,0.000
49.529,-0.1252,0.0002,-0.0095,0.000,0.000
49.536,-0.1252,0.0002,-0.0095,0.000,0.000
49.543,-0.1252,0.0002,-0.0095,0.000,0.000
49.550,-0.1252,0.0002,-0.0095,0.000,0.000
49.557,-0.1252,0.0002,-0.0095,0.000,0.000
49.565,-0.1252,0.0002,-0.0095,0.000,0.000
49.572,-0.1252,0.0002,-0.0095,0.000,0.000
49.581,-0.1252,0.0002,-0.0095,0.000,0.000
49.589,-0.1252,0.0002,-0.0095,0.000,0.000
49.597,-0.1252,0.0002,-0.0095,0.000,0.000
49.606,-0.1252,0.0002,-0.0095,0.000,0.000
49.613,-0.1252,0.0002,-0.0095,0.000,0.000
49.622,-0.1252,0.0002,-0.0095,0.000,0.000
49.630,-0.1252,0.0002,-0.0095,0.000,0.000
49.638,-0.1252,0.0002,-0.0095,0.000,0.000
49.645,-0.1252,0.0002,-0.0095,0.000,0.000
49.652,-0.1252,0.0002,-0.0095,0.000,0.000
49.660,-0.1252,0.0002,-0.0095,0.000,0.000
49.668,-0.1252,0.0002,-0.0095,0.000,0.000
49.679,-0.1252,0.0002,-0.0095,0.000,0.000
49.688,-0.1252,0.0002,-0.0095,0.000,0.000
49.697,-0.1252,0.0002,-0.0095,0.000,0.000
49.706,-0.1252,0.0002,-0.0095,0.000,0.000
49.714,-0.1252,0.0002,-0.0095,0.000,0.000
49.722,-0.1252,0.0002,-0.0095,0.000,0.000
49.730,-0.1252,0.0002,-0.0095,0.000,0.000
49.738,-0.1252,0.0002,-0.0095,0.000,0.000
49.749,-0.1252,0.0002,-0.0095,0.000,0.000
49.757,-0.1252,0.0002,-0.0095,0.000,0.000
49.765,-0.1252,0.0002,-0.0095,0.000,0.000
49.774,-0.1252,0.0002,-0.0095,0.000,0.000
49.782,-0.1252,0.0002,-0.0095,0.000,0.000
49.790,-0.1252,0.0002,-0.0095,0.000,0.000
49.798,-0.1252,0.0002,-0.0095,0.000,0.000
49.806,-0.1252,0.0002,-0.0095,0.000,0.000
49.814,-0.1252,0.0002,-0.0095,0.000,0.000
49.823,-0.1252,0.0002,-0.0095,0.000,0.000
49.830,-0.1252,0.0002,-0.0095,0.000,0.000
49.837,-0.1252,0.0002,-0.0095,0.000,0.000
49.845,-0.1252,0.0002,-0.0095,0.000,0.000
49.852,-0.1252,0.0002,-0.0095,0.000,0.000
49.860,-0.1252,0.0002,-0.0095,0.000,0.000
49.867,-0.1252,0.0002,-0.0095,0.000,0.000
49.874,-0.1252,0.0002,-0.0095,0.000,0.000
49.881,-0.1252,0.0002,-0.0095,0.000,0.000
49.888,-0.1252,0.0002,-0.0095,0.000,0.000
49.894,-0.1252,0.0002,-0.0095,0.000,0.000
49.900,-0.1252,0.0002,-0.0095,0.000,0.000
49.907,-0.1252,0.0002,-0.0095,0.000,0.000
49.913,-0.1252,0.0002,-0.0095,0.000,0.000
49.920,-0.1252,0.0002,-0.0095,0.000,0.000
49.928,-0.1252,0.0002,-0.0095,0.000,0.000
49.934,-0.1252,0.0002,-0.0095,0.000,0.000
49.942,-0.1252,0.0002,-0.0095,0.000,0.000
49.949,-0.1252,0.0002,-0.0095,0.000,0.000
49.956,-0.1252,0.0002,-0.0095,0.000,0.000
49.963,-0.1252,0.0002,-0.0095,0.000,0.000
49.970,-0.1252,0.0002,-0.0095,0.000,0.000
49.978,-0.1252,0.0002,-0.0095,0.000,0.000
49.987,-0.1252,0.0002,-0.0095,0.000,0.000
49.995,-0.1252,0.0002,-0.0095,0.000,0.000
50.002,-0.1252,0.0002,-0.0095,0.000,0.000
50.011,-0.1252,0.0002,-0.0095,0.000,0.000
50.019,-0.1252,0.0002,-0.0095,0.000,0.000
50.031,-0.1252,0.0002,-0.0095,0.000,0.000
50.038,-0.1252,0.0002,-0.0095,0.000,0.000
50.046,-0.1252,0.0002,-0.0095,0.000,0.000
50.053,-0.1252,0.0002,-0.0095,0.000,0.000
50.061,-0.1252,0.0002,-0.0095,0.000,0.000
50.068,-0.1252,0.0002,-0.0095,0.000,0.000
50.076,-0.1252,0.0002,-0.0095,0.000,0.000
50.084,-0.1252,0.0002,-0.0095,0.000,0.000
50.092,-0.1252,0.0002,-0.0095,0.000,0.000
50.100,-0.1252,0.0002,-0.0095,0.000,0.000
50.108,-0.1252,0.0002,-0.0095,0.000,0.000
50.116,-0.1252,0.0002,-0.0095,0.000,0.000
50.124,-0.1252,0.0002,-0.0095,0.000,0.000
50.131,-0.1252,0.0002,-0.0095,0.000,0.000
50.139,-0.1252,0.0002,-0.0095,0.000,0.000
50.148,-0.1252,0.0002,-0.0095,0.000,0.000
50.156,-0.1252,0.0002,-0.0095,0.000,0.000
50.164,-0.1252,0.0002,-0.0095,0.000,0.000
50.171,-0.1252,0.0002,-0.0095,0.000,0.000
50.179,-0.1252,0.0002,-0.0095,0.000,0.000
50.186,-0.1252,0.0002,-0.0095,0.000,0.000
50.194,-0.1252,0.0002,-0.0095,0.000,0.000
50.202,-0.1252,0.0002,-0.0095,0.000,0.000
50.210,-0.1252,0.0002,-0.0095,0.000,0.000
50.217,-0.1252,0.0002,-0.0095,0.000,0.000
50.225,-0.1252,0.0002,-0.0095,0.000,0.000
50.232,-0.1252,0.0002,-0.0095,0.000,0.000
50.239,-0.1252,0.0002,-0.0095,0.000,0.000
50.246,-0.1252,0.0002,-0.0095,0.000,0.000
50.254,-0.1252,0.0002,-0.0095,0.000,0.000
50.262,-0.1252,0.0002,-0.0095,0.000,0.000
50.270,-0.1252,0.0002,-0.0095,0.000,0.000
50.279,-0.1252,0.0002,-0.0095,0.000,0.000
50.286,-0.1252,0.0002,-0.0095,0.000,0.000
50.293,-0.1252,0.0002,-0.0095,0.000,0.000
50.303,-0.1252,0.0002,-0.0095,0.000,0.000
50.311,-0.1252,0.0002,-0.0095,0.000,0.000
50.319,-0.1252,0.0002,-0.0095,0.000,0.000
50.326,-0.1252,0.0002,-0.0095,0.000,0.000
50.332,-0.1252,0.0002,-0.0095,0.000,0.000
50.338,-0.1252,0.0002,-0.0095,0.000,0.000
50.345,-0.1252,0.0002,-0.0095,0.000,0.000
50.351,-0.1252,0.0002,-0.0095,0.000,0.000
50.358,-0.1252,0.0002,-0.0095,0.000,0.000
50.365,-0.1252,0.0002,-0.0095,0.000,0.000
50.372,-0.1252,0.0002,-0.0095,0.000,0.000
50.380,-0.1252,0.0002,-0.0095,0.000,0.000
50.389,-0.1252,0.0002,-0.0095,0.000,0.000
50.397,-0.1252,0.0002,-0.0095,0.000,0.000
50.404,-0.1252,0.0002,-0.0095,0.000,0.000
50.411,-0.1252,0.0002,-0.0095,0.000,0.000
50.418,-0.1252,0.0002,-0.0095,0.000,0.000
50.425,-0.1252,0.0002,-0.0095,0.000,0.000
50.432,-0.1252,0.0002,-0.0095,0.000,0.000
50.439,-0.1252,0.0002,-0.0095,0.000,0.000
50.447,-0.1252,0.0002,-0.0095,0.000,0.000
50.455,-0.1252,0.0002,-0.0095,0.000,0.000
50.463,-0.1252,0.0002,-0.0095,0.000,0.000
50.470,-0.1252,0.0002,-0.0095,0.000,0.000
50.480,-0.1252,0.0002,-0.0095,0.000,0.000
50.489,-0.1252,0.0002,-0.0095,0.000,0.000
50.496,-0.1252,0.0002,-0.0095,0.000,0.000
50.503,-0.1252,0.0002,-0.0095,0.000,0.000
50.510,-0.1252,0.0002,-0.0095,0.000,0.000
50.518,-0.1252,0.0002,-0.0095,0.000,0.000
50.527,-0.1252,0.0002,-0.0095,0.000,0.000
50.535,-0.1252,0.0002,-0.0095,0.000,0.000
50.543,-0.1252,0.0002,-0.0095,0.000,0.000
50.550,-0.1252,0.0002,-0.0095,0.000,0.000
50.558,-0.1252,0.0002,-0.0095,0.000,0.000
50.565,-0.1252,0.0002,-0.0095,0.000,0.000
50.573,-0.1252,0.0002,-0.0095,0.000,0.000
50.580,-0.1252,0.0002,-0.0095,0.000,0.000
50.588,-0.1252,0.0002,-0.0095,0.000,0.000
50.595,-0.1252,0.0002,-0.0095,0.000,0.000
50.602,-0.1252,0.0002,-0.0095,0.000,0.000
50.610,-0.1252,0.0002,-0.0095,0.000,0.000
50.618,-0.1252,0.0002,-0.0095,0.000,0.000
50.625,-0.1252,0.0002,-0.0095,0.000,0.000
50.633,-0.1252,0.0002,-0.0095,0.000,0.000
50.640,-0.1252,0.0002,-0.0095,0.000,0.000
50.648,-0.1252,0.0002,-0.0095,0.000,0.000
50.655,-0.1252,0.0002,-0.0095,0.000,0.000
50.662,-0.1252,0.0002,-0.0095,0.000,0.000
50.669,-0.1252,0.0002,-0.0095,0.000,0.000
50.675,-0.1252,0.0002,-0.0095,0.000,0.000
50.683,-0.1252,0.0002,-0.0095,0.000,0.000
50.690,-0.1252,0.0002,-0.0095,0.000,0.000
50.697,-0.1252,0.0002,-0.0095,0.000,0.000
50.705,-0.1252,0.0002,-0.0095,0.000,0.000
50.712,-0.1252,0.0002,-0.0095,0.000,0.000
50.719,-0.1252,0.0002,-0.0095,0.000,0.000
50.726,-0.1252,0.0002,-0.0095,0.000,0.000
50.733,-0.1252,0.0002,-0.0095,0.000,0.000
50.740,-0.1252,0.0002,-0.0095,0.000,0.000
50.748,-0.1252,0.0002,-0.0095,0.000,0.000
50.755,-0.1252,0.0002,-0.0095,0.000,0.000
50.763,-0.1252,0.0002,-0.0095,0.000,0.000
50.770,-0.1252,0.0002,-0.0095,0.000,0.000
50.777,-0.1252,0.0002,-0.0095,0.000,0.000
50.784,-0.1252,0.0002,-0.0095,0.000,0.000
50.791,-0.1252,0.0002,-0.0095,0.000,0.000
50.798,-0.1252,0.0002,-0.0095,0.000,0.000
50.806,-0.1252,0.0002,-0.0095,0.000,0.000
50.813,-0.1252,0.0002,-0.0095,0.000,0.000
50.820,-0.1252,0.0002,-0.0095,0.000,0.000
50.828,-0.1252,0.0002,-0.0095,0.000,0.000
50.835,-0.1252,0.0002,-0.0095,0.000,0.000
50.843,-0.1252,0.0002,-0.0095,0.000,0.000
50.850,-0.1252,0.0002,-0.0095,0.000,0.000
50.857,-0.1252,0.0002,-0.0095,0.000,0.000
50.864,-0.1252,0.0002,-0.0095,0.000,0.000
50.871,-0.1252,0.0002,-0.0095,0.000,0.000
50.879,-0.1252,0.0002,-0.0095,0.000,0.000
50.886,-0.1252,0.0002,-0.0095,0.000,0.000
50.893,-0.1252,0.0002,-0.0095,0.000,0.000
50.901,-0.1252,0.0002,-0.0095,0.000,0.000
50.910,-0.1252,0.0002,-0.0095,0.000,0.000
50.917,-0.1252,0.0002,-0.0095,0.000,0.000
50.924,-0.1252,0.0002,-0.0095,0.000,0.000
50.931,-0.1252,0.0002,-0.0095,0.000,0.000
50.938,-0.1252,0.0002,-0.0095,0.000,0.000
50.944,-0.1252,0.0002,-0.0095,0.000,0.000
50.951,-0.1252,0.0002,-0.0095,0.000,0.000
50.958,-0.1252,0.0002,-0.0095,0.000,0.000
50.965,-0.1252,0.0002,-0.0095,0.000,0.000
50.973,-0.1252,0.0002,-0.0095,0.000,0.000
50.980,-0.1252,0.0002,-0.0095,0.000,0.000
50.988,-0.1252,0.0002,-0.0095,0.000,0.000
50.996,-0.1252,0.0002,-0.0095,0.000,0.000
51.003,-0.1252,0.0002,-0.0095,0.000,0.000
51.012,-0.1252,0.0002,-0.0095,0.000,0.000
51.021,-0.1252,0.0002,-0.0095,0.000,0.000
51.029,-0.1252,0.0002,-0.0095,0.000,0.000
51.038,-0.1252,0.0002,-0.0095,0.000,0.000
51.047,-0.1252,0.0002,-0.0095,0.000,0.000
51.055,-0.1252,0.0002,-0.0095,0.000,0.000
51.065,-0.1252,0.0002,-0.0095,0.000,0.000
51.074,-0.1252,0.0002,-0.0095,0.000,0.000
51.082,-0.1252,0.0002,-0.0095,0.000,0.000
51.089,-0.1252,0.0002,-0.0095,0.000,0.000
51.097,-0.1252,0.0002,-0.0095,0.000,0.000
51.104,-0.1252,0.0002,-0.0095,0.000,0.000
51.111,-0.1252,0.0002,-0.0095,0.000,0.000
51.118,-0.1252,0.0002,-0.0095,0.000,0.000
51.125,-0.1252,0.0002,-0.0095,0.000,0.000
51.134,-0.1252,0.0002,-0.0095,0.000,0.000
51.142,-0.1252,0.0002,-0.0095,0.000,0.000
51.150,-0.1252,0.0002,-0.0095,0.000,0.000
51.158,-0.1252,0.0002,-0.0095,0.000,0.000
51.166,-0.1252,0.0002,-0.0095,0.000,0.000
51.173,-0.1252,0.0002,-0.0095,0.000,0.000
51.181,-0.1252,0.0002,-0.0095,0.000,0.000
51.189,-0.1252,0.0002,-0.0095,0.000,0.000
51.197,-0.1252,0.0002,-0.0095,0.000,0.000
51.205,-0.1252,0.0002,-0.0095,0.000,0.000
51.213,-0.1252,0.0002,-0.0095,0.000,0.000
51.222,-0.1252,0.0002,-0.0095,0.000,0.000
51.229,-0.1252,0.0002,-0.0095,0.000,0.000
51.237,-0.1252,0.0002,-0.0095,0.000,0.000
51.246,-0.1252,0.0002,-0.0095,0.000,0.000
51.254,-0.1252,0.0002,-0.0095,0.000,0.000
51.264,-0.1252,0.0002,-0.0095,0.000,0.000
51.271,-0.1252,0.0002,-0.0095,0.000,0.000
51.279,-0.1252,0.0002,-0.0095,0.000,0.000
51.288,-0.1252,0.0002,-0.0095,0.000,0.000
51.296,-0.1252,0.0002,-0.0095,0.000,0.000
51.304,-0.1252,0.0002,-0.0095,0.000,0.000
51.312,-0.1252,0.0002,-0.0095,0.000,0.000
51.320,-0.1252,0.0002,-0.0095,0.000,0.000
51.326,-0.1252,0.0002,-0.0095,0.000,0.000
51.334,-0.1252,0.0002,-0.0095,0.000,0.000
51.343,-0.1252,0.0002,-0.0095,0.000,0.000
51.351,-0.1252,0.0002,-0.0095,0.000,0.000
51.359,-0.1252,0.0002,-0.0095,0.000,0.000
51.366,-0.1252,0.0002,-0.0095,0.000,0.000
51.374,-0.1252,0.0002,-0.0095,0.000,0.000
51.382,-0.1252,0.0002,-0.0095,0.000,0.000
51.391,-0.1252,0.0002,-0.0095,0.000,0.000
51.399,-0.1252,0.0002,-0.0095,0.000,0.000
51.408,-0.1252,0.0002,-0.0095,0.000,0.000
51.416,-0.1252,0.0002,-0.0095,0.000,0.000
51.425,-0.1252,0.0002,-0.0095,0.000,0.000
51.433,-0.1252,0.0002,-0.0095,0.000,0.000
51.443,-0.1252,0.0002,-0.0095,0.000,0.000
51.452,-0.1252,0.0002,-0.0095,0.000,0.000
51.460,-0.1252,0.0002,-0.0095,0.000,0.000
51.469,-0.1252,0.0002,-0.0095,0.000,0.000
51.477,-0.1252,0.0002,-0.0095,0.000,0.000
51.485,-0.1252,0.0002,-0.0095,0.000,0.000
51.493,-0.1252,0.0002,-0.0095,0.000,0.000
51.504,-0.1252,0.0002,-0.0095,0.000,0.000
51.513,-0.1252,0.0002,-0.0095,0.000,0.000
51.522,-0.1252,0.0002,-0.0095,0.000,0.000
51.530,-0.1252,0.0002,-0.0095,0.000,0.000
51.537,-0.1252,0.0002,-0.0095,0.000,0.000
51.545,-0.1252,0.0002,-0.0095,0.000,0.000
51.556,-0.1252,0.0002,-0.0095,0.000,0.000
51.566,-0.1252,0.0002,-0.0095,0.000,0.000
51.574,-0.1252,0.0002,-0.0095,0.000,0.000
51.582,-0.1252,0.0002,-0.0095,0.000,0.000
51.590,-0.1252,0.0002,-0.0095,0.000,0.000
51.598,-0.1252,0.0002,-0.0095,0.000,0.000
51.606,-0.1252,0.0002,-0.0095,0.000,0.000
51.613,-0.1252,0.0002,-0.0095,0.000,0.000
51.621,-0.1252,0.0002,-0.0095,0.000,0.000
51.629,-0.1252,0.0002,-0.0095,0.000,0.000
51.636,-0.1252,0.0002,-0.0095,0.000,0.000
51.654,-0.1252,0.0002,-0.0095,0.000,0.000
51.664,-0.1252,0.0002,-0.0095,0.000,0.000
51.671,-0.1252,0.0002,-0.0095,0.000,0.000
51.680,-0.1252,0.0002,-0.0095,0.000,0.000
51.688,-0.1252,0.0002,-0.0095,0.000,0.000
51.695,-0.1252,0.0002,-0.0095,0.000,0.000
51.703,-0.1252,0.0002,-0.0095,0.000,0.000
51.710,-0.1252,0.0002,-0.0095,0.000,0.000
51.717,-0.1252,0.0002,-0.0095,0.000,0.000
51.726,-0.1252,0.0002,-0.0095,0.000,0.000
51.734,-0.1252,0.0002,-0.0095,0.000,0.000
51.742,-0.1252,0.0002,-0.0095,0.000,0.000
51.750,-0.1252,0.0002,-0.0095,0.000,0.000
51.757,-0.1252,0.0002,-0.0095,0.000,0.000
51.764,-0.1252,0.0002,-0.0095,0.000,0.000
51.771,-0.1252,0.0002,-0.0095,0.000,0.000
51.780,-0.1252,0.0002,-0.0095,0.000,0.000
51.788,-0.1252,0.0002,-0.0095,0.000,0.000
51.796,-0.1252,0.0002,-0.0095,0.000,0.000
51.803,-0.1252,0.0002,-0.0095,0.000,0.000
51.810,-0.1252,0.0002,-0.0095,0.000,0.000
51.817,-0.1252,0.0002,-0.0095,0.000,0.000
51.825,-0.1252,0.0002,-0.0095,0.000,0.000
51.833,-0.1252,0.0002,-0.0095,0.000,0.000
51.840,-0.1252,0.0002,-0.0095,0.000,0.000
51.848,-0.1252,0.0002,-0.0095,0.000,0.000
51.856,-0.1252,0.0002,-0.0095,0.000,0.000
51.863,-0.1252,0.0002,-0.0095,0.000,0.000
51.870,-0.1252,0.0002,-0.0095,0.000,0.000
51.879,-0.1252,0.0002,-0.0095,0.000,0.000
51.886,-0.1252,0.0002,-0.0095,0.000,0.000
51.893,-0.1252,0.0002,-0.0095,0.000,0.000
51.902,-0.1252,0.0002,-0.0095,0.000,0.000
51.909,-0.1252,0.0002,-0.0095,0.000,0.000
51.917,-0.1252,0.0002,-0.0095,0.000,0.000
51.925,-0.1252,0.0002,-0.0095,0.000,0.000
51.932,-0.1252,0.0002,-0.0095,0.000,0.000
51.939,-0.1252,0.0002,-0.0095,0.000,0.000
51.947,-0.1252,0.0002,-0.0095,0.000,0.000
51.955,-0.1252,0.0002,-0.0095,0.000,0.000
51.962,-0.1252,0.0002,-0.0095,0.000,0.000
51.970,-0.1252,0.0002,-0.0095,0.000,0.000
51.977,-0.1252,0.0002,-0.0095,0.000,0.000
51.985,-0.1252,0.0002,-0.0095,0.000,0.000
51.992,-0.1252,0.0002,-0.0095,0.000,0.000
52.000,-0.1252,0.0002,-0.0095,0.000,0.000
52.008,-0.1252,0.0002,-0.0095,0.000,0.000
52.015,-0.1252,0.0002,-0.0095,0.000,0.000
52.023,-0.1252,0.0002,-0.0095,0.000,0.000
52.031,-0.1252,0.0002,-0.0095,0.000,0.000
52.038,-0.1252,0.0002,-0.0095,0.000,0.000
52.045,-0.1252,0.0002,-0.0095,0.000,0.000
52.053,-0.1252,0.0002,-0.0095,0.000,0.000
52.060,-0.1252,0.0002,-0.0095,0.000,0.000
52.068,-0.1252,0.0002,-0.0095,0.000,0.000
52.076,-0.1252,0.0002,-0.0095,0.000,0.000
52.084,-0.1252,0.0002,-0.0095,0.000,0.000
52.091,-0.1252,0.0002,-0.0095,0.000,0.000
52.098,-0.1252,0.0002,-0.0095,0.000,0.000
52.107,-0.1252,0.0002,-0.0095,0.000,0.000
52.114,-0.1252,0.0002,-0.0095,0.000,0.000
52.121,-0.1252,0.0002,-0.0095,0.000,0.000
52.129,-0.1252,0.0002,-0.0095,0.000,0.000
52.137,-0.1252,0.0002,-0.0095,0.000,0.000
52.144,-0.1252,0.0002,-0.0095,0.000,0.000
52.152,-0.1252,0.0002,-0.0095,0.000,0.000
52.160,-0.1252,0.0002,-0.0095,0.000,0.000
52.168,-0.1252,0.0002,-0.0095,0.000,0.000
52.175,-0.1252,0.0002,-0.0095,0.000,0.000
52.186,-0.1252,0.0002,-0.0095,0.000,0.000
52.193,-0.1252,0.0002,-0.0095,0.000,0.000
52.200,-0.1252,0.0002,-0.0095,0.000,0.000
52.208,-0.1252,0.0002,-0.0095,0.000,0.000
52.215,-0.1252,0.0002,-0.0095,0.000,0.000
52.222,-0.1252,0.0002,-0.0095,0.000,0.000
52.230,-0.1252,0.0002,-0.0095,0.000,0.000
52.238,-0.1252,0.0002,-0.0095,0.000,0.000
52.246,-0.1252,0.0002,-0.0095,0.000,0.000
52.253,-0.1252,0.0002,-0.0095,0.000,0.000
52.261,-0.1252,0.0002,-0.0095,0.000,0.000
52.270,-0.1252,0.0002,-0.0095,0.000,0.000
52.277,-0.1252,0.0002,-0.0095,0.000,0.000
52.285,-0.1252,0.0002,-0.0095,0.000,0.000
52.292,-0.1252,0.0002,-0.0095,0.000,0.000
52.299,-0.1252,0.0002,-0.0095,0.000,0.000
52.307,-0.1252,0.0002,-0.0095,0.000,0.000
52.314,-0.1252,0.0002,-0.0095,0.000,0.000
52.322,-0.1252,0.0002,-0.0095,0.000,0.000
52.330,-0.1252,0.0002,-0.0095,0.000,0.000
52.337,-0.1252,0.0002,-0.0095,0.000,0.000
52.346,-0.1252,0.0002,-0.0095,0.000,0.000
52.353,-0.1252,0.0002,-0.0095,0.000,0.000
52.361,-0.1252,0.0002,-0.0095,0.000,0.000
52.369,-0.1252,0.0002,-0.0095,0.000,0.000
52.376,-0.1252,0.0002,-0.0095,0.000,0.000
52.384,-0.1252,0.0002,-0.0095,0.000,0.000
52.392,-0.1252,0.0002,-0.0095,0.000,0.000
52.400,-0.1252,0.0002,-0.0095,0.000,0.000
52.408,-0.1252,0.0002,-0.0095,0.000,0.000
52.416,-0.1252,0.0002,-0.0095,0.000,0.000
52.425,-0.1252,0.0002,-0.0095,0.000,0.000
52.432,-0.1252,0.0002,-0.0095,0.000,0.000
52.440,-0.1252,0.0002,-0.0095,0.000,0.000
52.449,-0.1252,0.0002,-0.0095,0.000,0.000
52.456,-0.1252,0.0002,-0.0095,0.000,0.000
52.464,-0.1252,0.0002,-0.0095,0.000,0.000
52.472,-0.1252,0.0002,-0.0095,0.000,0.000
52.480,-0.1252,0.0002,-0.0095,0.000,0.000
52.489,-0.1252,0.0002,-0.0095,0.000,0.000
52.498,-0.1252,0.0002,-0.0095,0.000,0.000
52.509,-0.1252,0.0002,-0.0095,0.000,0.000
52.518,-0.1252,0.0002,-0.0095,0.000,0.000
52.526,-0.1252,0.0002,-0.0095,0.000,0.000
52.534,-0.1252,0.0002,-0.0095,0.000,0.000
52.544,-0.1252,0.0002,-0.0095,0.000,0.000
52.552,-0.1252,0.0002,-0.0095,0.000,0.000
52.560,-0.1252,0.0002,-0.0095,0.000,0.000
52.569,-0.1252,0.0002,-0.0095,0.000,0.000
52.576,-0.1252,0.0002,-0.0095,0.000,0.000
52.585,-0.1252,0.0002,-0.0095,0.000,0.000
52.596,-0.1252,0.0002,-0.0095,0.000,0.000
52.606,-0.1252,0.0002,-0.0095,0.000,0.000
52.615,-0.1252,0.0002,-0.0095,0.000,0.000
52.623,-0.1252,0.0002,-0.0095,0.000,0.000
52.631,-0.1252,0.0002,-0.0095,0.000,0.000
52.638,-0.1252,0.0002,-0.0095,0.000,0.000
52.647,-0.1252,0.0002,-0.0095,0.000,0.000
52.656,-0.1252,0.0002,-0.0095,0.000,0.000
52.665,-0.1252,0.0002,-0.0095,0.000,0.000
52.673,-0.1252,0.0002,-0.0095,0.000,0.000
52.692,-0.1252,0.0002,-0.0095,0.000,0.000
52.701,-0.1252,0.0002,-0.0095,0.000,0.000
52.710,-0.1252,0.0002,-0.0095,0.000,0.000
52.717,-0.1252,0.0002,-0.0095,0.000,0.000
52.726,-0.1252,0.0002,-0.0095,0.000,0.000
52.734,-0.1252,0.0002,-0.0095,0.000,0.000
52.744,-0.1252,0.0002,-0.0095,0.000,0.000
52.752,-0.1252,0.0002,-0.0095,0.000,0.000
52.762,-0.1252,0.0002,-0.0095,0.000,0.000
52.771,-0.1252,0.0002,-0.0095,0.000,0.000
52.781,-0.1252,0.0002,-0.0095,0.000,0.000
52.789,-0.1252,0.0002,-0.0095,0.000,0.000
52.797,-0.1252,0.0002,-0.0095,0.000,0.000
52.804,-0.1252,0.0002,-0.0095,0.000,0.000
52.812,-0.1252,0.0002,-0.0095,0.000,0.000
52.820,-0.1252,0.0002,-0.0095,0.000,0.000
52.826,-0.1252,0.0002,-0.0095,0.000,0.000
52.832,-0.1252,0.0002,-0.0095,0.000,0.000
52.839,-0.1252,0.0002,-0.0095,0.000,0.000
52.847,-0.1252,0.0002,-0.0095,0.000,0.000
52.856,-0.1252,0.0002,-0.0095,0.000,0.000
52.863,-0.1252,0.0002,-0.0095,0.000,0.000
52.871,-0.1252,0.0002,-0.0095,0.000,0.000
52.879,-0.1252,0.0002,-0.0095,0.000,0.000
52.887,-0.1252,0.0002,-0.0095,0.000,0.000
52.894,-0.1252,0.0002,-0.0095,0.000,0.000
52.902,-0.1252,0.0002,-0.0095,0.000,0.000
52.908,-0.1252,0.0002,-0.0095,0.000,0.000
52.915,-0.1252,0.0002,-0.0095,0.000,0.000
52.922,-0.1252,0.0002,-0.0095,0.000,0.000
52.928,-0.1252,0.0002,-0.0095,0.000,0.000
52.935,-0.1252,0.0002,-0.0095,0.000,0.000
52.943,-0.1252,0.0002,-0.0095,0.000,0.000
52.950,-0.1252,0.0002,-0.0095,0.000,0.000
52.957,-0.1252,0.0002,-0.0095,0.000,0.000
52.963,-0.1252,0.0002,-0.0095,0.000,0.000
52.970,-0.1252,0.0002,-0.0095,0.000,0.000
52.976,-0.1252,0.0002,-0.0095,0.000,0.000
52.983,-0.1252,0.0002,-0.0095,0.000,0.000
52.991,-0.1252,0.0002,-0.0095,0.000,0.000
52.999,-0.1252,0.0002,-0.0095,0.000,0.000
53.008,-0.1252,0.0002,-0.0095,0.000,0.000
53.015,-0.1252,0.0002,-0.0095,0.000,0.000
53.023,-0.1252,0.0002,-0.0095,0.000,0.000
53.030,-0.1252,0.0002,-0.0095,0.000,0.000
53.037,-0.1252,0.0002,-0.0095,0.000,0.000
53.045,-0.1252,0.0002,-0.0095,0.000,0.000
53.052,-0.1252,0.0002,-0.0095,0.000,0.000
53.060,-0.1252,0.0002,-0.0095,0.000,0.000
53.067,-0.1252,0.0002,-0.0095,0.000,0.000
53.075,-0.1252,0.0002,-0.0095,0.000,0.000
53.082,-0.1252,0.0002,-0.0095,0.000,0.000
53.090,-0.1252,0.0002,-0.0095,0.000,0.000
53.096,-0.1252,0.0002,-0.0095,0.000,0.000
53.105,-0.1252,0.0002,-0.0095,0.000,0.000
53.113,-0.1252,0.0002,-0.0095,0.000,0.000
53.122,-0.1252,0.0002,-0.0095,0.000,0.000
53.130,-0.1252,0.0002,-0.0095,0.000,0.000
53.137,-0.1252,0.0002,-0.0095,0.000,0.000
53.145,-0.1252,0.0002,-0.0095,0.000,0.000
53.152,-0.1252,0.0002,-0.0095,0.000,0.000
53.160,-0.1252,0.0002,-0.0095,0.000,0.000
53.169,-0.1252,0.0002,-0.0095,0.000,0.000
53.176,-0.1252,0.0002,-0.0095,0.000,0.000
53.183,-0.1252,0.0002,-0.0095,0.000,0.000
53.190,-0.1252,0.0002,-0.0095,0.000,0.000
53.198,-0.1252,0.0002,-0.0095,0.000,0.000
53.205,-0.1252,0.0002,-0.0095,0.000,0.000
53.213,-0.1252,0.0002,-0.0095,0.000,0.000
53.222,-0.1252,0.0002,-0.0095,0.000,0.000
53.230,-0.1252,0.0002,-0.0095,0.000,0.000
53.238,-0.1252,0.0002,-0.0095,0.000,0.000
53.248,-0.1252,0.0002,-0.0095,0.000,0.000
53.257,-0.1252,0.0002,-0.0095,0.000,0.000
53.266,-0.1252,0.0002,-0.0095,0.000,0.000
53.274,-0.1252,0.0002,-0.0095,0.000,0.000
53.281,-0.1252,0.0002,-0.0095,0.000,0.000
53.288,-0.1252,0.0002,-0.0095,0.000,0.000
53.296,-0.1252,0.0002,-0.0095,0.000,0.000
53.304,-0.1252,0.0002,-0.0095,0.000,0.000
53.311,-0.1252,0.0002,-0.0095,0.000,0.000
53.326,-0.1252,0.0002,-0.0095,0.000,0.000
53.335,-0.1252,0.0002,-0.0095,0.000,0.000
53.343,-0.1252,0.0002,-0.0095,0.000,0.000
53.351,-0.1252,0.0002,-0.0095,0.000,0.000
53.358,-0.1252,0.0002,-0.0095,0.000,0.000
53.367,-0.1252,0.0002,-0.0095,0.000,0.000
53.374,-0.1252,0.0002,-0.0095,0.000,0.000
53.382,-0.1252,0.0002,-0.0095,0.000,0.000
53.389,-0.1252,0.0002,-0.0095,0.000,0.000
53.397,-0.1252,0.0002,-0.0095,0.000,0.000
53.404,-0.1252,0.0002,-0.0095,0.000,0.000
53.411,-0.1252,0.0002,-0.0095,0.000,0.000
53.419,-0.1252,0.0002,-0.0095,0.000,0.000
53.427,-0.1252,0.0002,-0.0095,0.000,0.000
53.435,-0.1252,0.0002,-0.0095,0.000,0.000
53.443,-0.1252,0.0002,-0.0095,0.000,0.000
53.451,-0.1252,0.0002,-0.0095,0.000,0.000
53.460,-0.1252,0.0002,-0.0095,0.000,0.000
53.467,-0.1252,0.0002,-0.0095,0.000,0.000
53.474,-0.1252,0.0002,-0.0095,0.000,0.000
53.483,-0.1252,0.0002,-0.0095,0.000,0.000
53.491,-0.1252,0.0002,-0.0095,0.000,0.000
53.499,-0.1252,0.0002,-0.0095,0.000,0.000
53.506,-0.1252,0.0002,-0.0095,0.000,0.000
53.514,-0.1252,0.0002,-0.0095,0.000,0.000
53.522,-0.1252,0.0002,-0.0095,0.000,0.000
53.529,-0.1252,0.0002,-0.0095,0.000,0.000
53.536,-0.1252,0.0002,-0.0095,0.000,0.000
53.543,-0.1252,0.0002,-0.0095,0.000,0.000
53.550,-0.1252,0.0002,-0.0095,0.000,0.000
53.558,-0.1252,0.0002,-0.0095,0.000,0.000
53.566,-0.1252,0.0002,-0.0095,0.000,0.000
53.573,-0.1252,0.0002,-0.0095,0.000,0.000
53.579,-0.1252,0.0002,-0.0095,0.000,0.000
53.586,-0.1252,0.0002,-0.0095,0.000,0.000
53.592,-0.1252,0.0002,-0.0095,0.000,0.000
53.598,-0.1252,0.0002,-0.0095,0.000,0.000
53.605,-0.1252,0.0002,-0.0095,0.000,0.000
53.612,-0.1252,0.0002,-0.0095,0.000,0.000
53.620,-0.1252,0.0002,-0.0095,0.000,0.000
53.628,-0.1252,0.0002,-0.0095,0.000,0.000
53.634,-0.1252,0.0002,-0.0095,0.000,0.000
53.641,-0.1252,0.0002,-0.0095,0.000,0.000
53.648,-0.1252,0.0002,-0.0095,0.000,0.000
53.655,-0.1252,0.0002,-0.0095,0.000,0.000
53.662,-0.1252,0.0002,-0.0095,0.000,0.000
53.668,-0.1252,0.0002,-0.0095,0.000,0.000
53.675,-0.1252,0.0002,-0.0095,0.000,0.000
53.682,-0.1252,0.0002,-0.0095,0.000,0.000
53.689,-0.1252,0.0002,-0.0095,0.000,0.000
53.696,-0.1252,0.0002,-0.0095,0.000,0.000
53.704,-0.1252,0.0002,-0.0095,0.000,0.000
53.712,-0.1252,0.0002,-0.0095,0.000,0.000
53.720,-0.1252,0.0002,-0.0095,0.000,0.000
53.729,-0.1252,0.0002,-0.0095,0.000,0.000
53.738,-0.1252,0.0002,-0.0095,0.000,0.000
53.746,-0.1252,0.0002,-0.0095,0.000,0.000
53.753,-0.1252,0.0002,-0.0095,0.000,0.000
53.761,-0.1252,0.0002,-0.0095,0.000,0.000
53.770,-0.1252,0.0002,-0.0095,0.000,0.000
53.778,-0.1252,0.0002,-0.0095,0.000,0.000
53.788,-0.1252,0.0002,-0.0095,0.000,0.000
53.796,-0.1252,0.0002,-0.0095,0.000,0.000
53.805,-0.1252,0.0002,-0.0095,0.000,0.000
53.813,-0.1252,0.0002,-0.0095,0.000,0.000
53.822,-0.1252,0.0002,-0.0095,0.000,0.000
53.830,-0.1252,0.0002,-0.0095,0.000,0.000
53.838,-0.1252,0.0002,-0.0095,0.000,0.000
53.847,-0.1252,0.0002,-0.0095,0.000,0.000
53.854,-0.1252,0.0002,-0.0095,0.000,0.000
53.862,-0.1252,0.0002,-0.0095,0.000,0.000
53.870,-0.1252,0.0002,-0.0095,0.000,0.000
53.877,-0.1252,0.0002,-0.0095,0.000,0.000
53.884,-0.1252,0.0002,-0.0095,0.000,0.000
53.892,-0.1252,0.0002,-0.0095,0.000,0.000
53.899,-0.1252,0.0002,-0.0095,0.000,0.000
53.907,-0.1252,0.0002,-0.0095,0.000,0.000
53.914,-0.1252,0.0002,-0.0095,0.000,0.000
53.924,-0.1252,0.0002,-0.0095,0.000,0.000
53.933,-0.1252,0.0002,-0.0095,0.000,0.000
53.942,-0.1252,0.0002,-0.0095,0.000,0.000
53.951,-0.1252,0.0002,-0.0095,0.000,0.000
53.961,-0.1252,0.0002,-0.0095,0.000,0.000
53.970,-0.1252,0.0002,-0.0095,0.000,0.000
53.978,-0.1252,0.0002,-0.0095,0.000,0.000
53.985,-0.1252,0.0002,-0.0095,0.000,0.000
53.992,-0.1252,0.0002,-0.0095,0.000,0.000
54.001,-0.1252,0.0002,-0.0095,0.000,0.000
54.008,-0.1252,0.0002,-0.0095,0.000,0.000
54.016,-0.1252,0.0002,-0.0095,0.000,0.000
54.023,-0.1252,0.0002,-0.0095,0.000,0.000
54.030,-0.1252,0.0002,-0.0095,0.000,0.000
54.036,-0.1252,0.0002,-0.0095,0.000,0.000
54.046,-0.1252,0.0002,-0.0095,0.000,0.000
54.054,-0.1252,0.0002,-0.0095,0.000,0.000
54.061,-0.1252,0.0002,-0.0095,0.000,0.000
54.069,-0.1252,0.0002,-0.0095,0.000,0.000
54.076,-0.1252,0.0002,-0.0095,0.000,0.000
54.083,-0.1252,0.0002,-0.0095,0.000,0.000
54.091,-0.1252,0.0002,-0.0095,0.000,0.000
54.098,-0.1252,0.0002,-0.0095,0.000,0.000
54.108,-0.1252,0.0002,-0.0095,0.000,0.000
54.117,-0.1252,0.0002,-0.0095,0.000,0.000
54.125,-0.1252,0.0002,-0.0095,0.000,0.000
54.132,-0.1252,0.0002,-0.0095,0.000,0.000
54.140,-0.1252,0.0002,-0.0095,0.000,0.000
54.150,-0.1252,0.0002,-0.0095,0.000,0.000
54.158,-0.1252,0.0002,-0.0095,0.000,0.000
54.167,-0.1252,0.0002,-0.0095,0.000,0.000
54.175,-0.1252,0.0002,-0.0095,0.000,0.000
54.183,-0.1252,0.0002,-0.0095,0.000,0.000
54.192,-0.1252,0.0002,-0.0095,0.000,0.000
54.202,-0.1252,0.0002,-0.0095,0.000,0.000
54.211,-0.1252,0.0002,-0.0095,0.000,0.000
54.219,-0.1252,0.0002,-0.0095,0.000,0.000
54.228,-0.1252,0.0002,-0.0095,0.000,0.000
54.235,-0.1252,0.0002,-0.0095,0.000,0.000
54.242,-0.1252,0.0002,-0.0095,0.000,0.000
54.250,-0.1252,0.0002,-0.0095,0.000,0.000
54.257,-0.1252,0.0002,-0.0095,0.000,0.000
54.265,-0.1252,0.0002,-0.0095,0.000,0.000
54.273,-0.1252,0.0002,-0.0095,0.000,0.000
54.281,-0.1252,0.0002,-0.0095,0.000,0.000
54.290,-0.1252,0.0002,-0.0095,0.000,0.000
54.297,-0.1252,0.0002,-0.0095,0.000,0.000
54.305,-0.1252,0.0002,-0.0095,0.000,0.000
54.313,-0.1252,0.0002,-0.0095,0.000,0.000
54.321,-0.1252,0.0002,-0.0095,0.000,0.000
54.329,-0.1252,0.0002,-0.0095,0.000,0.000
54.336,-0.1252,0.0002,-0.0095,0.000,0.000
54.343,-0.1252,0.0002,-0.0095,0.000,0.000
54.350,-0.1252,0.0002,-0.0095,0.000,0.000
54.358,-0.1252,0.0002,-0.0095,0.000,0.000
54.365,-0.1252,0.0002,-0.0095,0.000,0.000
54.373,-0.1252,0.0002,-0.0095,0.000,0.000
54.381,-0.1252,0.0002,-0.0095,0.000,0.000
54.389,-0.1252,0.0002,-0.0095,0.000,0.000
54.399,-0.1252,0.0002,-0.0095,0.000,0.000
54.407,-0.1252,0.0002,-0.0095,0.000,0.000
54.415,-0.1252,0.0002,-0.0095,0.000,0.000
54.422,-0.1252,0.0002,-0.0095,0.000,0.000
54.431,-0.1252,0.0002,-0.0095,0.000,0.000
54.438,-0.1252,0.0002,-0.0095,0.000,0.000
54.446,-0.1252,0.0002,-0.0095,0.000,0.000
54.453,-0.1252,0.0002,-0.0095,0.000,0.000
54.462,-0.1252,0.0002,-0.0095,0.000,0.000
54.470,-0.1252,0.0002,-0.0095,0.000,0.000
54.478,-0.1252,0.0002,-0.0095,0.000,0.000
54.486,-0.1252,0.0002,-0.0095,0.000,0.000
54.494,-0.1252,0.0002,-0.0095,0.000,0.000
54.501,-0.1252,0.0002,-0.0095,0.000,0.000
54.511,-0.1252,0.0002,-0.0095,0.000,0.000
54.520,-0.1252,0.0002,-0.0095,0.000,0.000
54.529,-0.1252,0.0002,-0.0095,0.000,0.000
54.538,-0.1252,0.0002,-0.0095,0.000,0.000
54.548,-0.1252,0.0002,-0.0095,0.000,0.000
54.556,-0.1252,0.0002,-0.0095,0.000,0.000
54.565,-0.1252,0.0002,-0.0095,0.000,0.000
54.573,-0.1252,0.0002,-0.0095,0.000,0.000
54.582,-0.1252,0.0002,-0.0095,0.000,0.000
54.589,-0.1252,0.0002,-0.0095,0.000,0.000
54.598,-0.1252,0.0002,-0.0095,0.000,0.000
54.605,-0.1252,0.0002,-0.0095,0.000,0.000
54.612,-0.1252,0.0002,-0.0095,0.000,0.000
54.620,-0.1252,0.0002,-0.0095,0.000,0.000
54.628,-0.1252,0.0002,-0.0095,0.000,0.000
54.636,-0.1252,0.0002,-0.0095,0.000,0.000
54.643,-0.1252,0.0002,-0.0095,0.000,0.000
54.651,-0.1252,0.0002,-0.0095,0.000,0.000
54.658,-0.1252,0.0002,-0.0095,0.000,0.000
54.665,-0.1252,0.0002,-0.0095,0.000,0.000
54.672,-0.1252,0.0002,-0.0095,0.000,0.000
54.678,-0.1252,0.0002,-0.0095,0.000,0.000
54.685,-0.1252,0.0002,-0.0095,0.000,0.000
54.691,-0.1252,0.0002,-0.0095,0.000,0.000
54.698,-0.1252,0.0002,-0.0095,0.000,0.000
54.705,-0.1252,0.0002,-0.0095,0.000,0.000
54.713,-0.1252,0.0002,-0.0095,0.000,0.000
54.721,-0.1252,0.0002,-0.0095,0.000,0.000
54.729,-0.1252,0.0002,-0.0095,0.000,0.000
54.737,-0.1252,0.0002,-0.0095,0.000,0.000
54.746,-0.1252,0.0002,-0.0095,0.000,0.000
54.753,-0.1252,0.0002,-0.0095,0.000,0.000
54.761,-0.1252,0.0002,-0.0095,0.000,0.000
54.769,-0.1252,0.0002,-0.0095,0.000,0.000
54.777,-0.1252,0.0002,-0.0095,0.000,0.000
54.784,-0.1252,0.0002,-0.0095,0.000,0.000
54.792,-0.1252,0.0002,-0.0095,0.000,0.000
54.801,-0.1252,0.0002,-0.0095,0.000,0.000
54.810,-0.1252,0.0002,-0.0095,0.000,0.000
54.818,-0.1252,0.0002,-0.0095,0.000,0.000
54.826,-0.1252,0.0002,-0.0095,0.000,0.000
54.834,-0.1252,0.0002,-0.0095,0.000,0.000
54.841,-0.1252,0.0002,-0.0095,0.000,0.000
54.849,-0.1252,0.0002,-0.0095,0.000,0.000
54.856,-0.1252,0.0002,-0.0095,0.000,0.000
54.863,-0.1252,0.0002,-0.0095,0.000,0.000
54.870,-0.1252,0.0002,-0.0095,0.000,0.000
54.878,-0.1252,0.0002,-0.0095,0.000,0.000
54.889,-0.1252,0.0002,-0.0095,0.000,0.000
54.899,-0.1252,0.0002,-0.0095,0.000,0.000
54.908,-0.1252,0.0002,-0.0095,0.000,0.000
54.915,-0.1252,0.0002,-0.0095,0.000,0.000
54.922,-0.1252,0.0002,-0.0095,0.000,0.000
54.930,-0.1252,0.0002,-0.0095,0.000,0.000
54.939,-0.1252,0.0002,-0.0095,0.000,0.000
54.949,-0.1252,0.0002,-0.0095,0.000,0.000
54.957,-0.1252,0.0002,-0.0095,0.000,0.000
54.964,-0.1252,0.0002,-0.0095,0.000,0.000
54.974,-0.1252,0.0002,-0.0095,0.000,0.000
54.983,-0.1252,0.0002,-0.0095,0.000,0.000
54.991,-0.1252,0.0002,-0.0095,0.000,0.000
55.000,-0.1252,0.0002,-0.0095,0.000,0.000
55.008,-0.1252,0.0002,-0.0095,0.000,0.000
55.017,-0.1252,0.0002,-0.0095,0.000,0.000
55.024,-0.1252,0.0002,-0.0095,0.000,0.000
55.032,-0.1252,0.0002,-0.0095,0.000,0.000
55.039,-0.1252,0.0002,-0.0095,0.000,0.000
55.048,-0.1252,0.0002,-0.0095,0.000,0.000
55.056,-0.1252,0.0002,-0.0095,0.000,0.000
55.064,-0.1252,0.0002,-0.0095,0.000,0.000
55.073,-0.1252,0.0002,-0.0095,0.000,0.000
55.080,-0.1252,0.0002,-0.0095,0.000,0.000
55.088,-0.1252,0.0002,-0.0095,0.000,0.000
55.095,-0.1252,0.0002,-0.0095,0.000,0.000
55.101,-0.1252,0.0002,-0.0095,0.000,0.000
55.108,-0.1252,0.0002,-0.0095,0.000,0.000
55.117,-0.1252,0.0002,-0.0095,0.000,0.000
55.119,-0.1252,0.0002,-0.0095,0.000,0.000
