t,x,y,theta,v,w
0.844,0.0000,0.0000,0.0000,0.000,0.000
0.852,0.0000,0.0000,0.0000,0.000,0.000
0.860,0.0000,0.0000,0.0000,0.000,0.000
0.866,0.0000,0.0000,0.0000,0.000,0.000
0.873,0.0000,0.0000,0.0000,0.000,0.000
0.879,0.0000,0.0000,0.0000,0.000,0.000
0.886,0.0000,0.0000,0.0000,0.000,0.000
0.893,0.0000,0.0000,0.0000,0.000,0.000
0.900,0.0000,0.0000,0.0000,0.000,0.000
0.907,0.0000,0.0000,0.0000,0.000,0.000
0.916,0.0000,0.0000,0.0000,0.000,0.000
0.923,0.0000,0.0000,0.0000,0.000,0.000
0.931,0.0000,0.0000,0.0000,0.000,0.000
0.938,0.0000,0.0000,0.0000,0.000,0.000
0.946,0.0000,0.0000,0.0000,0.000,0.000
0.954,0.0000,0.0000,0.0000,0.000,0.000
0.962,0.0000,0.0000,0.0000,0.000,0.000
0.969,0.0000,0.0000,0.0000,0.000,0.000
0.977,0.0000,0.0000,0.0000,0.000,0.000
0.984,0.0000,0.0000,0.0000,0.000,0.000
0.991,0.0000,0.0000,0.0000,0.000,0.000
0.999,0.0000,0.0000,0.0000,0.000,0.000
1.007,0.0000,0.0000,0.0000,0.000,0.000
1.016,0.0000,0.0000,0.0000,0.000,0.000
1.023,0.0000,0.0000,0.0000,0.000,0.000
1.030,0.0000,0.0000,0.0000,0.000,0.000
1.037,0.0000,0.0000,0.0000,0.000,0.000
1.044,0.0000,0.0000,0.0000,0.000,0.000
1.052,0.0000,0.0000,0.0000,0.000,0.000
1.060,0.0000,0.0000,0.0000,0.000,0.000
1.067,0.0000,0.0000,0.0000,0.000,0.000
1.075,0.0000,0.0000,0.0000,0.000,0.000
1.083,0.0000,0.0000,0.0000,0.000,0.000
1.090,0.0000,0.0000,0.0000,0.000,0.000
1.098,0.0000,0.0000,0.0000,0.000,0.000
1.106,0.0000,0.0000,0.0000,0.000,0.000
1.117,0.0000,0.0000,0.0000,0.000,0.000
1.126,0.0000,0.0000,0.0000,0.000,0.000
1.134,0.0000,0.0000,0.0000,0.000,0.000
1.143,0.0000,0.0000,0.0000,0.000,0.000
1.150,0.0000,0.0000,0.0000,0.000,0.000
1.158,0.0000,0.0000,0.0000,0.000,0.000
1.166,0.0000,0.0000,0.0000,0.000,0.000
1.175,0.0000,0.0000,0.0000,0.000,0.000
1.182,0.0000,0.0000,0.0000,0.000,0.000
1.189,0.0000,0.0000,0.0000,0.000,0.000
1.197,0.0000,0.0000,0.0000,0.000,0.000
1.204,0.0000,0.0000,0.0000,0.000,0.000
1.212,0.0000,0.0000,0.0000,0.000,0.000
1.219,0.0000,0.0000,0.0000,0.000,0.000
1.227,0.0000,0.0000,0.0000,0.000,0.000
1.235,0.0000,0.0000,0.0000,0.000,0.000
1.243,0.0000,0.0000,0.0000,0.000,0.000
1.250,0.0000,0.0000,0.0000,0.000,0.000
1.258,0.0000,0.0000,0.0000,0.000,0.000
1.266,0.0000,0.0000,0.0000,0.000,0.000
1.273,0.0000,0.0000,0.0000,0.000,0.000
1.280,0.0000,0.0000,0.0000,0.000,0.000
1.287,0.0000,0.0000,0.0000,0.000,0.000
1.295,0.0000,0.0000,0.0000,0.000,0.000
1.302,0.0000,0.0000,0.0000,0.000,0.000
1.309,0.0000,0.0000,0.0000,0.000,0.000
1.317,0.0000,0.0000,0.0000,0.000,0.000
1.325,0.0000,0.0000,0.0000,0.000,0.000
1.333,0.0000,0.0000,0.0000,0.000,0.000
1.341,0.0000,0.0000,0.0000,0.000,0.000
1.350,0.0000,0.0000,0.0000,0.000,0.000
1.358,0.0000,0.0000,0.0000,0.000,0.000
1.367,0.0000,0.0000,0.0000,0.000,0.000
1.376,0.0000,0.0000,0.0000,0.000,0.000
1.383,0.0000,0.0000,0.0000,0.000,0.000
1.390,0.0000,0.0000,0.0000,0.000,0.000
1.398,0.0000,0.0000,0.0000,0.000,0.000
1.406,0.0000,0.0000,0.0000,0.000,0.000
1.415,0.0000,0.0000,0.0000,0.000,0.000
1.423,0.0000,0.0000,0.0000,0.000,0.000
1.432,0.0000,0.0000,0.0000,0.000,0.000
1.439,0.0000,0.0000,0.0000,0.000,0.000
1.447,0.0000,0.0000,0.0000,0.000,0.000
1.456,0.0000,0.0000,0.0000,0.000,0.000
1.463,0.0000,0.0000,0.0000,0.000,0.000
1.471,0.0000,0.0000,0.0000,0.000,0.000
1.478,0.0000,0.0000,0.0000,0.000,0.000
1.487,0.0000,0.0000,0.0000,0.000,0.000
1.495,0.0000,0.0000,0.0000,0.000,0.000
1.502,0.0000,0.0000,0.0000,0.000,0.000
1.510,0.0000,0.0000,0.0000,0.000,0.000
1.517,0.0000,0.0000,0.0000,0.000,0.000
1.524,0.0000,0.0000,0.0000,0.000,0.000
1.532,0.0000,0.0000,0.0000,0.000,0.000
1.539,0.0000,0.0000,0.0000,0.000,0.000
1.547,0.0000,0.0000,0.0000,0.000,0.000
1.556,0.0000,0.0000,0.0000,0.000,0.000
1.563,0.0000,0.0000,0.0000,0.000,0.000
1.570,0.0000,0.0000,0.0000,0.000,0.000
1.577,0.0000,0.0000,0.0000,0.000,0.000
1.584,0.0000,0.0000,0.0000,0.000,0.000
1.591,0.0000,0.0000,0.0000,0.000,0.000
1.599,0.0000,0.0000,0.0000,0.000,0.000
1.606,0.0000,0.0000,0.0000,0.000,0.000
1.614,0.0000,0.0000,0.0000,0.000,0.000
1.622,0.0000,0.0000,0.0000,0.000,0.000
1.629,0.0000,0.0000,0.0000,0.000,0.000
1.638,0.0000,0.0000,0.0000,0.000,0.000
1.646,0.0000,0.0000,0.0000,0.000,0.000
1.655,0.0000,0.0000,0.0000,0.000,0.000
1.663,0.0000,0.0000,0.0000,0.000,0.000
1.672,0.0000,0.0000,0.0000,0.000,0.000
1.680,0.0000,0.0000,0.0000,0.000,0.000
1.688,0.0000,0.0000,0.0000,0.000,0.000
1.699,0.0000,0.0000,0.0000,0.000,0.000
1.706,0.0000,0.0000,0.0000,0.000,0.000
1.715,0.0000,0.0000,0.0000,0.000,0.000
1.723,0.0000,0.0000,0.0000,0.000,0.000
1.730,0.0000,0.0000,0.0000,0.000,0.000
1.739,0.0000,0.0000,0.0000,0.000,0.000
1.747,0.0000,0.0000,0.0000,0.000,0.000
1.755,0.0000,0.0000,0.0000,0.000,0.000
1.763,0.0000,0.0000,0.0000,0.000,0.000
1.770,0.0000,0.0000,0.0000,0.000,0.000
1.779,0.0000,0.0000,0.0000,0.000,0.000
1.786,0.0000,0.0000,0.0000,0.000,0.000
1.793,0.0000,0.0000,0.0000,0.000,0.000
1.801,0.0000,0.0000,0.0000,0.000,0.000
1.809,0.0000,0.0000,0.0000,0.000,0.000
1.817,0.0000,0.0000,0.0000,0.000,0.000
1.823,0.0000,0.0000,0.0000,0.000,0.000
1.831,0.0000,0.0000,0.0000,0.000,0.000
1.838,0.0000,0.0000,0.0000,0.000,0.000
1.846,0.0000,0.0000,0.0000,0.000,0.000
1.853,0.0000,0.0000,0.0000,0.000,0.000
1.860,0.0000,0.0000,0.0000,0.000,0.000
1.867,0.0000,0.0000,0.0000,0.000,0.000
1.875,0.0000,0.0000,0.0000,0.000,0.000
1.882,0.0000,0.0000,0.0000,0.000,0.000
1.891,0.0000,0.0000,0.0000,0.000,0.000
1.899,0.0000,0.0000,0.0000,0.000,0.000
1.907,0.0000,0.0000,0.0000,0.000,0.000
1.917,0.0000,0.0000,0.0000,0.000,0.000
1.925,0.0000,0.0000,0.0000,0.000,0.000
1.935,0.0000,0.0000,0.0000,0.000,0.000
1.943,0.0000,0.0000,0.0000,0.000,0.000
1.951,0.0000,0.0000,0.0000,0.000,0.000
1.961,0.0000,0.0000,0.0000,0.000,0.000
1.968,0.0000,0.0000,0.0000,0.000,0.000
1.976,0.0000,0.0000,0.0000,0.000,0.000
1.983,0.0000,0.0000,0.0000,0.000,0.000
1.990,0.0000,0.0000,0.0000,0.000,0.000
1.998,0.0000,0.0000,0.0000,0.000,0.000
2.005,0.0000,0.0000,0.0000,0.000,0.000
2.013,0.0000,0.0000,0.0000,0.000,0.000
2.021,0.0000,0.0000,0.0000,0.000,0.000
2.028,0.0000,0.0000,0.0000,0.000,0.000
2.036,0.0000,0.0000,0.0000,0.000,0.000
2.043,0.0000,0.0000,0.0000,0.000,0.000
2.050,0.0000,0.0000,0.0000,0.000,0.000
2.058,0.0000,0.0000,0.0000,0.000,0.000
2.066,0.0000,0.0000,0.0000,0.000,0.000
2.073,0.0000,0.0000,0.0000,0.000,0.000
2.080,0.0000,0.0000,0.0000,0.000,0.000
2.088,0.0000,0.0000,0.0000,0.000,0.000
2.096,0.0000,0.0000,0.0000,0.000,0.000
2.103,0.0000,0.0000,0.0000,0.000,0.000
2.112,0.0000,0.0000,0.0000,0.000,0.000
2.122,0.0000,0.0000,0.0000,0.000,0.000
2.132,0.0000,0.0000,0.0000,0.000,0.000
2.140,0.0000,0.0000,0.0000,0.000,0.000
2.148,0.0000,0.0000,0.0000,0.000,0.000
2.157,0.0000,0.0000,0.0000,0.000,0.000
2.165,0.0000,0.0000,0.0000,0.000,0.000
2.173,0.0000,0.0000,0.0000,0.000,0.000
2.181,0.0000,0.0000,0.0000,0.000,0.000
2.189,0.0000,0.0000,0.0000,0.000,0.000
2.197,0.0000,0.0000,0.0000,0.000,0.000
2.204,0.0000,0.0000,0.0000,0.000,0.000
2.212,0.0000,0.0000,0.0000,0.000,0.000
2.219,0.0000,0.0000,0.0000,0.000,0.000
2.226,0.0000,0.0000,0.0000,0.000,0.000
2.236,0.0000,0.0000,0.0000,0.000,0.000
2.243,0.0000,0.0000,0.0000,0.000,0.000
2.251,0.0000,0.0000,0.0000,0.000,0.000
2.258,0.0000,0.0000,0.0000,0.000,0.000
2.266,0.0000,0.0000,0.0000,0.000,0.000
2.276,0.0000,0.0000,0.0000,0.000,0.000
2.285,0.0000,0.0000,0.0000,0.000,0.000
2.292,0.0000,0.0000,0.0000,0.000,0.000
2.301,0.0000,0.0000,0.0000,0.000,0.000
2.308,0.0000,0.0000,0.0000,0.000,0.000
2.317,0.0000,0.0000,0.0000,0.000,0.000
2.325,0.0000,0.0000,0.0000,0.000,0.000
2.333,0.0000,0.0000,0.0000,0.000,0.000
2.340,0.0000,0.0000,0.0000,0.000,0.000
2.348,0.0000,0.0000,0.0000,0.000,0.000
2.357,0.0000,0.0000,0.0000,0.000,0.000
2.365,0.0000,0.0000,0.0000,0.000,0.000
2.372,0.0000,0.0000,0.0000,0.000,0.000
2.380,0.0000,0.0000,0.0000,0.000,0.000
2.387,0.0000,0.0000,0.0000,0.000,0.000
2.495,0.0000,0.0000,0.0000,0.000,0.000
2.503,0.0000,0.0000,0.0000,0.000,0.000
2.510,0.0000,0.0000,0.0000,0.000,0.000
2.518,0.0000,0.0000,0.0000,0.000,0.000
2.527,0.0000,0.0000,0.0000,0.000,0.000
2.536,0.0000,0.0000,0.0000,0.000,0.000
2.544,0.0000,0.0000,0.0000,0.000,0.000
2.553,0.0000,0.0000,0.0000,0.000,0.000
2.561,0.0000,0.0000,0.0000,0.000,0.000
2.568,0.0000,0.0000,0.0000,0.000,0.000
2.577,0.0000,0.0000,0.0000,0.000,0.000
2.584,0.0000,0.0000,0.0000,0.000,0.000
2.591,0.0000,0.0000,0.0000,0.000,0.000
2.599,0.0000,0.0000,0.0000,0.000,0.000
2.606,0.0000,0.0000,0.0000,0.000,0.000
2.613,0.0000,0.0000,0.0000,0.000,0.000
2.621,0.0000,0.0000,0.0000,0.000,0.000
2.628,0.0000,0.0000,0.0000,0.000,0.000
2.636,0.0000,0.0000,0.0000,0.000,0.000
2.644,0.0000,0.0000,0.0000,0.000,0.000
2.651,0.0000,0.0000,0.0000,0.000,0.000
2.658,0.0000,0.0000,0.0000,0.000,0.000
2.665,0.0000,0.0000,0.0000,0.000,0.000
2.672,0.0000,0.0000,0.0000,0.000,0.000
2.683,0.0000,0.0000,0.0000,0.000,0.000
2.690,0.0000,0.0000,0.0000,0.000,0.000
2.698,0.0000,0.0000,0.0000,0.000,0.000
2.706,0.0000,0.0000,0.0000,0.000,0.000
2.713,0.0000,0.0000,0.0000,0.000,0.000
2.720,0.0000,0.0000,0.0000,0.000,0.000
2.727,0.0000,0.0000,0.0000,0.000,0.000
2.736,0.0000,0.0000,0.0000,0.000,0.000
2.743,0.0000,0.0000,0.0000,0.000,0.000
2.750,0.0000,0.0000,0.0000,0.000,0.000
2.758,0.0000,0.0000,0.0000,0.000,0.000
2.765,0.0000,0.0000,0.0000,0.000,0.000
2.773,0.0000,0.0000,0.0000,0.000,0.000
2.780,0.0000,0.0000,0.0000,0.000,0.000
2.788,0.0000,0.0000,0.0000,0.000,0.000
2.797,0.0000,0.0000,0.0000,0.000,0.000
2.805,0.0000,0.0000,0.0000,0.000,0.000
2.814,0.0000,0.0000,0.0000,0.000,0.000
2.822,0.0000,0.0000,0.0000,0.000,0.000
2.830,0.0000,0.0000,0.0000,0.000,0.000
2.839,0.0000,0.0000,0.0000,0.000,0.000
2.848,0.0000,0.0000,0.0000,0.000,0.000
2.857,0.0000,0.0000,0.0000,0.000,0.000
2.864,0.0000,0.0000,0.0000,0.000,0.000
2.872,0.0000,0.0000,0.0000,0.000,0.000
2.881,0.0000,0.0000,0.0000,0.000,0.000
2.889,0.0000,0.0000,0.0000,0.000,0.000
2.896,0.0000,0.0000,0.0000,0.000,0.000
2.904,0.0000,0.0000,0.0000,0.000,0.000
2.911,0.0000,0.0000,0.0000,0.000,0.000
2.918,0.0000,0.0000,0.0000,0.000,0.000
2.925,0.0000,0.0000,0.0000,0.000,0.000
2.932,0.0000,0.0000,0.0000,0.000,0.000
2.940,0.0000,0.0000,0.0000,0.000,0.000
2.947,0.0000,0.0000,0.0000,0.000,0.000
2.955,0.0000,0.0000,0.0000,0.000,0.000
2.963,0.0000,0.0000,0.0000,0.000,0.000
2.971,0.0000,0.0000,0.0000,0.000,0.000
2.979,0.0000,0.0000,0.0000,0.000,0.000
2.986,0.0000,0.0000,0.0000,0.000,0.000
2.995,0.0000,0.0000,0.0000,0.000,0.000
3.003,0.0000,0.0000,0.0000,0.000,0.000
3.011,0.0000,0.0000,0.0000,0.000,0.000
3.019,0.0000,0.0000,0.0000,0.000,0.000
3.026,0.0000,0.0000,0.0000,0.000,0.000
3.033,0.0000,0.0000,0.0000,0.000,0.000
3.040,0.0000,0.0000,0.0000,0.000,0.000
3.047,0.0000,0.0000,0.0000,0.000,0.000
3.055,0.0000,0.0000,0.0000,0.000,0.000
3.063,0.0000,0.0000,0.0000,0.000,0.000
3.070,0.0000,0.0000,0.0000,0.000,0.000
3.079,0.0000,0.0000,0.0000,0.000,0.000
3.087,0.0000,0.0000,0.0000,0.000,0.000
3.094,0.0000,0.0000,0.0000,0.000,0.000
3.101,0.0000,0.0000,0.0000,0.000,0.000
3.109,0.0000,0.0000,0.0000,0.000,0.000
3.117,0.0000,0.0000,0.0000,0.000,0.000
3.125,0.0000,0.0000,0.0000,0.000,0.000
3.132,0.0000,0.0000,0.0000,0.000,0.000
3.140,0.0000,0.0000,0.0000,0.000,0.000
3.147,0.0000,0.0000,0.0000,0.000,0.000
3.157,0.0000,0.0000,0.0000,0.000,0.000
3.164,0.0000,0.0000,0.0000,0.000,0.000
3.171,0.0000,0.0000,0.0000,0.000,0.000
3.180,0.0000,0.0000,0.0000,0.000,0.000
3.187,0.0000,0.0000,0.0000,0.000,0.000
3.196,0.0000,0.0000,0.0000,0.000,0.000
3.203,0.0000,0.0000,0.0000,0.000,0.000
3.211,0.0000,0.0000,0.0000,0.000,0.000
3.218,0.0000,0.0000,0.0000,0.000,0.000
3.226,0.0000,0.0000,0.0000,0.000,0.000
3.233,0.0000,0.0000,0.0000,0.000,0.000
3.240,0.0000,0.0000,0.0000,0.000,0.000
3.248,0.0000,0.0000,0.0000,0.000,0.000
3.257,0.0000,0.0000,0.0000,0.000,0.000
3.265,0.0000,0.0000,0.0000,0.000,0.000
3.272,0.0000,0.0000,0.0000,0.000,0.000
3.280,0.0000,0.0000,0.0000,0.000,0.000
3.288,0.0000,0.0000,0.0000,0.000,0.000
3.296,0.0000,0.0000,0.0000,0.000,0.000
3.304,0.0000,0.0000,0.0000,0.000,0.000
3.312,0.0000,0.0000,0.0000,0.000,0.000
3.315,0.0000,0.0000,0.0000,0.000,0.000
3.419,0.0000,0.0000,0.0000,0.000,0.000
3.427,0.0000,0.0000,0.0000,0.000,0.000
3.436,0.0000,0.0000,0.0000,0.000,0.000
3.444,0.0000,0.0000,0.0000,0.000,0.000
3.452,0.0000,0.0000,0.0000,0.000,0.000
3.459,0.0000,0.0000,0.0000,0.000,0.000
3.467,0.0000,0.0000,0.0000,0.000,0.000
3.475,0.0000,0.0000,0.0000,0.000,0.000
3.483,0.0000,0.0000,0.0000,0.000,0.000
3.490,0.0000,0.0000,0.0000,0.000,0.000
3.499,0.0000,0.0000,0.0000,0.000,0.000
3.506,0.0000,0.0000,0.0000,0.000,0.000
3.514,0.0000,0.0000,0.0000,0.000,0.000
3.521,0.0000,0.0000,0.0000,0.000,0.000
3.529,0.0000,0.0000,0.0000,0.000,0.000
3.537,0.0000,0.0000,0.0000,0.000,0.000
3.544,0.0000,0.0000,0.0000,0.000,0.000
3.553,0.0000,0.0000,0.0000,0.000,0.000
3.560,0.0000,0.0000,0.0000,0.000,0.000
3.568,0.0000,0.0000,0.0000,0.000,0.000
3.577,0.0000,0.0000,0.0000,0.000,0.000
3.586,0.0000,0.0000,0.0000,0.000,0.000
3.593,0.0000,0.0000,0.0000,0.000,0.000
3.601,0.0000,0.0000,0.0000,0.000,0.000
3.608,0.0000,0.0000,0.0000,0.000,0.000
3.616,0.0000,0.0000,0.0000,0.000,0.000
3.624,0.0000,0.0000,0.0000,0.000,0.000
3.632,0.0000,0.0000,0.0000,0.000,0.000
3.640,0.0000,0.0000,0.0000,0.000,0.000
3.647,0.0000,0.0000,0.0000,0.000,0.000
3.656,0.0000,0.0000,0.0000,0.000,0.000
3.664,0.0000,0.0000,0.0000,0.000,0.000
3.672,0.0000,0.0000,0.0000,0.000,0.000
3.679,0.0000,0.0000,0.0000,0.000,0.000
3.687,0.0000,0.0000,0.0000,0.000,0.000
3.695,0.0000,0.0000,0.0000,0.000,0.000
3.702,0.0000,0.0000,0.0000,0.000,0.000
3.710,0.0000,0.0000,0.0000,0.000,0.000
3.718,0.0000,0.0000,0.0000,0.000,0.000
3.726,0.0000,0.0000,0.0000,0.000,0.000
3.733,0.0000,0.0000,0.0000,0.000,0.000
3.741,0.0000,0.0000,0.0000,0.000,0.000
3.748,0.0000,0.0000,0.0000,0.000,0.000
3.756,0.0000,0.0000,0.0000,0.000,0.000
3.763,0.0000,0.0000,0.0000,0.000,0.000
3.771,0.0000,0.0000,0.0000,0.000,0.000
3.779,0.0000,0.0000,0.0000,0.000,0.000
3.786,0.0000,0.0000,0.0000,0.000,0.000
3.793,0.0000,0.0000,0.0000,0.000,0.000
3.801,0.0000,0.0000,0.0000,0.000,0.000
3.808,0.0000,0.0000,0.0000,0.000,0.000
3.813,0.0000,0.0000,0.0000,0.000,0.000
3.817,0.0000,0.0000,0.0000,0.000,0.000
3.845,0.0000,0.0000,0.0000,0.000,0.000
3.878,0.0000,0.0000,0.0000,0.000,0.000
3.912,0.0000,0.0000,0.0000,0.000,0.000
3.945,0.0000,0.0000,0.0000,0.000,0.000
3.981,-0.0000,-0.0000,0.0001,-0.001,0.003
4.018,-0.0001,-0.0000,0.0003,-0.003,0.006
4.045,-0.0005,-0.0000,0.0004,-0.012,0.004
4.077,-0.0009,-0.0000,0.0005,-0.013,0.001
4.114,-0.0016,-0.0000,0.0005,-0.019,0.000
4.145,-0.0023,-0.0000,0.0005,-0.023,0.000
4.178,-0.0031,-0.0000,0.0005,-0.025,0.001
4.210,-0.0041,-0.0000,0.0005,-0.030,0.000
4.247,-0.0053,-0.0000,0.0005,-0.033,0.000
4.281,-0.0064,-0.0000,0.0005,-0.034,0.000
4.311,-0.0076,-0.0000,0.0005,-0.038,0.000
4.346,-0.0090,-0.0000,0.0005,-0.042,0.000
4.379,-0.0105,-0.0000,0.0005,-0.044,0.000
4.411,-0.0121,-0.0000,0.0005,-0.050,0.000
4.447,-0.0140,-0.0000,0.0005,-0.054,0.000
4.481,-0.0160,-0.0000,0.0005,-0.056,0.000
4.511,-0.0178,-0.0000,0.0005,-0.060,0.000
4.548,-0.0201,-0.0000,0.0005,-0.063,0.000
4.581,-0.0222,-0.0000,0.0005,-0.065,0.000
4.595,-0.0232,-0.0000,0.0005,-0.070,0.000
4.647,-0.0270,-0.0000,0.0005,-0.073,0.000
4.667,-0.0285,-0.0000,0.0005,-0.075,0.000
4.696,-0.0308,-0.0000,0.0005,-0.077,0.000
4.732,-0.0337,-0.0000,0.0005,-0.082,0.000
4.762,-0.0363,-0.0000,0.0005,-0.086,0.000
4.807,-0.0402,-0.0000,0.0005,-0.088,-0.001
4.829,-0.0423,-0.0000,0.0005,-0.091,0.000
4.863,-0.0455,-0.0000,0.0005,-0.095,0.000
4.896,-0.0487,-0.0000,0.0005,-0.097,0.002
4.923,-0.0514,-0.0000,0.0005,-0.101,0.000
4.957,-0.0550,-0.0000,0.0005,-0.104,0.000
4.987,-0.0582,-0.0000,0.0005,-0.107,0.000
5.030,-0.0629,-0.0000,0.0005,-0.111,0.000
5.056,-0.0660,-0.0000,0.0005,-0.115,0.000
5.098,-0.0708,-0.0000,0.0005,-0.118,-0.001
5.121,-0.0737,-0.0000,0.0005,-0.123,0.000
5.164,-0.0791,-0.0000,0.0004,-0.125,-0.001
5.193,-0.0828,-0.0000,0.0004,-0.128,0.000
5.216,-0.0859,-0.0000,0.0004,-0.132,-0.001
5.262,-0.0920,-0.0000,0.0004,-0.135,0.000
5.281,-0.0946,-0.0000,0.0004,-0.138,-0.001
5.326,-0.1011,-0.0000,0.0004,-0.145,0.000
5.429,-0.1162,-0.0001,0.0004,-0.145,0.000
5.437,-0.1173,-0.0001,0.0004,-0.145,0.000
5.446,-0.1185,-0.0001,0.0004,-0.145,0.000
5.453,-0.1196,-0.0001,0.0004,-0.146,0.000
5.461,-0.1208,-0.0001,0.0004,-0.146,0.000
5.469,-0.1220,-0.0001,0.0004,-0.146,0.000
5.479,-0.1234,-0.0001,0.0004,-0.146,0.000
5.486,-0.1245,-0.0001,0.0004,-0.146,0.000
5.494,-0.1257,-0.0001,0.0004,-0.152,0.000
5.502,-0.1268,-0.0001,0.0004,-0.152,0.000
5.510,-0.1280,-0.0001,0.0004,-0.158,0.002
5.518,-0.1293,-0.0001,0.0004,-0.158,0.002
5.525,-0.1305,-0.0001,0.0004,-0.158,0.002
5.531,-0.1315,-0.0001,0.0005,-0.161,0.001
5.538,-0.1326,-0.0001,0.0005,-0.161,0.001
5.545,-0.1337,-0.0001,0.0005,-0.161,0.001
5.552,-0.1349,-0.0001,0.0005,-0.164,0.001
5.560,-0.1361,-0.0001,0.0005,-0.164,0.001
5.567,-0.1373,-0.0001,0.0005,-0.164,0.001
5.574,-0.1384,-0.0001,0.0005,-0.166,0.001
5.581,-0.1397,-0.0001,0.0005,-0.166,0.001
5.589,-0.1410,-0.0001,0.0005,-0.168,0.000
5.597,-0.1423,-0.0001,0.0005,-0.168,0.000
5.604,-0.1436,-0.0001,0.0005,-0.168,0.000
5.612,-0.1449,-0.0001,0.0005,-0.171,-0.001
5.619,-0.1461,-0.0001,0.0005,-0.171,-0.001
5.628,-0.1476,-0.0001,0.0005,-0.173,0.000
5.637,-0.1491,-0.0001,0.0005,-0.173,0.000
5.644,-0.1504,-0.0001,0.0005,-0.173,0.000
5.651,-0.1517,-0.0001,0.0005,-0.174,-0.001
5.659,-0.1530,-0.0001,0.0005,-0.174,-0.001
5.666,-0.1543,-0.0001,0.0005,-0.174,-0.001
5.675,-0.1557,-0.0001,0.0005,-0.174,-0.001
5.682,-0.1571,-0.0001,0.0004,-0.174,-0.001
5.690,-0.1584,-0.0001,0.0004,-0.172,-0.001
5.698,-0.1597,-0.0001,0.0004,-0.172,-0.001
5.706,-0.1611,-0.0001,0.0004,-0.172,-0.001
5.713,-0.1623,-0.0001,0.0004,-0.171,0.000
5.720,-0.1636,-0.0001,0.0004,-0.171,0.000
5.728,-0.1648,-0.0001,0.0004,-0.168,0.000
5.737,-0.1664,-0.0001,0.0004,-0.168,0.000
5.745,-0.1677,-0.0001,0.0004,-0.168,0.000
5.752,-0.1689,-0.0001,0.0004,-0.166,0.000
5.760,-0.1703,-0.0001,0.0004,-0.166,0.000
5.768,-0.1714,-0.0001,0.0004,-0.164,0.000
5.775,-0.1727,-0.0001,0.0004,-0.164,0.000
5.787,-0.1746,-0.0001,0.0004,-0.161,0.000
5.795,-0.1759,-0.0001,0.0004,-0.161,0.000
5.802,-0.1771,-0.0001,0.0004,-0.161,0.000
5.810,-0.1782,-0.0001,0.0004,-0.158,0.000
5.817,-0.1794,-0.0001,0.0004,-0.158,0.000
5.824,-0.1805,-0.0001,0.0004,-0.158,0.000
5.832,-0.1817,-0.0001,0.0004,-0.157,0.000
5.839,-0.1829,-0.0001,0.0004,-0.157,0.000
5.847,-0.1841,-0.0001,0.0004,-0.157,0.000
5.854,-0.1853,-0.0001,0.0004,-0.154,0.000
5.862,-0.1864,-0.0001,0.0004,-0.154,0.000
5.870,-0.1876,-0.0001,0.0004,-0.151,0.000
5.878,-0.1888,-0.0001,0.0004,-0.151,0.000
5.885,-0.1899,-0.0001,0.0004,-0.151,0.000
5.892,-0.1909,-0.0001,0.0004,-0.149,0.000
5.899,-0.1920,-0.0001,0.0004,-0.149,0.000
5.907,-0.1932,-0.0001,0.0004,-0.149,0.000
5.914,-0.1942,-0.0001,0.0004,-0.146,0.000
5.922,-0.1953,-0.0001,0.0004,-0.146,0.000
5.929,-0.1963,-0.0001,0.0004,-0.144,0.000
5.937,-0.1975,-0.0001,0.0004,-0.144,0.000
5.945,-0.1987,-0.0001,0.0004,-0.144,0.000
5.952,-0.1997,-0.0001,0.0004,-0.141,0.002
5.960,-0.2008,-0.0001,0.0005,-0.141,0.002
5.967,-0.2018,-0.0001,0.0005,-0.138,0.003
5.976,-0.2029,-0.0001,0.0005,-0.138,0.003
5.983,-0.2040,-0.0001,0.0005,-0.138,0.003
5.991,-0.2050,-0.0001,0.0005,-0.137,0.003
5.998,-0.2061,-0.0001,0.0006,-0.137,0.003
6.006,-0.2072,-0.0001,0.0006,-0.137,0.003
6.014,-0.2082,-0.0001,0.0006,-0.136,0.002
6.021,-0.2092,-0.0001,0.0006,-0.136,0.002
6.029,-0.2102,-0.0001,0.0006,-0.135,0.001
6.037,-0.2113,-0.0001,0.0006,-0.135,0.001
6.045,-0.2123,-0.0001,0.0006,-0.135,0.001
6.052,-0.2134,-0.0001,0.0006,-0.134,0.000
6.060,-0.2144,-0.0001,0.0006,-0.134,0.000
6.067,-0.2154,-0.0001,0.0006,-0.132,0.000
6.075,-0.2164,-0.0001,0.0006,-0.132,0.000
6.082,-0.2173,-0.0001,0.0006,-0.132,0.000
6.089,-0.2183,-0.0001,0.0006,-0.130,0.000
6.097,-0.2193,-0.0001,0.0006,-0.130,0.000
6.104,-0.2202,-0.0001,0.0006,-0.130,0.000
6.111,-0.2211,-0.0001,0.0006,-0.129,0.000
6.119,-0.2220,-0.0001,0.0006,-0.129,0.000
6.126,-0.2230,-0.0001,0.0006,-0.129,0.000
6.133,-0.2239,-0.0001,0.0006,-0.127,-0.001
6.140,-0.2248,-0.0001,0.0006,-0.127,-0.001
6.147,-0.2257,-0.0001,0.0006,-0.127,-0.001
6.154,-0.2265,-0.0001,0.0006,-0.125,-0.001
6.161,-0.2275,-0.0001,0.0006,-0.125,-0.001
6.168,-0.2283,-0.0001,0.0006,-0.123,-0.001
6.176,-0.2293,-0.0001,0.0006,-0.123,-0.001
6.183,-0.2301,-0.0001,0.0006,-0.123,-0.001
6.190,-0.2310,-0.0001,0.0006,-0.122,-0.002
6.197,-0.2319,-0.0001,0.0006,-0.122,-0.002
6.205,-0.2328,-0.0001,0.0005,-0.122,-0.002
6.212,-0.2336,-0.0001,0.0005,-0.120,0.000
6.219,-0.2345,-0.0001,0.0005,-0.120,0.000
6.227,-0.2355,-0.0001,0.0005,-0.118,0.000
6.236,-0.2365,-0.0001,0.0005,-0.118,0.000
6.244,-0.2374,-0.0001,0.0005,-0.118,0.000
6.252,-0.2384,-0.0001,0.0005,-0.116,0.000
6.260,-0.2393,-0.0001,0.0005,-0.116,0.000
6.268,-0.2402,-0.0001,0.0006,-0.113,0.001
6.275,-0.2410,-0.0001,0.0006,-0.113,0.001
6.283,-0.2419,-0.0001,0.0006,-0.113,0.001
6.291,-0.2427,-0.0001,0.0006,-0.110,0.000
6.299,-0.2436,-0.0001,0.0006,-0.110,0.000
6.307,-0.2445,-0.0001,0.0006,-0.108,0.000
6.316,-0.2455,-0.0001,0.0006,-0.108,0.000
6.324,-0.2463,-0.0001,0.0006,-0.108,0.000
6.332,-0.2472,-0.0001,0.0006,-0.105,0.000
6.339,-0.2479,-0.0001,0.0006,-0.105,0.000
6.347,-0.2487,-0.0001,0.0006,-0.103,0.000
6.355,-0.2496,-0.0001,0.0006,-0.103,0.000
6.363,-0.2504,-0.0001,0.0006,-0.103,0.000
6.371,-0.2512,-0.0001,0.0006,-0.101,0.000
6.379,-0.2520,-0.0001,0.0006,-0.101,0.000
6.386,-0.2528,-0.0001,0.0006,-0.101,0.000
6.395,-0.2536,-0.0001,0.0006,-0.099,0.000
6.403,-0.2544,-0.0001,0.0006,-0.099,0.000
6.411,-0.2551,-0.0001,0.0006,-0.097,0.000
6.418,-0.2559,-0.0001,0.0006,-0.097,0.000
6.426,-0.2566,-0.0001,0.0006,-0.097,0.000
6.433,-0.2573,-0.0001,0.0006,-0.095,0.001
6.440,-0.2580,-0.0001,0.0006,-0.095,0.001
6.448,-0.2587,-0.0001,0.0006,-0.092,0.002
6.456,-0.2595,-0.0001,0.0006,-0.092,0.002
6.464,-0.2602,-0.0001,0.0006,-0.092,0.002
6.472,-0.2609,-0.0001,0.0006,-0.090,0.002
6.480,-0.2617,-0.0001,0.0007,-0.090,0.002
6.488,-0.2623,-0.0001,0.0007,-0.089,0.001
6.496,-0.2631,-0.0001,0.0007,-0.089,0.001
6.504,-0.2638,-0.0001,0.0007,-0.089,0.001
6.512,-0.2645,-0.0001,0.0007,-0.087,0.002
6.520,-0.2652,-0.0001,0.0007,-0.087,0.002
6.528,-0.2659,-0.0001,0.0007,-0.086,0.000
6.539,-0.2668,-0.0001,0.0007,-0.086,0.000
6.548,-0.2675,-0.0001,0.0007,-0.085,0.000
6.557,-0.2683,-0.0001,0.0007,-0.085,0.000
6.564,-0.2689,-0.0001,0.0007,-0.085,0.000
6.572,-0.2696,-0.0001,0.0007,-0.083,0.000
6.580,-0.2702,-0.0001,0.0007,-0.083,0.000
6.588,-0.2709,-0.0001,0.0007,-0.081,0.000
6.597,-0.2716,-0.0001,0.0007,-0.081,0.000
6.605,-0.2722,-0.0001,0.0007,-0.081,0.000
6.612,-0.2728,-0.0001,0.0007,-0.080,0.000
6.620,-0.2735,-0.0001,0.0007,-0.080,0.000
6.628,-0.2741,-0.0001,0.0007,-0.077,0.000
6.637,-0.2747,-0.0001,0.0007,-0.077,0.000
6.645,-0.2754,-0.0001,0.0007,-0.077,0.000
6.652,-0.2759,-0.0001,0.0007,-0.074,0.000
6.661,-0.2766,-0.0001,0.0007,-0.074,0.000
6.668,-0.2771,-0.0001,0.0007,-0.073,0.000
6.677,-0.2777,-0.0001,0.0007,-0.073,0.000
6.685,-0.2783,-0.0001,0.0007,-0.073,0.000
6.693,-0.2788,-0.0001,0.0007,-0.070,0.000
6.701,-0.2794,-0.0001,0.0007,-0.070,0.000
6.709,-0.2800,-0.0001,0.0007,-0.068,0.000
6.717,-0.2805,-0.0001,0.0007,-0.068,0.000
6.725,-0.2810,-0.0001,0.0007,-0.068,0.000
6.733,-0.2816,-0.0001,0.0007,-0.066,0.000
6.741,-0.2821,-0.0001,0.0007,-0.066,0.000
6.750,-0.2827,-0.0001,0.0007,-0.064,0.001
6.758,-0.2832,-0.0001,0.0007,-0.064,0.001
6.767,-0.2838,-0.0001,0.0007,-0.061,0.000
6.775,-0.2843,-0.0001,0.0007,-0.061,0.000
6.784,-0.2848,-0.0001,0.0007,-0.061,0.000
6.792,-0.2852,-0.0001,0.0007,-0.059,0.001
6.799,-0.2857,-0.0001,0.0008,-0.059,0.001
6.808,-0.2862,-0.0001,0.0008,-0.057,0.002
6.817,-0.2867,-0.0001,0.0008,-0.057,0.002
6.825,-0.2871,-0.0001,0.0008,-0.057,0.002
6.832,-0.2875,-0.0001,0.0008,-0.055,0.001
6.840,-0.2880,-0.0001,0.0008,-0.055,0.001
6.848,-0.2884,-0.0001,0.0008,-0.054,0.001
6.857,-0.2889,-0.0001,0.0008,-0.054,0.001
6.864,-0.2893,-0.0001,0.0008,-0.054,0.001
6.872,-0.2897,-0.0001,0.0008,-0.052,0.000
6.880,-0.2901,-0.0001,0.0008,-0.052,0.000
6.888,-0.2905,-0.0001,0.0008,-0.050,0.000
6.896,-0.2909,-0.0001,0.0008,-0.050,0.000
6.904,-0.2913,-0.0001,0.0008,-0.050,0.000
6.912,-0.2917,-0.0002,0.0008,-0.049,0.000
6.920,-0.2921,-0.0002,0.0008,-0.049,0.000
6.928,-0.2925,-0.0002,0.0008,-0.046,0.000
6.936,-0.2928,-0.0002,0.0008,-0.046,0.000
6.943,-0.2932,-0.0002,0.0008,-0.046,0.000
6.951,-0.2935,-0.0002,0.0008,-0.044,0.000
6.958,-0.2938,-0.0002,0.0008,-0.044,0.000
6.966,-0.2942,-0.0002,0.0008,-0.044,0.000
6.974,-0.2945,-0.0002,0.0008,-0.043,0.000
6.982,-0.2948,-0.0002,0.0008,-0.043,0.000
6.989,-0.2951,-0.0002,0.0008,-0.041,0.000
6.997,-0.2955,-0.0002,0.0008,-0.041,0.000
7.004,-0.2958,-0.0002,0.0008,-0.041,0.000
7.011,-0.2960,-0.0002,0.0008,-0.039,0.000
7.019,-0.2963,-0.0002,0.0008,-0.039,0.000
7.026,-0.2966,-0.0002,0.0008,-0.039,0.000
7.035,-0.2970,-0.0002,0.0008,-0.038,0.000
7.043,-0.2973,-0.0002,0.0008,-0.038,0.000
7.051,-0.2975,-0.0002,0.0008,-0.034,0.000
7.058,-0.2978,-0.0002,0.0008,-0.034,0.000
7.066,-0.2980,-0.0002,0.0008,-0.034,0.000
7.073,-0.2983,-0.0002,0.0008,-0.032,0.000
7.080,-0.2985,-0.0002,0.0008,-0.032,0.000
7.088,-0.2987,-0.0002,0.0008,-0.031,0.000
7.095,-0.2990,-0.0002,0.0008,-0.031,0.000
7.103,-0.2992,-0.0002,0.0008,-0.031,0.000
7.110,-0.2994,-0.0002,0.0008,-0.028,0.000
7.117,-0.2996,-0.0002,0.0008,-0.028,0.000
7.124,-0.2998,-0.0002,0.0008,-0.028,0.000
7.131,-0.3000,-0.0002,0.0008,-0.026,0.000
7.139,-0.3002,-0.0002,0.0008,-0.026,0.000
7.146,-0.3004,-0.0002,0.0008,-0.026,0.000
7.153,-0.3005,-0.0002,0.0008,-0.024,0.000
7.161,-0.3007,-0.0002,0.0008,-0.024,0.000
7.168,-0.3009,-0.0002,0.0009,-0.022,0.001
7.176,-0.3011,-0.0002,0.0009,-0.022,0.001
7.183,-0.3012,-0.0002,0.0009,-0.022,0.001
7.190,-0.3014,-0.0002,0.0009,-0.020,0.000
7.198,-0.3015,-0.0002,0.0009,-0.020,0.000
7.206,-0.3017,-0.0002,0.0009,-0.020,0.000
7.213,-0.3018,-0.0002,0.0009,-0.019,0.000
7.220,-0.3019,-0.0002,0.0009,-0.019,0.000
7.227,-0.3021,-0.0002,0.0009,-0.017,0.000
7.235,-0.3022,-0.0002,0.0009,-0.017,0.000
7.242,-0.3023,-0.0002,0.0009,-0.017,0.000
7.250,-0.3024,-0.0002,0.0009,-0.014,0.000
7.258,-0.3025,-0.0002,0.0009,-0.014,0.000
7.266,-0.3026,-0.0002,0.0009,-0.014,0.000
7.273,-0.3027,-0.0002,0.0009,-0.012,0.000
7.281,-0.3028,-0.0002,0.0009,-0.012,0.000
7.289,-0.3029,-0.0002,0.0009,-0.010,0.000
7.297,-0.3030,-0.0002,0.0009,-0.010,0.000
7.304,-0.3031,-0.0002,0.0009,-0.010,0.000
7.312,-0.3031,-0.0002,0.0009,-0.008,0.000
7.320,-0.3032,-0.0002,0.0009,-0.008,0.000
7.329,-0.3032,-0.0002,0.0009,-0.006,0.000
7.336,-0.3033,-0.0002,0.0009,-0.006,0.000
7.345,-0.3033,-0.0002,0.0009,-0.006,0.000
7.353,-0.3034,-0.0002,0.0009,-0.004,0.000
7.361,-0.3034,-0.0002,0.0009,-0.004,0.000
7.369,-0.3034,-0.0002,0.0009,-0.002,0.000
7.376,-0.3034,-0.0002,0.0009,-0.002,0.000
7.385,-0.3034,-0.0002,0.0009,-0.002,0.000
7.391,-0.3035,-0.0002,0.0009,-0.001,0.000
7.398,-0.3035,-0.0002,0.0009,-0.001,0.000
7.404,-0.3035,-0.0002,0.0009,-0.001,0.000
7.411,-0.3035,-0.0002,0.0009,0.000,0.000
7.417,-0.3035,-0.0002,0.0009,0.000,0.000
7.424,-0.3035,-0.0002,0.0009,0.000,0.000
7.432,-0.3035,-0.0002,0.0009,0.000,0.000
7.440,-0.3035,-0.0002,0.0009,0.000,0.000
7.447,-0.3035,-0.0002,0.0009,0.000,0.000
7.455,-0.3035,-0.0002,0.0009,0.000,0.000
7.463,-0.3035,-0.0002,0.0009,0.000,0.000
7.470,-0.3035,-0.0002,0.0009,0.000,0.000
7.478,-0.3035,-0.0002,0.0009,0.000,0.000
7.486,-0.3035,-0.0002,0.0009,0.000,0.000
7.493,-0.3035,-0.0002,0.0009,0.000,0.000
7.504,-0.3035,-0.0002,0.0009,0.000,0.000
7.512,-0.3035,-0.0002,0.0009,0.000,0.000
7.520,-0.3035,-0.0002,0.0009,0.000,0.000
7.528,-0.3035,-0.0002,0.0009,0.000,0.000
7.536,-0.3035,-0.0002,0.0009,0.000,0.000
7.544,-0.3035,-0.0002,0.0009,0.000,0.000
7.552,-0.3035,-0.0002,0.0009,0.000,0.000
7.560,-0.3035,-0.0002,0.0009,0.000,0.000
7.569,-0.3035,-0.0002,0.0009,0.000,0.000
7.577,-0.3035,-0.0002,0.0009,0.000,0.000
7.585,-0.3035,-0.0002,0.0009,0.000,0.000
7.593,-0.3035,-0.0002,0.0009,0.000,0.000
7.601,-0.3035,-0.0002,0.0009,0.000,0.000
7.609,-0.3035,-0.0002,0.0009,0.000,0.000
7.616,-0.3035,-0.0002,0.0009,0.000,0.000
7.624,-0.3035,-0.0002,0.0009,0.000,0.000
7.631,-0.3035,-0.0002,0.0009,0.000,0.000
7.633,-0.3035,-0.0002,0.0009,0.000,0.000
7.738,-0.3035,-0.0002,0.0009,0.000,0.000
7.745,-0.3035,-0.0002,0.0009,0.000,0.000
7.756,-0.3035,-0.0002,0.0009,0.000,0.000
7.765,-0.3035,-0.0002,0.0009,0.000,0.000
7.773,-0.3035,-0.0002,0.0009,0.000,0.000
7.781,-0.3035,-0.0002,0.0009,0.000,0.000
7.789,-0.3035,-0.0002,0.0009,0.000,0.000
7.797,-0.3035,-0.0002,0.0009,0.000,0.000
7.804,-0.3035,-0.0002,0.0009,0.000,0.000
7.813,-0.3035,-0.0002,0.0009,0.000,0.000
7.821,-0.3035,-0.0002,0.0009,0.000,0.000
7.828,-0.3035,-0.0002,0.0009,0.000,0.000
7.836,-0.3035,-0.0002,0.0009,0.000,0.000
7.844,-0.3035,-0.0002,0.0009,0.000,0.000
7.852,-0.3035,-0.0002,0.0009,0.000,0.000
7.860,-0.3035,-0.0002,0.0009,0.000,0.000
7.868,-0.3035,-0.0002,0.0009,0.000,0.000
7.877,-0.3035,-0.0002,0.0009,0.000,0.000
7.885,-0.3035,-0.0002,0.0009,0.000,0.000
7.893,-0.3035,-0.0002,0.0009,0.000,0.000
7.900,-0.3035,-0.0002,0.0009,0.000,0.000
7.908,-0.3035,-0.0002,0.0009,0.000,0.000
7.917,-0.3035,-0.0002,0.0009,0.000,0.000
7.925,-0.3035,-0.0002,0.0009,0.000,0.000
7.932,-0.3035,-0.0002,0.0009,0.000,0.000
7.940,-0.3035,-0.0002,0.0009,0.000,0.000
7.948,-0.3035,-0.0002,0.0009,0.000,0.000
7.956,-0.3035,-0.0002,0.0009,0.000,0.000
7.963,-0.3035,-0.0002,0.0009,0.000,0.000
7.970,-0.3035,-0.0002,0.0009,0.000,0.000
7.978,-0.3035,-0.0002,0.0009,0.000,0.000
7.985,-0.3035,-0.0002,0.0009,0.000,0.000
7.992,-0.3035,-0.0002,0.0009,0.000,0.000
7.999,-0.3035,-0.0002,0.0009,0.000,0.000
8.007,-0.3035,-0.0002,0.0009,0.000,0.000
8.014,-0.3035,-0.0002,0.0009,0.000,0.000
8.022,-0.3035,-0.0002,0.0009,0.000,0.000
8.029,-0.3035,-0.0002,0.0009,0.000,0.000
8.036,-0.3035,-0.0002,0.0009,0.000,0.000
8.045,-0.3035,-0.0002,0.0009,0.000,0.000
8.052,-0.3035,-0.0002,0.0009,0.000,0.000
8.060,-0.3035,-0.0002,0.0009,0.000,0.000
8.068,-0.3035,-0.0002,0.0009,0.000,0.000
8.076,-0.3035,-0.0002,0.0009,0.000,0.000
8.083,-0.3035,-0.0002,0.0009,0.000,0.000
8.091,-0.3035,-0.0002,0.0009,0.000,0.000
8.098,-0.3035,-0.0002,0.0009,0.000,0.000
8.106,-0.3035,-0.0002,0.0009,0.000,0.000
8.113,-0.3035,-0.0002,0.0009,0.000,0.000
8.120,-0.3035,-0.0002,0.0009,0.000,0.000
8.128,-0.3035,-0.0002,0.0009,0.000,0.000
8.130,-0.3035,-0.0002,0.0009,0.000,0.000
8.132,-0.3035,-0.0002,0.0009,0.000,0.000
8.162,-0.3035,-0.0002,0.0009,0.000,0.000
8.194,-0.3035,-0.0002,0.0009,0.000,0.000
8.231,-0.3035,-0.0002,0.0009,0.000,0.000
8.260,-0.3035,-0.0002,0.0009,0.000,0.000
8.294,-0.3034,-0.0002,0.0010,0.001,0.003
8.328,-0.3032,-0.0002,0.0010,0.006,0.001
8.359,-0.3029,-0.0002,0.0010,0.011,0.001
8.396,-0.3024,-0.0002,0.0010,0.014,0.000
8.431,-0.3018,-0.0002,0.0010,0.016,0.000
8.446,-0.3015,-0.0002,0.0010,0.020,0.001
8.478,-0.3007,-0.0002,0.0010,0.024,0.000
8.513,-0.2998,-0.0002,0.0010,0.028,0.000
8.541,-0.2989,-0.0002,0.0010,0.031,0.000
8.584,-0.2974,-0.0002,0.0010,0.034,0.000
8.608,-0.2965,-0.0002,0.0011,0.038,0.001
8.647,-0.2949,-0.0002,0.0011,0.042,0.001
8.676,-0.2934,-0.0001,0.0011,0.050,0.000
8.780,-0.2883,-0.0001,0.0011,0.050,0.000
8.787,-0.2879,-0.0001,0.0011,0.050,0.000
8.795,-0.2875,-0.0001,0.0011,0.050,0.000
8.802,-0.2871,-0.0001,0.0011,0.050,0.000
8.811,-0.2867,-0.0001,0.0011,0.051,0.000
8.819,-0.2863,-0.0001,0.0011,0.051,0.000
8.827,-0.2858,-0.0001,0.0011,0.055,0.000
8.835,-0.2854,-0.0001,0.0011,0.055,0.000
8.844,-0.2849,-0.0001,0.0011,0.055,0.000
8.853,-0.2844,-0.0001,0.0011,0.061,0.001
8.860,-0.2839,-0.0001,0.0011,0.061,0.001
8.869,-0.2833,-0.0001,0.0011,0.064,0.000
8.877,-0.2828,-0.0001,0.0011,0.064,0.000
8.885,-0.2824,-0.0001,0.0011,0.064,0.000
8.893,-0.2818,-0.0001,0.0011,0.067,0.000
8.901,-0.2813,-0.0001,0.0011,0.067,0.000
8.908,-0.2808,-0.0001,0.0011,0.069,0.001
8.918,-0.2801,-0.0001,0.0011,0.069,0.001
8.925,-0.2796,-0.0001,0.0012,0.069,0.001
8.933,-0.2790,-0.0001,0.0012,0.071,0.000
8.942,-0.2784,-0.0001,0.0012,0.071,0.000
8.950,-0.2778,-0.0001,0.0012,0.073,0.000
8.958,-0.2772,-0.0001,0.0012,0.073,0.000
8.965,-0.2767,-0.0001,0.0012,0.073,0.000
8.973,-0.2761,-0.0001,0.0012,0.075,0.001
8.981,-0.2755,-0.0001,0.0012,0.075,0.001
8.989,-0.2749,-0.0001,0.0012,0.077,0.001
8.997,-0.2743,-0.0001,0.0012,0.077,0.001
9.008,-0.2734,-0.0001,0.0012,0.078,0.000
9.016,-0.2728,-0.0001,0.0012,0.078,0.000
9.024,-0.2721,-0.0001,0.0012,0.078,0.000
9.032,-0.2715,-0.0001,0.0012,0.077,0.001
9.041,-0.2709,-0.0001,0.0012,0.077,0.001
9.048,-0.2703,-0.0001,0.0012,0.076,0.001
9.057,-0.2697,-0.0001,0.0012,0.076,0.001
9.064,-0.2691,-0.0001,0.0012,0.076,0.001
9.072,-0.2685,-0.0001,0.0012,0.074,0.000
9.080,-0.2679,-0.0001,0.0012,0.074,0.000
9.088,-0.2673,-0.0001,0.0012,0.073,0.000
9.097,-0.2667,-0.0001,0.0012,0.073,0.000
9.105,-0.2661,-0.0001,0.0012,0.073,0.000
9.113,-0.2656,-0.0001,0.0012,0.071,0.000
9.120,-0.2650,-0.0001,0.0012,0.071,0.000
9.128,-0.2645,-0.0001,0.0012,0.069,-0.001
9.136,-0.2639,-0.0001,0.0012,0.069,-0.001
9.144,-0.2634,-0.0001,0.0012,0.069,-0.001
9.151,-0.2629,-0.0001,0.0012,0.067,-0.002
9.159,-0.2624,-0.0001,0.0012,0.067,-0.002
9.167,-0.2618,-0.0001,0.0012,0.067,-0.002
9.175,-0.2613,-0.0001,0.0011,0.066,-0.001
9.182,-0.2609,-0.0001,0.0011,0.066,-0.001
9.189,-0.2604,-0.0001,0.0011,0.064,-0.002
9.196,-0.2599,-0.0001,0.0011,0.064,-0.002
9.204,-0.2594,-0.0001,0.0011,0.064,-0.002
9.211,-0.2590,-0.0001,0.0011,0.061,-0.002
9.219,-0.2586,-0.0001,0.0011,0.061,-0.002
9.226,-0.2581,-0.0001,0.0010,0.061,-0.002
9.233,-0.2577,-0.0001,0.0010,0.059,0.000
9.241,-0.2572,-0.0001,0.0010,0.059,0.000
9.249,-0.2568,-0.0001,0.0010,0.057,0.000
9.257,-0.2563,-0.0001,0.0010,0.057,0.000
9.264,-0.2559,-0.0001,0.0010,0.057,0.000
9.271,-0.2555,-0.0001,0.0010,0.054,-0.001
9.279,-0.2551,-0.0001,0.0010,0.054,-0.001
9.286,-0.2547,-0.0001,0.0010,0.054,-0.001
9.293,-0.2544,-0.0001,0.0010,0.052,0.000
9.300,-0.2540,-0.0001,0.0010,0.052,0.000
9.308,-0.2536,-0.0001,0.0010,0.051,0.000
9.316,-0.2532,-0.0001,0.0010,0.051,0.000
9.324,-0.2528,-0.0001,0.0010,0.051,0.000
9.331,-0.2524,-0.0001,0.0010,0.048,0.000
9.338,-0.2521,-0.0001,0.0010,0.048,0.000
9.346,-0.2517,-0.0001,0.0010,0.048,0.000
9.353,-0.2514,-0.0001,0.0010,0.045,0.000
9.361,-0.2510,-0.0001,0.0010,0.045,0.000
9.369,-0.2507,-0.0001,0.0010,0.043,0.000
9.377,-0.2504,-0.0001,0.0010,0.043,0.000
9.384,-0.2500,-0.0001,0.0010,0.043,0.000
9.391,-0.2498,-0.0001,0.0010,0.041,0.000
9.398,-0.2495,-0.0001,0.0010,0.041,0.000
9.405,-0.2492,-0.0001,0.0010,0.041,0.000
9.412,-0.2489,-0.0001,0.0010,0.039,0.001
9.420,-0.2486,-0.0001,0.0010,0.039,0.001
9.427,-0.2483,-0.0001,0.0010,0.039,0.001
9.434,-0.2481,-0.0001,0.0011,0.038,0.001
9.442,-0.2478,-0.0001,0.0011,0.038,0.001
9.449,-0.2475,-0.0001,0.0011,0.035,0.000
9.457,-0.2472,-0.0001,0.0011,0.035,0.000
9.466,-0.2469,-0.0001,0.0011,0.035,0.000
9.473,-0.2467,-0.0001,0.0011,0.033,0.002
9.480,-0.2464,-0.0001,0.0011,0.033,0.002
9.488,-0.2462,-0.0001,0.0011,0.031,0.002
9.495,-0.2460,-0.0001,0.0011,0.031,0.002
9.502,-0.2458,-0.0001,0.0011,0.031,0.002
9.509,-0.2456,-0.0001,0.0011,0.030,0.000
9.517,-0.2453,-0.0001,0.0011,0.030,0.000
9.524,-0.2451,-0.0001,0.0011,0.030,0.000
9.531,-0.2449,-0.0001,0.0011,0.028,0.000
9.538,-0.2447,-0.0001,0.0011,0.028,0.000
9.546,-0.2445,-0.0001,0.0011,0.028,0.000
9.553,-0.2443,-0.0001,0.0011,0.026,0.001
9.560,-0.2441,-0.0001,0.0011,0.026,0.001
9.567,-0.2440,-0.0001,0.0012,0.026,0.001
9.574,-0.2438,-0.0001,0.0012,0.024,0.001
9.581,-0.2436,-0.0001,0.0012,0.024,0.001
9.588,-0.2435,-0.0001,0.0012,0.021,0.001
9.596,-0.2433,-0.0001,0.0012,0.021,0.001
9.603,-0.2432,-0.0001,0.0012,0.021,0.001
9.610,-0.2430,-0.0001,0.0012,0.020,0.000
9.618,-0.2429,-0.0001,0.0012,0.020,0.000
9.625,-0.2427,-0.0001,0.0012,0.020,0.000
9.632,-0.2426,-0.0001,0.0012,0.019,0.000
9.639,-0.2424,-0.0001,0.0012,0.019,0.000
9.646,-0.2423,-0.0001,0.0012,0.019,0.000
9.653,-0.2422,-0.0001,0.0012,0.017,0.000
9.660,-0.2421,-0.0001,0.0012,0.017,0.000
9.668,-0.2420,-0.0001,0.0012,0.014,0.000
9.675,-0.2419,-0.0001,0.0012,0.014,0.000
9.682,-0.2418,-0.0001,0.0012,0.014,0.000
9.688,-0.2417,-0.0001,0.0012,0.012,0.000
9.695,-0.2416,-0.0001,0.0012,0.012,0.000
9.701,-0.2415,-0.0001,0.0012,0.012,0.000
9.707,-0.2415,-0.0001,0.0012,0.012,0.000
9.713,-0.2414,-0.0001,0.0012,0.010,0.000
9.719,-0.2414,-0.0001,0.0012,0.010,0.000
9.725,-0.2413,-0.0001,0.0012,0.010,0.000
9.732,-0.2412,-0.0001,0.0012,0.009,0.000
9.738,-0.2412,-0.0001,0.0012,0.009,0.000
9.744,-0.2411,-0.0001,0.0012,0.009,0.000
9.751,-0.2411,-0.0001,0.0012,0.007,-0.001
9.757,-0.2410,-0.0001,0.0012,0.007,-0.001
9.763,-0.2410,-0.0001,0.0012,0.007,-0.001
9.769,-0.2410,-0.0001,0.0012,0.004,0.000
9.776,-0.2409,-0.0001,0.0012,0.004,0.000
9.783,-0.2409,-0.0001,0.0012,0.004,0.000
9.790,-0.2409,-0.0001,0.0012,0.002,0.000
9.798,-0.2409,-0.0001,0.0012,0.002,0.000
9.807,-0.2409,-0.0001,0.0012,0.001,0.000
9.816,-0.2409,-0.0001,0.0012,0.001,0.000
9.825,-0.2408,-0.0001,0.0012,0.001,0.000
9.832,-0.2408,-0.0001,0.0012,0.000,0.002
9.839,-0.2408,-0.0001,0.0012,0.000,0.002
9.849,-0.2409,-0.0001,0.0012,-0.001,0.002
9.857,-0.2409,-0.0001,0.0012,-0.001,0.002
9.866,-0.2409,-0.0001,0.0013,-0.001,0.002
9.874,-0.2409,-0.0001,0.0013,0.000,0.001
9.881,-0.2409,-0.0001,0.0013,0.000,0.001
9.890,-0.2409,-0.0001,0.0013,0.000,0.000
9.897,-0.2409,-0.0001,0.0013,0.000,0.000
9.908,-0.2409,-0.0001,0.0013,0.000,0.000
9.916,-0.2409,-0.0001,0.0013,0.000,0.000
9.924,-0.2409,-0.0001,0.0013,0.000,0.000
9.932,-0.2409,-0.0001,0.0013,0.000,0.001
9.939,-0.2409,-0.0001,0.0013,0.000,0.001
9.948,-0.2409,-0.0001,0.0013,0.000,0.001
9.956,-0.2409,-0.0001,0.0013,0.000,0.001
9.964,-0.2409,-0.0001,0.0013,0.000,0.001
9.971,-0.2409,-0.0001,0.0013,0.000,0.001
9.979,-0.2409,-0.0001,0.0013,0.000,0.001
9.986,-0.2409,-0.0001,0.0013,0.000,0.001
9.994,-0.2409,-0.0001,0.0013,0.000,0.001
10.001,-0.2409,-0.0001,0.0013,0.000,0.001
10.010,-0.2409,-0.0001,0.0013,0.000,0.000
10.017,-0.2409,-0.0001,0.0013,0.000,0.000
10.025,-0.2409,-0.0001,0.0013,0.000,0.000
10.032,-0.2409,-0.0001,0.0013,0.000,0.000
10.040,-0.2409,-0.0001,0.0013,0.000,0.000
10.047,-0.2409,-0.0001,0.0013,0.000,0.000
10.054,-0.2409,-0.0001,0.0013,0.000,0.000
10.065,-0.2409,-0.0001,0.0013,0.000,0.000
10.068,-0.2409,-0.0001,0.0013,0.000,0.000
10.071,-0.2409,-0.0001,0.0013,0.000,0.000
10.175,-0.2409,-0.0001,0.0013,0.000,0.000
10.182,-0.2409,-0.0001,0.0013,0.000,0.000
10.190,-0.2409,-0.0001,0.0013,0.000,0.000
10.198,-0.2409,-0.0001,0.0013,0.000,0.000
10.206,-0.2409,-0.0001,0.0013,0.000,0.000
10.214,-0.2409,-0.0001,0.0013,0.000,0.000
10.222,-0.2409,-0.0001,0.0013,0.000,0.000
10.231,-0.2409,-0.0001,0.0013,0.000,0.000
10.238,-0.2409,-0.0001,0.0013,0.000,0.000
10.247,-0.2409,-0.0001,0.0013,0.000,0.000
10.255,-0.2409,-0.0001,0.0013,0.000,0.000
10.264,-0.2409,-0.0001,0.0013,0.000,0.000
10.272,-0.2409,-0.0001,0.0014,0.000,0.001
10.280,-0.2409,-0.0001,0.0014,0.000,0.001
10.288,-0.2409,-0.0001,0.0014,0.000,0.005
10.296,-0.2409,-0.0001,0.0014,0.000,0.005
10.303,-0.2409,-0.0001,0.0015,0.000,0.005
10.313,-0.2409,-0.0001,0.0016,0.000,0.012
10.320,-0.2409,-0.0001,0.0017,0.000,0.012
10.327,-0.2409,-0.0001,0.0018,0.000,0.012
10.334,-0.2409,-0.0001,0.0019,0.000,0.017
10.343,-0.2409,-0.0001,0.0020,0.000,0.017
10.351,-0.2409,-0.0001,0.0022,0.000,0.020
10.359,-0.2409,-0.0001,0.0024,0.000,0.020
10.367,-0.2409,-0.0001,0.0025,0.000,0.022
10.376,-0.2409,-0.0001,0.0027,0.000,0.022
10.384,-0.2409,-0.0001,0.0029,0.000,0.022
10.392,-0.2409,-0.0001,0.0031,0.000,0.022
10.400,-0.2409,-0.0001,0.0033,0.000,0.022
10.409,-0.2409,-0.0001,0.0035,0.000,0.025
10.417,-0.2409,-0.0001,0.0037,0.000,0.025
10.425,-0.2409,-0.0001,0.0039,0.000,0.025
10.432,-0.2409,-0.0001,0.0041,0.000,0.027
10.440,-0.2409,-0.0001,0.0043,0.000,0.027
10.447,-0.2409,-0.0001,0.0045,0.000,0.026
10.455,-0.2409,-0.0001,0.0047,0.000,0.026
10.464,-0.2409,-0.0001,0.0049,0.000,0.026
10.476,-0.2409,-0.0001,0.0052,0.000,0.025
10.483,-0.2409,-0.0001,0.0054,0.000,0.025
10.491,-0.2409,-0.0001,0.0056,0.000,0.023
10.498,-0.2409,-0.0001,0.0057,0.000,0.023
10.506,-0.2409,-0.0001,0.0059,0.000,0.023
10.515,-0.2409,-0.0001,0.0061,0.000,0.022
10.522,-0.2409,-0.0001,0.0063,0.000,0.022
10.529,-0.2409,-0.0001,0.0064,0.000,0.020
10.537,-0.2409,-0.0001,0.0066,0.000,0.020
10.544,-0.2409,-0.0001,0.0067,0.000,0.020
10.552,-0.2409,-0.0001,0.0068,0.000,0.018
10.559,-0.2409,-0.0001,0.0070,0.000,0.018
10.561,-0.2409,-0.0001,0.0070,0.000,0.018
10.564,-0.2409,-0.0001,0.0071,0.000,0.015
10.595,-0.2409,-0.0001,0.0074,-0.001,0.012
10.630,-0.2409,-0.0001,0.0078,0.000,0.010
10.647,-0.2409,-0.0001,0.0080,0.000,0.011
10.678,-0.2409,-0.0001,0.0082,0.000,0.008
10.712,-0.2408,-0.0001,0.0085,0.003,0.008
10.740,-0.2407,-0.0001,0.0087,0.005,0.009
10.778,-0.2402,-0.0001,0.0089,0.011,0.005
10.825,-0.2396,-0.0001,0.0091,0.013,0.003
10.845,-0.2393,-0.0001,0.0091,0.016,0.000
10.877,-0.2387,-0.0001,0.0091,0.020,0.002
10.910,-0.2379,-0.0001,0.0092,0.024,0.002
10.945,-0.2369,-0.0001,0.0092,0.027,0.001
10.972,-0.2362,-0.0000,0.0093,0.029,0.002
11.005,-0.2350,-0.0000,0.0093,0.034,0.001
11.045,-0.2335,-0.0000,0.0093,0.037,0.000
11.071,-0.2325,-0.0000,0.0094,0.040,0.001
11.103,-0.2311,-0.0000,0.0094,0.044,0.001
11.137,-0.2296,0.0000,0.0094,0.046,0.000
11.170,-0.2279,0.0000,0.0094,0.050,0.001
11.202,-0.2262,0.0000,0.0094,0.053,0.000
11.234,-0.2243,0.0001,0.0094,0.059,0.000
11.284,-0.2213,0.0001,0.0094,0.061,0.000
11.302,-0.2200,0.0001,0.0094,0.068,-0.001
11.356,-0.2163,0.0001,0.0093,0.068,-0.001
11.365,-0.2158,0.0001,0.0093,0.071,0.000
11.398,-0.2132,0.0002,0.0093,0.076,0.000
11.447,-0.2094,0.0002,0.0093,0.078,0.000
11.463,-0.2081,0.0002,0.0093,0.080,0.000
11.512,-0.2039,0.0003,0.0093,0.086,0.000
11.552,-0.2004,0.0003,0.0093,0.087,0.000
11.565,-0.1992,0.0003,0.0093,0.089,0.000
11.614,-0.1946,0.0003,0.0094,0.096,0.001
11.646,-0.1915,0.0004,0.0094,0.098,0.001
11.681,-0.1880,0.0004,0.0095,0.098,0.001
11.693,-0.1867,0.0004,0.0095,0.102,0.001
11.730,-0.1829,0.0005,0.0095,0.106,0.002
11.762,-0.1792,0.0005,0.0096,0.115,0.001
11.868,-0.1670,0.0006,0.0097,0.115,0.001
11.875,-0.1662,0.0006,0.0097,0.115,0.000
11.882,-0.1653,0.0006,0.0097,0.115,0.000
11.891,-0.1644,0.0006,0.0097,0.116,0.000
11.898,-0.1635,0.0006,0.0097,0.116,0.000
11.906,-0.1625,0.0006,0.0097,0.116,0.000
11.916,-0.1615,0.0007,0.0097,0.117,0.000
11.924,-0.1605,0.0007,0.0097,0.117,0.000
11.932,-0.1595,0.0007,0.0097,0.122,0.000
11.940,-0.1585,0.0007,0.0097,0.122,0.000
11.949,-0.1574,0.0007,0.0097,0.127,0.000
11.957,-0.1564,0.0007,0.0097,0.127,0.000
11.966,-0.1552,0.0007,0.0097,0.127,0.000
11.974,-0.1542,0.0007,0.0097,0.131,0.001
11.981,-0.1532,0.0007,0.0097,0.131,0.001
11.989,-0.1522,0.0007,0.0097,0.133,0.000
11.997,-0.1511,0.0008,0.0097,0.133,0.000
12.005,-0.1501,0.0008,0.0097,0.133,0.000
12.013,-0.1490,0.0008,0.0097,0.136,0.000
12.020,-0.1481,0.0008,0.0097,0.136,0.000
12.028,-0.1469,0.0008,0.0097,0.139,0.000
12.036,-0.1459,0.0008,0.0097,0.139,0.000
12.043,-0.1448,0.0008,0.0097,0.139,0.000
12.051,-0.1437,0.0008,0.0097,0.142,0.000
12.058,-0.1427,0.0008,0.0097,0.142,0.000
12.066,-0.1415,0.0009,0.0097,0.142,0.000
12.073,-0.1405,0.0009,0.0097,0.144,0.000
12.081,-0.1394,0.0009,0.0097,0.144,0.000
12.088,-0.1383,0.0009,0.0097,0.145,-0.001
12.097,-0.1371,0.0009,0.0097,0.145,-0.001
12.104,-0.1361,0.0009,0.0097,0.145,-0.001
12.111,-0.1351,0.0009,0.0097,0.144,0.000
12.118,-0.1340,0.0009,0.0097,0.144,0.000
12.126,-0.1329,0.0009,0.0097,0.144,0.000
12.133,-0.1319,0.0009,0.0097,0.143,-0.001
12.141,-0.1307,0.0010,0.0097,0.143,-0.001
12.148,-0.1297,0.0010,0.0096,0.141,-0.002
12.157,-0.1285,0.0010,0.0096,0.141,-0.002
12.165,-0.1273,0.0010,0.0096,0.141,-0.002
12.174,-0.1261,0.0010,0.0096,0.139,-0.002
12.183,-0.1249,0.0010,0.0096,0.139,-0.002
12.192,-0.1237,0.0010,0.0096,0.137,-0.002
12.199,-0.1227,0.0010,0.0095,0.137,-0.002
12.207,-0.1216,0.0010,0.0095,0.137,-0.002
12.215,-0.1205,0.0011,0.0095,0.135,-0.002
12.222,-0.1196,0.0011,0.0095,0.135,-0.002
12.230,-0.1185,0.0011,0.0095,0.133,0.000
12.238,-0.1175,0.0011,0.0095,0.133,0.000
12.246,-0.1163,0.0011,0.0095,0.133,0.000
12.254,-0.1154,0.0011,0.0095,0.132,-0.001
12.260,-0.1145,0.0011,0.0095,0.132,-0.001
12.263,-0.1141,0.0011,0.0095,0.129,-0.001
12.295,-0.1101,0.0012,0.0095,0.124,0.000
12.329,-0.1060,0.0012,0.0095,0.122,0.000
12.365,-0.1017,0.0012,0.0095,0.121,0.001
12.394,-0.0982,0.0013,0.0097,0.117,0.005
12.432,-0.0940,0.0013,0.0100,0.113,0.010
12.462,-0.0907,0.0013,0.0104,0.110,0.012
12.496,-0.0870,0.0014,0.0108,0.107,0.011
12.532,-0.0833,0.0014,0.0113,0.103,0.015
12.566,-0.0798,0.0015,0.0119,0.103,0.017
12.581,-0.0783,0.0015,0.0122,0.099,0.020
12.633,-0.0734,0.0015,0.0135,0.095,0.025
12.661,-0.0708,0.0016,0.0142,0.093,0.026
12.693,-0.0679,0.0016,0.0152,0.090,0.030
12.729,-0.0647,0.0017,0.0163,0.088,0.032
12.745,-0.0635,0.0017,0.0169,0.082,0.037
12.782,-0.0605,0.0017,0.0184,0.079,0.040
12.814,-0.0581,0.0018,0.0199,0.075,0.046
12.846,-0.0558,0.0018,0.0214,0.073,0.047
12.884,-0.0532,0.0019,0.0233,0.070,0.050
12.910,-0.0514,0.0019,0.0247,0.065,0.053
12.941,-0.0495,0.0020,0.0264,0.062,0.056
12.975,-0.0475,0.0020,0.0284,0.059,0.059
13.010,-0.0457,0.0021,0.0307,0.053,0.065
13.071,-0.0426,0.0022,0.0348,0.051,0.068
13.106,-0.0408,0.0023,0.0372,0.051,0.068
13.109,-0.0406,0.0023,0.0374,0.047,0.071
13.137,-0.0394,0.0023,0.0396,0.042,0.075
13.182,-0.0377,0.0024,0.0430,0.040,0.077
13.211,-0.0365,0.0024,0.0453,0.040,0.077
13.246,-0.0352,0.0025,0.0479,0.038,0.077
13.278,-0.0340,0.0026,0.0505,0.035,0.078
13.311,-0.0331,0.0026,0.0533,0.028,0.088
13.343,-0.0324,0.0026,0.0563,0.022,0.093
13.379,-0.0317,0.0027,0.0597,0.020,0.096
13.412,-0.0312,0.0027,0.0629,0.014,0.098
13.448,-0.0308,0.0027,0.0667,0.011,0.101
13.479,-0.0305,0.0028,0.0697,0.010,0.102
13.512,-0.0303,0.0028,0.0732,0.008,0.106
13.547,-0.0301,0.0028,0.0772,0.005,0.110
13.568,-0.0300,0.0028,0.0795,0.002,0.113
13.611,-0.0300,0.0028,0.0846,0.000,0.120
13.644,-0.0300,0.0028,0.0888,0.000,0.126
13.680,-0.0300,0.0028,0.0935,0.000,0.131
13.719,-0.0300,0.0028,0.0986,0.000,0.131
13.731,-0.0300,0.0028,0.1003,0.000,0.139
13.779,-0.0300,0.0028,0.1071,0.000,0.141
13.797,-0.0300,0.0028,0.1097,0.000,0.143
13.831,-0.0300,0.0028,0.1147,0.000,0.151
13.936,-0.0300,0.0028,0.1306,0.000,0.151
13.944,-0.0300,0.0028,0.1319,0.000,0.151
13.953,-0.0300,0.0028,0.1331,0.000,0.150
13.960,-0.0300,0.0028,0.1343,0.000,0.150
13.969,-0.0300,0.0028,0.1356,0.000,0.150
13.978,-0.0300,0.0028,0.1370,0.000,0.150
13.987,-0.0300,0.0028,0.1383,0.000,0.154
13.996,-0.0300,0.0028,0.1398,0.000,0.154
14.006,-0.0300,0.0028,0.1413,0.000,0.154
14.014,-0.0300,0.0028,0.1426,0.000,0.159
14.023,-0.0300,0.0028,0.1439,0.000,0.159
14.031,-0.0300,0.0028,0.1453,0.000,0.164
14.039,-0.0300,0.0028,0.1467,0.000,0.164
14.048,-0.0300,0.0028,0.1481,0.000,0.167
14.057,-0.0300,0.0028,0.1496,0.000,0.167
14.065,-0.0300,0.0028,0.1510,0.000,0.167
14.073,-0.0300,0.0028,0.1524,0.000,0.171
14.081,-0.0300,0.0028,0.1537,0.000,0.171
14.089,-0.0300,0.0028,0.1551,0.000,0.174
14.097,-0.0300,0.0028,0.1565,0.000,0.174
14.105,-0.0300,0.0028,0.1578,0.000,0.174
14.112,-0.0300,0.0028,0.1592,0.000,0.176
14.120,-0.0300,0.0028,0.1605,0.000,0.176
14.128,-0.0300,0.0028,0.1619,0.000,0.177
14.136,-0.0300,0.0028,0.1634,0.000,0.177
14.144,-0.0300,0.0028,0.1647,0.000,0.177
14.152,-0.0300,0.0028,0.1661,0.000,0.179
14.159,-0.0300,0.0028,0.1674,0.000,0.179
14.171,-0.0300,0.0028,0.1695,0.000,0.179
14.178,-0.0300,0.0028,0.1708,0.000,0.179
14.185,-0.0300,0.0028,0.1721,0.000,0.179
14.193,-0.0300,0.0028,0.1735,0.000,0.179
14.201,-0.0300,0.0028,0.1749,0.000,0.179
14.209,-0.0300,0.0028,0.1763,0.000,0.178
14.216,-0.0300,0.0028,0.1777,0.000,0.178
14.224,-0.0300,0.0028,0.1790,0.000,0.178
14.232,-0.0300,0.0028,0.1805,0.000,0.177
14.239,-0.0300,0.0028,0.1817,0.000,0.177
14.247,-0.0300,0.0028,0.1832,0.000,0.177
14.255,-0.0300,0.0028,0.1845,0.000,0.176
14.262,-0.0300,0.0028,0.1857,0.000,0.176
14.270,-0.0300,0.0028,0.1871,0.000,0.172
14.278,-0.0300,0.0028,0.1884,0.000,0.172
14.285,-0.0300,0.0028,0.1896,0.000,0.172
14.292,-0.0300,0.0028,0.1909,0.001,0.171
14.299,-0.0300,0.0028,0.1921,0.001,0.171
14.306,-0.0300,0.0028,0.1933,0.001,0.171
14.314,-0.0300,0.0028,0.1947,0.001,0.168
14.323,-0.0300,0.0028,0.1961,0.001,0.168
14.334,-0.0300,0.0028,0.1979,0.000,0.164
14.342,-0.0300,0.0028,0.1992,0.000,0.164
14.350,-0.0300,0.0028,0.2005,0.000,0.162
14.357,-0.0300,0.0028,0.2017,0.000,0.162
14.365,-0.0300,0.0028,0.2030,0.000,0.162
14.372,-0.0300,0.0028,0.2041,0.000,0.160
14.379,-0.0300,0.0028,0.2053,0.000,0.160
14.387,-0.0300,0.0028,0.2064,0.000,0.160
14.394,-0.0300,0.0028,0.2077,0.000,0.159
14.401,-0.0300,0.0028,0.2088,0.000,0.159
14.410,-0.0300,0.0028,0.2101,0.000,0.157
14.417,-0.0300,0.0028,0.2112,0.000,0.157
14.424,-0.0300,0.0028,0.2123,0.000,0.157
14.431,-0.0300,0.0028,0.2135,0.000,0.155
14.438,-0.0300,0.0028,0.2146,0.000,0.155
14.447,-0.0300,0.0028,0.2159,0.000,0.155
14.454,-0.0300,0.0028,0.2169,0.000,0.152
14.461,-0.0300,0.0028,0.2180,0.000,0.152
14.469,-0.0300,0.0028,0.2192,0.000,0.151
14.477,-0.0300,0.0028,0.2204,0.000,0.151
14.485,-0.0300,0.0028,0.2216,0.000,0.151
14.492,-0.0300,0.0028,0.2227,0.000,0.149
14.499,-0.0300,0.0028,0.2238,0.000,0.149
14.507,-0.0300,0.0028,0.2249,0.000,0.149
14.514,-0.0300,0.0028,0.2260,0.000,0.147
14.521,-0.0300,0.0028,0.2271,0.000,0.147
14.529,-0.0300,0.0028,0.2282,0.000,0.145
14.538,-0.0300,0.0028,0.2295,0.000,0.145
14.547,-0.0300,0.0028,0.2308,0.000,0.144
14.556,-0.0300,0.0028,0.2321,0.000,0.144
14.563,-0.0300,0.0028,0.2331,0.000,0.144
14.571,-0.0300,0.0028,0.2341,0.000,0.141
14.577,-0.0300,0.0028,0.2351,0.000,0.141
14.585,-0.0300,0.0028,0.2361,0.000,0.141
14.593,-0.0300,0.0028,0.2373,0.000,0.140
14.600,-0.0300,0.0028,0.2383,0.000,0.140
14.608,-0.0300,0.0028,0.2393,0.000,0.137
14.616,-0.0300,0.0028,0.2404,0.000,0.137
14.623,-0.0300,0.0028,0.2414,0.000,0.137
14.631,-0.0300,0.0028,0.2425,0.000,0.136
14.639,-0.0300,0.0028,0.2436,0.000,0.136
14.647,-0.0300,0.0028,0.2447,0.000,0.136
14.655,-0.0300,0.0028,0.2457,0.000,0.134
14.662,-0.0300,0.0028,0.2467,0.000,0.134
14.670,-0.0300,0.0028,0.2477,0.000,0.132
14.677,-0.0300,0.0028,0.2487,0.000,0.132
14.685,-0.0300,0.0028,0.2497,0.000,0.132
14.692,-0.0300,0.0028,0.2506,0.000,0.130
14.699,-0.0300,0.0028,0.2516,0.000,0.130
14.707,-0.0300,0.0028,0.2526,0.000,0.130
14.714,-0.0300,0.0028,0.2535,0.000,0.129
14.722,-0.0300,0.0028,0.2545,0.000,0.129
14.730,-0.0300,0.0028,0.2555,0.000,0.126
14.737,-0.0300,0.0028,0.2564,0.000,0.126
14.745,-0.0300,0.0028,0.2574,0.000,0.126
14.752,-0.0300,0.0028,0.2582,0.000,0.124
14.760,-0.0300,0.0028,0.2592,0.000,0.124
14.768,-0.0300,0.0028,0.2603,0.000,0.122
14.776,-0.0300,0.0028,0.2612,0.000,0.122
14.784,-0.0300,0.0028,0.2621,0.000,0.122
14.792,-0.0300,0.0028,0.2632,0.000,0.120
14.800,-0.0300,0.0028,0.2641,0.000,0.120
14.807,-0.0300,0.0028,0.2650,0.000,0.120
14.815,-0.0300,0.0028,0.2659,0.000,0.117
14.822,-0.0300,0.0028,0.2667,0.000,0.117
14.830,-0.0300,0.0028,0.2677,0.000,0.116
14.837,-0.0300,0.0028,0.2685,0.000,0.116
14.845,-0.0300,0.0028,0.2694,0.000,0.116
14.849,-0.0300,0.0028,0.2698,0.000,0.116
14.850,-0.0300,0.0028,0.2700,0.000,0.105
14.956,-0.0300,0.0028,0.2811,0.000,0.105
14.964,-0.0300,0.0028,0.2819,0.000,0.105
14.972,-0.0300,0.0028,0.2828,0.000,0.106
14.980,-0.0300,0.0028,0.2836,0.000,0.106
14.988,-0.0300,0.0028,0.2845,0.000,0.104
14.997,-0.0300,0.0028,0.2854,0.000,0.104
15.005,-0.0300,0.0028,0.2862,0.000,0.104
15.013,-0.0300,0.0028,0.2871,0.000,0.103
15.021,-0.0300,0.0028,0.2878,0.000,0.103
15.030,-0.0300,0.0028,0.2887,0.000,0.098
15.040,-0.0300,0.0028,0.2897,0.000,0.098
15.048,-0.0300,0.0028,0.2905,0.000,0.098
15.055,-0.0300,0.0028,0.2912,0.000,0.094
15.062,-0.0300,0.0028,0.2918,0.000,0.094
15.070,-0.0300,0.0028,0.2926,0.000,0.092
15.078,-0.0300,0.0028,0.2933,0.000,0.092
15.085,-0.0300,0.0028,0.2939,0.000,0.092
15.092,-0.0300,0.0028,0.2946,0.000,0.088
15.099,-0.0300,0.0028,0.2952,0.000,0.088
15.107,-0.0300,0.0028,0.2959,0.000,0.088
15.114,-0.0300,0.0028,0.2965,0.000,0.087
15.122,-0.0300,0.0028,0.2972,0.000,0.087
15.130,-0.0300,0.0028,0.2978,0.000,0.085
15.137,-0.0300,0.0028,0.2985,0.000,0.085
15.145,-0.0300,0.0028,0.2991,0.000,0.085
15.153,-0.0300,0.0028,0.2997,0.000,0.081
15.160,-0.0300,0.0028,0.3003,0.000,0.081
15.167,-0.0300,0.0028,0.3009,0.000,0.081
15.175,-0.0300,0.0028,0.3016,0.000,0.082
15.182,-0.0300,0.0028,0.3022,0.000,0.082
15.191,-0.0300,0.0028,0.3028,0.000,0.079
15.198,-0.0300,0.0028,0.3034,0.000,0.079
15.205,-0.0300,0.0028,0.3040,0.000,0.079
15.212,-0.0300,0.0028,0.3045,0.000,0.076
15.220,-0.0300,0.0028,0.3051,0.000,0.076
15.227,-0.0300,0.0028,0.3056,0.000,0.076
15.234,-0.0300,0.0028,0.3062,0.000,0.076
15.241,-0.0300,0.0028,0.3067,0.000,0.076
15.249,-0.0300,0.0028,0.3073,0.000,0.074
15.257,-0.0300,0.0028,0.3079,0.000,0.074
15.264,-0.0300,0.0028,0.3084,0.000,0.074
15.272,-0.0300,0.0028,0.3090,0.000,0.070
15.279,-0.0300,0.0028,0.3095,0.000,0.070
15.286,-0.0300,0.0028,0.3100,0.000,0.070
15.294,-0.0300,0.0028,0.3105,0.000,0.068
15.301,-0.0300,0.0028,0.3109,0.000,0.068
15.308,-0.0300,0.0028,0.3114,0.000,0.068
15.316,-0.0300,0.0028,0.3120,0.000,0.067
15.323,-0.0300,0.0028,0.3124,0.000,0.067
15.328,-0.0300,0.0028,0.3128,0.000,0.067
15.332,-0.0300,0.0028,0.3130,0.000,0.062
15.376,-0.0300,0.0028,0.3157,0.000,0.061
15.397,-0.0300,0.0028,0.3169,0.000,0.057
15.427,-0.0300,0.0028,0.3186,0.000,0.056
15.460,-0.0300,0.0028,0.3204,0.000,0.055
15.497,-0.0300,0.0028,0.3223,-0.001,0.050
15.520,-0.0300,0.0028,0.3234,0.000,0.048
15.567,-0.0300,0.0028,0.3254,0.001,0.043
15.599,-0.0300,0.0028,0.3267,0.000,0.040
15.624,-0.0300,0.0028,0.3276,0.000,0.036
15.663,-0.0300,0.0028,0.3289,0.000,0.034
15.698,-0.0300,0.0028,0.3300,0.000,0.031
15.727,-0.0300,0.0028,0.3308,0.000,0.029
15.760,-0.0300,0.0028,0.3315,0.000,0.022
15.798,-0.0300,0.0028,0.3322,0.000,0.017
15.841,-0.0300,0.0028,0.3329,0.000,0.016
15.867,-0.0300,0.0028,0.3333,0.000,0.015
15.894,-0.0300,0.0028,0.3335,0.000,0.007
15.918,-0.0300,0.0028,0.3336,0.000,0.004
15.971,-0.0300,0.0028,0.3337,0.000,0.003
15.992,-0.0300,0.0028,0.3338,0.000,0.002
16.026,-0.0300,0.0028,0.3338,0.000,0.001
16.060,-0.0300,0.0028,0.3338,0.000,0.000
16.095,-0.0300,0.0028,0.3338,0.000,0.000
16.130,-0.0300,0.0028,0.3338,0.000,0.000
16.162,-0.0300,0.0028,0.3338,0.000,0.000
16.194,-0.0300,0.0028,0.3338,0.000,0.000
16.227,-0.0300,0.0028,0.3338,0.000,-0.001
16.245,-0.0300,0.0028,0.3336,0.001,-0.008
16.277,-0.0300,0.0028,0.3331,0.001,-0.016
16.307,-0.0300,0.0028,0.3324,0.000,-0.022
16.346,-0.0300,0.0028,0.3315,0.000,-0.024
16.373,-0.0300,0.0028,0.3308,0.000,-0.028
16.412,-0.0300,0.0028,0.3296,0.000,-0.030
16.436,-0.0300,0.0028,0.3288,0.000,-0.035
16.481,-0.0300,0.0028,0.3270,0.000,-0.039
16.506,-0.0300,0.0028,0.3259,0.000,-0.042
16.537,-0.0300,0.0028,0.3246,0.000,-0.044
16.568,-0.0300,0.0028,0.3231,0.000,-0.048
16.611,-0.0300,0.0028,0.3208,0.000,-0.052
16.635,-0.0300,0.0028,0.3195,0.000,-0.055
16.671,-0.0300,0.0028,0.3173,0.000,-0.060
16.702,-0.0300,0.0028,0.3154,0.000,-0.063
16.735,-0.0300,0.0028,0.3132,0.000,-0.068
16.780,-0.0300,0.0028,0.3099,0.000,-0.073
16.800,-0.0300,0.0028,0.3084,0.000,-0.075
16.838,-0.0300,0.0028,0.3053,0.000,-0.080
16.864,-0.0300,0.0028,0.3032,0.000,-0.082
16.915,-0.0300,0.0028,0.2988,0.000,-0.086
16.930,-0.0300,0.0028,0.2975,-0.001,-0.090
16.979,-0.0300,0.0028,0.2930,-0.001,-0.091
16.999,-0.0300,0.0028,0.2912,-0.001,-0.093
17.043,-0.0300,0.0028,0.2865,0.000,-0.105
17.147,-0.0300,0.0028,0.2756,0.000,-0.105
17.155,-0.0300,0.0028,0.2748,0.000,-0.104
17.163,-0.0300,0.0028,0.2740,0.000,-0.104
17.171,-0.0300,0.0028,0.2731,0.000,-0.105
17.179,-0.0300,0.0028,0.2723,0.000,-0.105
17.187,-0.0300,0.0028,0.2714,0.000,-0.105
17.195,-0.0300,0.0028,0.2705,0.000,-0.108
17.203,-0.0300,0.0028,0.2697,0.000,-0.108
17.211,-0.0300,0.0028,0.2688,0.001,-0.114
17.219,-0.0300,0.0028,0.2679,0.001,-0.114
17.227,-0.0300,0.0028,0.2669,0.001,-0.114
17.235,-0.0300,0.0028,0.2660,0.002,-0.115
17.243,-0.0300,0.0028,0.2651,0.002,-0.115
17.254,-0.0299,0.0028,0.2639,0.003,-0.116
17.261,-0.0299,0.0028,0.2630,0.003,-0.116
17.269,-0.0299,0.0028,0.2621,0.002,-0.118
17.278,-0.0299,0.0028,0.2610,0.002,-0.118
17.286,-0.0299,0.0028,0.2601,0.002,-0.118
17.293,-0.0299,0.0028,0.2592,0.001,-0.120
17.301,-0.0299,0.0028,0.2583,0.001,-0.120
17.309,-0.0299,0.0028,0.2573,0.000,-0.121
17.318,-0.0299,0.0028,0.2562,0.000,-0.121
17.325,-0.0299,0.0028,0.2554,0.000,-0.121
17.334,-0.0299,0.0028,0.2543,0.000,-0.123
17.341,-0.0299,0.0028,0.2534,0.000,-0.123
17.349,-0.0299,0.0028,0.2524,0.000,-0.122
17.357,-0.0299,0.0028,0.2514,0.000,-0.122
17.365,-0.0299,0.0028,0.2505,0.000,-0.122
17.373,-0.0299,0.0028,0.2495,0.000,-0.121
17.381,-0.0299,0.0028,0.2486,0.000,-0.121
17.388,-0.0299,0.0028,0.2476,0.000,-0.124
17.398,-0.0299,0.0028,0.2465,0.000,-0.124
17.405,-0.0299,0.0028,0.2455,0.000,-0.124
17.418,-0.0299,0.0028,0.2440,0.000,-0.124
17.425,-0.0299,0.0028,0.2431,0.000,-0.124
17.432,-0.0299,0.0028,0.2422,0.000,-0.121
17.440,-0.0299,0.0028,0.2413,0.000,-0.121
17.448,-0.0299,0.0028,0.2404,-0.003,-0.113
17.456,-0.0299,0.0028,0.2395,-0.003,-0.113
17.463,-0.0299,0.0028,0.2386,-0.003,-0.113
17.472,-0.0300,0.0028,0.2377,-0.004,-0.111
17.479,-0.0300,0.0028,0.2369,-0.004,-0.111
17.487,-0.0300,0.0028,0.2360,-0.004,-0.111
17.495,-0.0301,0.0028,0.2352,-0.004,-0.109
17.502,-0.0301,0.0028,0.2344,-0.004,-0.109
17.510,-0.0301,0.0028,0.2336,-0.003,-0.108
17.518,-0.0301,0.0028,0.2327,-0.003,-0.108
17.525,-0.0301,0.0028,0.2319,-0.003,-0.108
17.533,-0.0302,0.0028,0.2311,-0.001,-0.111
17.540,-0.0302,0.0028,0.2303,-0.001,-0.111
17.547,-0.0302,0.0028,0.2295,-0.001,-0.111
17.554,-0.0302,0.0028,0.2287,0.000,-0.110
17.562,-0.0302,0.0028,0.2278,0.000,-0.110
17.629,-0.0300,0.0028,0.2205,0.003,-0.109
17.636,-0.0300,0.0028,0.2197,0.003,-0.109
17.644,-0.0299,0.0028,0.2188,0.003,-0.109
17.651,-0.0299,0.0028,0.2181,0.003,-0.106
17.658,-0.0299,0.0028,0.2173,0.003,-0.106
17.666,-0.0299,0.0028,0.2166,0.003,-0.106
17.673,-0.0299,0.0028,0.2158,0.002,-0.108
17.679,-0.0298,0.0028,0.2151,0.002,-0.108
17.687,-0.0298,0.0028,0.2142,0.002,-0.108
17.696,-0.0298,0.0029,0.2133,0.001,-0.105
17.704,-0.0298,0.0029,0.2125,0.001,-0.105
17.712,-0.0298,0.0029,0.2116,0.000,-0.103
17.720,-0.0298,0.0029,0.2108,0.000,-0.103
17.727,-0.0298,0.0029,0.2101,0.000,-0.103
17.736,-0.0298,0.0029,0.2091,0.000,-0.103
17.744,-0.0298,0.0029,0.2084,0.000,-0.103
17.751,-0.0298,0.0029,0.2077,-0.001,-0.098
17.760,-0.0298,0.0028,0.2068,-0.001,-0.098
17.768,-0.0298,0.0028,0.2060,-0.001,-0.098
17.776,-0.0298,0.0028,0.2053,-0.002,-0.098
17.783,-0.0299,0.0028,0.2045,-0.002,-0.098
17.791,-0.0299,0.0028,0.2038,-0.001,-0.093
17.798,-0.0299,0.0028,0.2031,-0.001,-0.093
17.805,-0.0299,0.0028,0.2024,-0.001,-0.093
17.813,-0.0299,0.0028,0.2017,-0.001,-0.088
17.820,-0.0299,0.0028,0.2011,-0.001,-0.088
17.827,-0.0299,0.0028,0.2005,-0.001,-0.088
17.835,-0.0299,0.0028,0.1999,-0.001,-0.088
17.842,-0.0299,0.0028,0.1992,-0.001,-0.088
17.850,-0.0299,0.0028,0.1985,0.000,-0.083
17.858,-0.0299,0.0028,0.1979,0.000,-0.083
17.865,-0.0299,0.0028,0.1973,0.000,-0.083
17.874,-0.0299,0.0028,0.1966,0.000,-0.083
17.882,-0.0299,0.0028,0.1959,0.000,-0.083
17.889,-0.0299,0.0028,0.1953,0.000,-0.083
17.897,-0.0299,0.0028,0.1947,0.000,-0.083
17.904,-0.0299,0.0028,0.1941,0.000,-0.083
17.913,-0.0299,0.0028,0.1934,0.001,-0.079
17.920,-0.0299,0.0028,0.1928,0.001,-0.079
17.928,-0.0299,0.0028,0.1922,0.001,-0.079
17.936,-0.0299,0.0028,0.1916,0.000,-0.078
17.943,-0.0299,0.0028,0.1910,0.000,-0.078
17.951,-0.0299,0.0028,0.1904,0.000,-0.078
17.958,-0.0299,0.0028,0.1898,0.000,-0.078
17.966,-0.0299,0.0028,0.1893,0.000,-0.078
17.973,-0.0299,0.0028,0.1887,0.001,-0.073
17.980,-0.0299,0.0028,0.1882,0.001,-0.073
17.987,-0.0299,0.0028,0.1877,0.001,-0.073
17.995,-0.0299,0.0028,0.1871,0.000,-0.071
18.003,-0.0299,0.0028,0.1866,0.000,-0.071
18.010,-0.0299,0.0028,0.1861,-0.001,-0.070
18.018,-0.0299,0.0028,0.1855,-0.001,-0.070
18.026,-0.0299,0.0028,0.1850,-0.001,-0.070
18.033,-0.0299,0.0028,0.1845,0.001,-0.069
18.040,-0.0299,0.0028,0.1840,0.001,-0.069
18.048,-0.0299,0.0028,0.1835,0.001,-0.069
18.056,-0.0299,0.0028,0.1829,0.000,-0.066
18.064,-0.0299,0.0028,0.1824,0.000,-0.066
18.072,-0.0299,0.0028,0.1819,-0.001,-0.063
18.079,-0.0299,0.0028,0.1814,-0.001,-0.063
18.087,-0.0299,0.0028,0.1809,-0.001,-0.063
18.094,-0.0299,0.0028,0.1805,0.000,-0.064
18.101,-0.0299,0.0028,0.1800,0.000,-0.064
18.109,-0.0299,0.0028,0.1795,0.000,-0.062
18.117,-0.0299,0.0028,0.1791,0.000,-0.062
18.123,-0.0299,0.0028,0.1787,0.000,-0.062
18.130,-0.0299,0.0028,0.1783,0.000,-0.059
18.137,-0.0299,0.0028,0.1779,0.000,-0.059
18.143,-0.0299,0.0028,0.1775,0.000,-0.059
18.150,-0.0299,0.0028,0.1771,0.000,-0.055
18.157,-0.0299,0.0028,0.1767,0.000,-0.055
18.163,-0.0299,0.0028,0.1764,0.000,-0.055
18.172,-0.0299,0.0028,0.1759,0.000,-0.054
18.179,-0.0299,0.0028,0.1755,0.000,-0.054
18.187,-0.0299,0.0028,0.1751,0.000,-0.054
18.196,-0.0299,0.0028,0.1746,0.000,-0.052
18.204,-0.0299,0.0028,0.1742,0.000,-0.052
18.212,-0.0299,0.0028,0.1738,0.000,-0.049
18.221,-0.0299,0.0028,0.1734,0.000,-0.049
18.230,-0.0299,0.0028,0.1730,0.000,-0.045
18.239,-0.0299,0.0028,0.1726,0.000,-0.045
18.247,-0.0299,0.0028,0.1722,0.000,-0.045
18.255,-0.0299,0.0028,0.1719,0.000,-0.043
18.263,-0.0299,0.0028,0.1715,0.000,-0.043
18.272,-0.0299,0.0028,0.1711,0.000,-0.045
18.279,-0.0299,0.0028,0.1708,0.000,-0.045
18.286,-0.0299,0.0028,0.1705,0.000,-0.045
18.293,-0.0299,0.0028,0.1702,0.000,-0.044
18.301,-0.0299,0.0028,0.1698,0.000,-0.044
18.308,-0.0299,0.0028,0.1695,0.000,-0.044
18.316,-0.0299,0.0028,0.1692,0.000,-0.042
18.323,-0.0299,0.0028,0.1689,0.000,-0.042
18.333,-0.0299,0.0028,0.1685,0.001,-0.037
18.342,-0.0299,0.0028,0.1682,0.001,-0.037
18.350,-0.0299,0.0028,0.1679,0.000,-0.035
18.359,-0.0299,0.0028,0.1676,0.000,-0.035
18.367,-0.0299,0.0028,0.1673,0.000,-0.035
18.375,-0.0299,0.0028,0.1670,0.000,-0.033
18.383,-0.0299,0.0028,0.1668,0.000,-0.033
18.391,-0.0299,0.0028,0.1665,-0.001,-0.032
18.400,-0.0299,0.0028,0.1662,-0.001,-0.032
18.408,-0.0299,0.0028,0.1660,-0.001,-0.032
18.416,-0.0299,0.0028,0.1657,0.000,-0.030
18.423,-0.0299,0.0028,0.1655,0.000,-0.030
18.430,-0.0299,0.0028,0.1653,0.000,-0.028
18.438,-0.0299,0.0028,0.1651,0.000,-0.028
18.445,-0.0299,0.0028,0.1649,0.000,-0.028
18.452,-0.0299,0.0028,0.1647,0.000,-0.026
18.459,-0.0299,0.0028,0.1645,0.000,-0.026
18.467,-0.0299,0.0028,0.1643,0.000,-0.026
18.474,-0.0299,0.0028,0.1642,0.000,-0.024
18.482,-0.0299,0.0028,0.1640,0.000,-0.024
18.492,-0.0299,0.0028,0.1638,0.000,-0.022
18.500,-0.0299,0.0028,0.1636,0.000,-0.022
18.508,-0.0299,0.0028,0.1634,0.000,-0.022
18.516,-0.0299,0.0028,0.1632,0.000,-0.021
18.523,-0.0299,0.0028,0.1631,0.000,-0.021
18.532,-0.0299,0.0028,0.1629,0.000,-0.017
18.539,-0.0299,0.0028,0.1628,0.000,-0.017
18.547,-0.0299,0.0028,0.1627,0.000,-0.017
18.555,-0.0299,0.0028,0.1626,0.000,-0.015
18.563,-0.0299,0.0028,0.1625,0.000,-0.015
18.571,-0.0299,0.0028,0.1624,0.000,-0.011
18.579,-0.0299,0.0028,0.1623,0.000,-0.011
18.586,-0.0299,0.0028,0.1622,0.000,-0.011
18.594,-0.0299,0.0028,0.1621,0.000,-0.008
18.601,-0.0299,0.0028,0.1621,0.000,-0.008
18.609,-0.0299,0.0028,0.1620,0.000,-0.007
18.618,-0.0299,0.0028,0.1620,0.000,-0.007
18.627,-0.0299,0.0028,0.1619,0.000,-0.007
18.635,-0.0299,0.0028,0.1619,0.000,-0.005
18.643,-0.0299,0.0028,0.1618,0.000,-0.005
18.646,-0.0299,0.0028,0.1618,0.000,0.000
18.751,-0.0299,0.0028,0.1618,0.000,0.000
18.759,-0.0299,0.0028,0.1618,0.000,0.000
18.767,-0.0299,0.0028,0.1618,0.000,0.000
18.775,-0.0299,0.0028,0.1618,0.000,0.000
18.783,-0.0299,0.0028,0.1618,0.000,0.000
18.791,-0.0299,0.0028,0.1618,0.000,0.000
18.798,-0.0299,0.0028,0.1618,0.000,0.000
18.806,-0.0299,0.0028,0.1618,0.000,0.000
18.815,-0.0299,0.0028,0.1618,0.000,0.000
18.822,-0.0299,0.0028,0.1618,0.000,0.000
18.831,-0.0299,0.0028,0.1624,0.000,0.072
18.840,-0.0299,0.0028,0.1631,0.000,0.072
18.847,-0.0299,0.0028,0.1636,0.000,0.072
18.856,-0.0300,0.0028,0.1647,-0.011,0.138
18.863,-0.0301,0.0028,0.1658,-0.011,0.138
18.870,-0.0302,0.0028,0.1667,-0.020,0.121
18.879,-0.0304,0.0028,0.1677,-0.020,0.121
18.886,-0.0305,0.0027,0.1681,-0.009,0.060
18.896,-0.0305,0.0027,0.1687,-0.009,0.060
18.904,-0.0306,0.0027,0.1692,-0.009,0.060
18.913,-0.0307,0.0027,0.1697,-0.008,0.057
18.920,-0.0307,0.0027,0.1701,-0.008,0.057
18.928,-0.0308,0.0027,0.1705,-0.009,0.050
18.937,-0.0309,0.0027,0.1710,-0.009,0.050
18.945,-0.0310,0.0027,0.1714,-0.009,0.050
18.953,-0.0310,0.0026,0.1715,-0.006,0.023
18.961,-0.0311,0.0026,0.1717,-0.006,0.023
18.968,-0.0311,0.0026,0.1718,-0.002,0.010
18.977,-0.0311,0.0026,0.1719,-0.002,0.010
18.984,-0.0311,0.0026,0.1720,-0.002,0.010
18.992,-0.0311,0.0026,0.1720,-0.001,0.002
19.000,-0.0311,0.0026,0.1720,-0.001,0.002
19.007,-0.0311,0.0026,0.1720,-0.001,0.002
19.015,-0.0311,0.0026,0.1720,0.000,0.000
19.022,-0.0311,0.0026,0.1720,0.000,0.000
19.030,-0.0311,0.0026,0.1720,0.000,0.000
19.039,-0.0311,0.0026,0.1720,0.000,0.000
19.047,-0.0311,0.0026,0.1720,0.000,0.000
19.056,-0.0311,0.0026,0.1720,0.000,0.000
19.063,-0.0311,0.0026,0.1720,0.000,0.000
19.071,-0.0311,0.0026,0.1720,0.000,0.000
19.079,-0.0311,0.0026,0.1720,0.000,0.000
19.087,-0.0311,0.0026,0.1720,0.000,0.000
19.094,-0.0311,0.0026,0.1720,0.000,0.000
19.102,-0.0311,0.0026,0.1720,0.000,0.000
19.109,-0.0311,0.0026,0.1720,0.000,0.000
19.116,-0.0311,0.0026,0.1720,0.000,0.000
19.123,-0.0311,0.0026,0.1720,0.000,0.000
19.130,-0.0311,0.0026,0.1720,0.000,0.000
19.136,-0.0311,0.0026,0.1720,0.000,0.000
19.143,-0.0311,0.0026,0.1720,0.000,0.000
19.144,-0.0311,0.0026,0.1720,0.000,0.000
19.146,-0.0311,0.0026,0.1720,0.000,0.000
19.179,-0.0311,0.0026,0.1720,0.000,0.000
19.212,-0.0311,0.0026,0.1720,0.000,0.000
19.242,-0.0311,0.0026,0.1720,0.000,0.000
19.277,-0.0311,0.0026,0.1720,0.000,0.000
19.311,-0.0311,0.0026,0.1720,0.000,0.000
19.344,-0.0311,0.0026,0.1720,0.000,0.000
19.378,-0.0311,0.0026,0.1720,0.000,0.000
19.409,-0.0311,0.0026,0.1718,0.000,-0.006
19.446,-0.0311,0.0026,0.1713,0.000,-0.014
19.479,-0.0311,0.0026,0.1708,0.000,-0.016
19.507,-0.0311,0.0026,0.1702,0.000,-0.020
19.544,-0.0311,0.0026,0.1694,0.001,-0.023
19.578,-0.0311,0.0026,0.1685,0.000,-0.026
19.611,-0.0311,0.0026,0.1676,0.000,-0.028
19.643,-0.0311,0.0026,0.1664,0.000,-0.035
19.679,-0.0311,0.0026,0.1651,0.000,-0.036
19.709,-0.0311,0.0026,0.1640,0.000,-0.039
19.743,-0.0311,0.0026,0.1625,-0.001,-0.042
19.779,-0.0312,0.0026,0.1609,-0.001,-0.046
19.810,-0.0312,0.0026,0.1593,0.000,-0.050
19.848,-0.0312,0.0026,0.1572,0.000,-0.056
19.863,-0.0312,0.0026,0.1563,0.000,-0.060
19.894,-0.0312,0.0026,0.1543,0.000,-0.063
19.945,-0.0312,0.0026,0.1510,0.000,-0.067
19.959,-0.0312,0.0026,0.1500,0.000,-0.066
19.995,-0.0312,0.0026,0.1475,-0.001,-0.070
20.023,-0.0312,0.0026,0.1453,-0.001,-0.078
20.061,-0.0312,0.0026,0.1424,0.000,-0.077
20.090,-0.0312,0.0026,0.1399,0.000,-0.086
20.123,-0.0312,0.0026,0.1371,0.000,-0.086
20.156,-0.0312,0.0026,0.1341,0.000,-0.090
20.196,-0.0312,0.0026,0.1303,0.000,-0.095
20.223,-0.0312,0.0026,0.1277,0.000,-0.096
20.253,-0.0312,0.0026,0.1246,0.000,-0.101
20.285,-0.0312,0.0026,0.1212,0.000,-0.109
20.389,-0.0312,0.0026,0.1098,0.000,-0.109
20.402,-0.0312,0.0026,0.1084,0.000,-0.109
20.409,-0.0312,0.0026,0.1076,0.000,-0.109
20.418,-0.0312,0.0026,0.1066,0.000,-0.109
20.426,-0.0312,0.0026,0.1058,0.000,-0.109
20.435,-0.0312,0.0026,0.1048,0.000,-0.109
20.443,-0.0312,0.0026,0.1040,0.000,-0.109
20.451,-0.0312,0.0026,0.1031,0.000,-0.113
20.459,-0.0312,0.0026,0.1021,0.000,-0.113
20.466,-0.0312,0.0026,0.1013,0.000,-0.113
20.475,-0.0312,0.0026,0.1003,0.000,-0.116
20.483,-0.0312,0.0026,0.0994,0.000,-0.116
20.492,-0.0312,0.0026,0.0983,0.000,-0.122
20.499,-0.0312,0.0026,0.0974,0.000,-0.122
20.507,-0.0312,0.0026,0.0965,0.000,-0.122
20.516,-0.0312,0.0026,0.0954,0.000,-0.125
20.523,-0.0312,0.0026,0.0944,0.000,-0.125
20.531,-0.0312,0.0026,0.0934,0.000,-0.129
20.538,-0.0312,0.0026,0.0925,0.000,-0.129
20.546,-0.0312,0.0026,0.0915,0.000,-0.129
20.553,-0.0312,0.0026,0.0905,0.000,-0.132
20.563,-0.0312,0.0026,0.0892,0.000,-0.132
20.571,-0.0312,0.0026,0.0881,0.000,-0.136
20.579,-0.0312,0.0026,0.0870,0.000,-0.136
20.587,-0.0312,0.0026,0.0860,0.000,-0.136
20.594,-0.0312,0.0026,0.0850,0.000,-0.137
20.601,-0.0312,0.0026,0.0840,0.000,-0.137
20.609,-0.0312,0.0026,0.0829,0.000,-0.140
20.617,-0.0312,0.0026,0.0818,0.000,-0.140
20.624,-0.0312,0.0026,0.0808,0.000,-0.140
20.632,-0.0312,0.0026,0.0798,0.000,-0.140
20.640,-0.0312,0.0026,0.0787,0.000,-0.140
20.647,-0.0312,0.0026,0.0776,0.000,-0.140
20.654,-0.0312,0.0026,0.0766,0.000,-0.139
20.662,-0.0312,0.0026,0.0755,0.000,-0.139
20.670,-0.0312,0.0026,0.0744,0.000,-0.137
20.678,-0.0312,0.0026,0.0733,0.000,-0.137
20.687,-0.0312,0.0026,0.0721,0.000,-0.137
20.695,-0.0312,0.0026,0.0710,0.000,-0.134
20.702,-0.0312,0.0026,0.0700,0.000,-0.134
20.710,-0.0312,0.0026,0.0690,0.000,-0.133
20.720,-0.0312,0.0026,0.0677,0.000,-0.133
20.728,-0.0312,0.0026,0.0667,0.000,-0.133
20.735,-0.0312,0.0026,0.0657,0.000,-0.129
20.742,-0.0312,0.0026,0.0648,0.000,-0.129
20.750,-0.0312,0.0026,0.0638,0.000,-0.127
20.759,-0.0312,0.0026,0.0627,0.000,-0.127
20.766,-0.0312,0.0026,0.0618,0.000,-0.127
20.775,-0.0312,0.0026,0.0607,0.000,-0.125
20.782,-0.0312,0.0026,0.0598,0.000,-0.125
20.789,-0.0312,0.0026,0.0589,0.000,-0.123
20.798,-0.0312,0.0026,0.0579,0.000,-0.123
20.805,-0.0312,0.0026,0.0569,0.000,-0.123
20.813,-0.0312,0.0026,0.0560,0.000,-0.120
20.821,-0.0312,0.0026,0.0551,0.000,-0.120
20.829,-0.0312,0.0026,0.0541,0.000,-0.118
20.836,-0.0312,0.0026,0.0532,0.000,-0.118
20.844,-0.0312,0.0026,0.0524,0.000,-0.118
20.851,-0.0312,0.0026,0.0515,0.000,-0.116
20.859,-0.0312,0.0026,0.0506,0.000,-0.116
20.866,-0.0312,0.0026,0.0498,0.000,-0.116
20.874,-0.0312,0.0026,0.0489,0.000,-0.114
20.881,-0.0312,0.0026,0.0480,0.000,-0.114
20.889,-0.0312,0.0026,0.0472,0.000,-0.113
20.897,-0.0312,0.0026,0.0463,0.000,-0.113
20.904,-0.0312,0.0026,0.0455,0.000,-0.113
20.911,-0.0312,0.0026,0.0446,0.000,-0.111
20.919,-0.0312,0.0026,0.0438,0.000,-0.111
20.926,-0.0312,0.0026,0.0430,0.000,-0.111
20.934,-0.0312,0.0026,0.0421,0.000,-0.109
20.942,-0.0312,0.0026,0.0413,0.000,-0.109
20.950,-0.0312,0.0026,0.0404,0.000,-0.107
20.958,-0.0312,0.0026,0.0396,0.000,-0.107
20.965,-0.0312,0.0026,0.0388,0.000,-0.107
20.973,-0.0312,0.0026,0.0379,0.000,-0.106
20.981,-0.0312,0.0026,0.0371,0.000,-0.106
20.989,-0.0312,0.0026,0.0363,0.000,-0.102
20.997,-0.0312,0.0026,0.0355,0.000,-0.102
21.004,-0.0312,0.0026,0.0347,0.000,-0.102
21.012,-0.0312,0.0026,0.0340,0.000,-0.101
21.020,-0.0312,0.0026,0.0332,0.000,-0.101
21.027,-0.0312,0.0026,0.0324,0.000,-0.101
21.036,-0.0312,0.0026,0.0316,0.000,-0.098
21.043,-0.0312,0.0026,0.0309,0.000,-0.098
21.051,-0.0312,0.0026,0.0301,0.000,-0.096
21.058,-0.0312,0.0026,0.0294,0.000,-0.096
21.066,-0.0312,0.0026,0.0287,0.000,-0.096
21.073,-0.0312,0.0026,0.0280,0.000,-0.094
21.081,-0.0312,0.0026,0.0273,0.000,-0.094
21.088,-0.0312,0.0026,0.0266,0.000,-0.092
21.097,-0.0312,0.0026,0.0258,0.000,-0.092
21.104,-0.0312,0.0026,0.0251,0.000,-0.092
21.111,-0.0312,0.0026,0.0245,0.000,-0.090
21.119,-0.0312,0.0026,0.0238,0.000,-0.090
21.127,-0.0312,0.0026,0.0231,0.000,-0.090
21.134,-0.0312,0.0026,0.0225,0.000,-0.089
21.142,-0.0312,0.0026,0.0217,0.000,-0.089
21.150,-0.0312,0.0026,0.0211,0.000,-0.086
21.158,-0.0312,0.0026,0.0204,0.000,-0.086
21.166,-0.0312,0.0026,0.0197,0.000,-0.086
21.173,-0.0312,0.0026,0.0191,0.000,-0.084
21.181,-0.0312,0.0026,0.0185,0.000,-0.084
21.190,-0.0312,0.0026,0.0177,0.000,-0.083
21.199,-0.0312,0.0026,0.0169,0.000,-0.083
21.207,-0.0312,0.0026,0.0163,0.000,-0.083
21.215,-0.0312,0.0026,0.0157,0.000,-0.078
21.222,-0.0312,0.0026,0.0151,0.000,-0.078
21.230,-0.0312,0.0026,0.0145,0.001,-0.078
21.237,-0.0312,0.0026,0.0139,0.001,-0.078
21.245,-0.0312,0.0026,0.0133,0.001,-0.078
21.252,-0.0312,0.0026,0.0127,0.000,-0.075
21.260,-0.0312,0.0026,0.0122,0.000,-0.075
21.268,-0.0312,0.0026,0.0116,0.000,-0.075
21.276,-0.0312,0.0026,0.0110,0.000,-0.073
21.284,-0.0312,0.0026,0.0104,0.000,-0.073
21.292,-0.0312,0.0026,0.0098,0.000,-0.070
21.300,-0.0312,0.0026,0.0093,0.000,-0.070
21.308,-0.0312,0.0026,0.0087,0.000,-0.070
21.315,-0.0312,0.0026,0.0082,0.000,-0.070
21.322,-0.0312,0.0026,0.0077,0.000,-0.070
21.329,-0.0312,0.0026,0.0072,-0.001,-0.070
21.336,-0.0312,0.0026,0.0067,-0.001,-0.070
21.345,-0.0312,0.0026,0.0061,-0.001,-0.070
21.353,-0.0312,0.0026,0.0056,0.000,-0.065
21.360,-0.0312,0.0026,0.0052,0.000,-0.065
21.366,-0.0312,0.0026,0.0048,0.000,-0.065
21.372,-0.0312,0.0026,0.0044,0.001,-0.063
21.378,-0.0312,0.0026,0.0040,0.001,-0.063
21.385,-0.0312,0.0026,0.0036,0.001,-0.063
21.391,-0.0312,0.0026,0.0032,0.000,-0.063
21.397,-0.0312,0.0026,0.0028,0.000,-0.063
21.403,-0.0312,0.0026,0.0024,0.000,-0.063
21.410,-0.0312,0.0026,0.0020,0.000,-0.060
21.417,-0.0312,0.0026,0.0016,0.000,-0.060
21.424,-0.0312,0.0026,0.0012,0.000,-0.060
21.432,-0.0312,0.0026,0.0007,0.000,-0.057
21.439,-0.0312,0.0026,0.0003,0.000,-0.057
21.447,-0.0312,0.0026,-0.0001,0.000,-0.057
21.455,-0.0312,0.0026,-0.0006,0.000,-0.055
21.463,-0.0312,0.0026,-0.0010,0.000,-0.055
21.470,-0.0312,0.0026,-0.0014,0.000,-0.056
21.479,-0.0312,0.0026,-0.0019,0.000,-0.056
21.489,-0.0312,0.0026,-0.0024,0.000,-0.054
21.497,-0.0312,0.0026,-0.0029,0.000,-0.054
21.505,-0.0312,0.0026,-0.0033,0.000,-0.054
21.514,-0.0312,0.0026,-0.0038,0.000,-0.050
21.521,-0.0312,0.0026,-0.0041,0.000,-0.050
21.529,-0.0312,0.0026,-0.0045,0.000,-0.050
21.531,-0.0312,0.0026,-0.0046,-0.001,-0.043
21.635,-0.0312,0.0026,-0.0085,0.000,-0.038
21.642,-0.0312,0.0026,-0.0088,0.000,-0.038
21.649,-0.0312,0.0026,-0.0091,0.001,-0.042
21.658,-0.0312,0.0026,-0.0095,0.001,-0.042
21.666,-0.0312,0.0026,-0.0098,0.001,-0.042
21.675,-0.0312,0.0026,-0.0102,0.001,-0.042
21.683,-0.0312,0.0026,-0.0105,0.001,-0.042
21.690,-0.0312,0.0026,-0.0108,0.001,-0.040
21.700,-0.0311,0.0026,-0.0112,0.001,-0.040
21.708,-0.0311,0.0026,-0.0115,0.001,-0.040
21.716,-0.0311,0.0026,-0.0118,0.000,-0.036
21.723,-0.0311,0.0026,-0.0121,0.000,-0.036
21.729,-0.0311,0.0026,-0.0123,-0.001,-0.033
21.737,-0.0311,0.0026,-0.0125,-0.001,-0.033
21.744,-0.0312,0.0026,-0.0128,-0.001,-0.033
21.752,-0.0312,0.0026,-0.0130,0.000,-0.028
21.759,-0.0312,0.0026,-0.0132,0.000,-0.028
21.767,-0.0312,0.0026,-0.0134,0.000,-0.028
21.775,-0.0312,0.0026,-0.0136,0.000,-0.023
21.783,-0.0312,0.0026,-0.0138,0.000,-0.023
21.790,-0.0312,0.0026,-0.0139,0.000,-0.022
21.798,-0.0312,0.0026,-0.0141,0.000,-0.022
21.806,-0.0312,0.0026,-0.0143,0.000,-0.022
21.814,-0.0311,0.0026,-0.0145,0.001,-0.020
21.823,-0.0311,0.0026,-0.0146,0.001,-0.020
21.831,-0.0311,0.0026,-0.0148,0.000,-0.018
21.839,-0.0311,0.0026,-0.0149,0.000,-0.018
21.847,-0.0311,0.0026,-0.0151,0.000,-0.018
21.855,-0.0311,0.0026,-0.0152,0.000,-0.016
21.862,-0.0311,0.0026,-0.0153,0.000,-0.016
21.868,-0.0311,0.0026,-0.0154,0.000,-0.016
21.875,-0.0311,0.0026,-0.0155,0.000,-0.012
21.882,-0.0311,0.0026,-0.0156,0.000,-0.012
21.889,-0.0311,0.0026,-0.0157,0.000,-0.012
21.896,-0.0311,0.0026,-0.0157,0.001,-0.012
21.903,-0.0311,0.0026,-0.0158,0.001,-0.012
21.909,-0.0311,0.0026,-0.0159,0.001,-0.012
21.917,-0.0311,0.0026,-0.0160,0.001,-0.012
21.923,-0.0311,0.0026,-0.0161,0.001,-0.012
21.930,-0.0311,0.0026,-0.0161,0.000,-0.008
21.938,-0.0311,0.0026,-0.0162,0.000,-0.008
21.945,-0.0311,0.0026,-0.0162,0.000,-0.008
21.952,-0.0311,0.0026,-0.0163,0.000,-0.004
21.960,-0.0311,0.0026,-0.0163,0.000,-0.004
21.967,-0.0311,0.0026,-0.0163,0.000,-0.004
21.975,-0.0311,0.0026,-0.0163,0.000,-0.002
21.983,-0.0311,0.0026,-0.0164,0.000,-0.002
21.990,-0.0311,0.0026,-0.0164,0.000,0.000
21.999,-0.0311,0.0026,-0.0164,0.000,0.000
22.006,-0.0311,0.0026,-0.0164,0.000,0.000
22.014,-0.0311,0.0026,-0.0164,0.000,0.000
22.018,-0.0311,0.0026,-0.0164,0.000,0.000
22.021,-0.0311,0.0026,-0.0163,0.003,0.012
22.048,-0.0316,0.0026,-0.0135,-0.018,0.103
22.078,-0.0317,0.0026,-0.0123,-0.004,0.040
22.124,-0.0319,0.0026,-0.0106,-0.005,0.037
22.143,-0.0320,0.0026,-0.0104,-0.003,0.010
22.180,-0.0320,0.0026,-0.0104,0.000,0.001
22.229,-0.0320,0.0026,-0.0102,0.000,0.003
22.240,-0.0320,0.0026,-0.0102,0.000,0.007
22.271,-0.0320,0.0026,-0.0096,0.000,0.017
22.374,-0.0319,0.0026,-0.0078,0.001,0.018
22.382,-0.0319,0.0026,-0.0077,0.001,0.018
22.389,-0.0319,0.0026,-0.0075,0.001,0.018
22.397,-0.0319,0.0026,-0.0074,0.000,0.019
22.405,-0.0319,0.0026,-0.0072,0.000,0.019
22.413,-0.0319,0.0026,-0.0071,0.000,0.018
22.421,-0.0319,0.0026,-0.0069,0.000,0.018
22.428,-0.0319,0.0026,-0.0068,0.000,0.018
22.437,-0.0319,0.0026,-0.0066,0.000,0.022
22.444,-0.0319,0.0026,-0.0064,0.000,0.022
22.453,-0.0319,0.0026,-0.0062,0.000,0.028
22.461,-0.0319,0.0026,-0.0060,0.000,0.028
22.469,-0.0319,0.0026,-0.0057,0.000,0.034
22.478,-0.0319,0.0026,-0.0054,0.000,0.034
22.486,-0.0319,0.0026,-0.0051,0.000,0.034
22.495,-0.0319,0.0026,-0.0048,0.000,0.037
22.503,-0.0319,0.0026,-0.0045,0.000,0.037
22.511,-0.0319,0.0026,-0.0042,0.000,0.039
22.519,-0.0319,0.0026,-0.0039,0.000,0.039
22.526,-0.0319,0.0026,-0.0036,0.000,0.039
22.533,-0.0319,0.0026,-0.0033,0.000,0.041
22.541,-0.0319,0.0026,-0.0030,0.000,0.041
22.550,-0.0319,0.0026,-0.0026,0.000,0.043
22.559,-0.0319,0.0026,-0.0022,0.000,0.043
22.567,-0.0319,0.0026,-0.0019,0.000,0.043
22.575,-0.0319,0.0026,-0.0015,0.000,0.045
22.583,-0.0319,0.0026,-0.0012,0.000,0.045
22.590,-0.0319,0.0026,-0.0008,0.000,0.048
22.599,-0.0319,0.0026,-0.0004,0.000,0.048
22.606,-0.0319,0.0026,-0.0000,0.000,0.048
22.617,-0.0319,0.0026,0.0005,0.000,0.048
22.625,-0.0319,0.0026,0.0009,0.000,0.048
22.632,-0.0319,0.0026,0.0012,0.000,0.047
22.640,-0.0319,0.0026,0.0016,0.000,0.047
22.647,-0.0319,0.0026,0.0019,0.000,0.047
22.655,-0.0319,0.0026,0.0023,0.000,0.045
22.663,-0.0319,0.0026,0.0026,0.000,0.045
22.671,-0.0319,0.0026,0.0030,0.000,0.042
22.680,-0.0319,0.0026,0.0034,0.000,0.042
22.688,-0.0319,0.0026,0.0037,0.000,0.042
22.696,-0.0319,0.0026,0.0040,0.000,0.042
22.703,-0.0319,0.0026,0.0043,0.000,0.042
22.711,-0.0319,0.0026,0.0046,0.000,0.040
22.719,-0.0319,0.0026,0.0050,0.000,0.040
22.727,-0.0319,0.0026,0.0053,0.000,0.040
22.734,-0.0319,0.0026,0.0055,0.000,0.037
22.742,-0.0319,0.0026,0.0058,0.000,0.037
22.749,-0.0319,0.0026,0.0061,0.000,0.035
22.757,-0.0319,0.0026,0.0064,0.000,0.035
22.765,-0.0319,0.0026,0.0066,0.000,0.035
22.773,-0.0319,0.0026,0.0069,0.000,0.033
22.781,-0.0319,0.0026,0.0071,0.000,0.033
22.788,-0.0319,0.0026,0.0074,0.000,0.033
22.796,-0.0319,0.0026,0.0076,0.000,0.030
22.803,-0.0319,0.0026,0.0078,0.000,0.030
22.811,-0.0319,0.0026,0.0081,0.000,0.028
22.819,-0.0319,0.0026,0.0083,0.000,0.028
22.827,-0.0319,0.0026,0.0085,0.000,0.028
22.834,-0.0319,0.0026,0.0087,0.000,0.027
22.842,-0.0319,0.0026,0.0089,0.000,0.027
22.849,-0.0319,0.0026,0.0091,-0.001,0.025
22.857,-0.0319,0.0026,0.0093,-0.001,0.025
22.864,-0.0319,0.0026,0.0095,-0.001,0.025
22.871,-0.0319,0.0026,0.0096,0.000,0.023
22.879,-0.0319,0.0026,0.0098,0.000,0.023
22.887,-0.0319,0.0026,0.0100,0.000,0.023
22.895,-0.0319,0.0026,0.0101,0.000,0.020
22.902,-0.0319,0.0026,0.0103,0.000,0.020
22.909,-0.0319,0.0026,0.0104,0.000,0.019
22.918,-0.0319,0.0026,0.0106,0.000,0.019
22.926,-0.0319,0.0026,0.0107,0.000,0.019
22.935,-0.0319,0.0026,0.0109,0.000,0.017
22.942,-0.0319,0.0026,0.0110,0.000,0.017
22.951,-0.0319,0.0026,0.0111,0.000,0.014
22.959,-0.0319,0.0026,0.0113,0.000,0.014
22.967,-0.0319,0.0026,0.0114,0.000,0.014
22.975,-0.0319,0.0026,0.0115,0.000,0.013
22.982,-0.0319,0.0026,0.0116,0.000,0.013
22.989,-0.0319,0.0026,0.0116,0.000,0.011
22.998,-0.0319,0.0026,0.0117,0.000,0.011
23.006,-0.0319,0.0026,0.0118,0.000,0.011
23.013,-0.0319,0.0026,0.0119,0.000,0.007
23.021,-0.0319,0.0026,0.0119,0.000,0.007
23.028,-0.0319,0.0026,0.0120,0.000,0.007
23.037,-0.0319,0.0026,0.0120,0.000,0.007
23.044,-0.0319,0.0026,0.0121,0.000,0.007
23.052,-0.0319,0.0026,0.0121,0.001,0.007
23.060,-0.0319,0.0026,0.0122,0.001,0.007
23.067,-0.0319,0.0026,0.0123,0.001,0.007
23.075,-0.0319,0.0026,0.0123,0.000,0.005
23.083,-0.0319,0.0026,0.0123,0.000,0.005
23.091,-0.0319,0.0026,0.0124,0.000,0.002
23.098,-0.0319,0.0026,0.0124,0.000,0.002
23.106,-0.0319,0.0026,0.0124,0.000,0.002
23.113,-0.0319,0.0026,0.0124,0.000,0.001
23.120,-0.0319,0.0026,0.0124,0.000,0.001
23.128,-0.0319,0.0026,0.0124,0.000,0.001
23.136,-0.0319,0.0026,0.0124,0.000,0.000
23.143,-0.0319,0.0026,0.0124,0.000,0.000
23.150,-0.0319,0.0026,0.0124,0.000,0.000
23.158,-0.0319,0.0026,0.0124,0.000,0.000
23.166,-0.0319,0.0026,0.0124,0.000,0.000
23.173,-0.0319,0.0026,0.0124,0.000,0.000
23.182,-0.0319,0.0026,0.0124,0.000,0.000
23.191,-0.0319,0.0026,0.0124,0.000,0.000
23.200,-0.0319,0.0026,0.0124,0.000,0.000
23.208,-0.0319,0.0026,0.0124,0.000,0.000
23.215,-0.0319,0.0026,0.0124,0.000,0.000
23.223,-0.0319,0.0026,0.0124,0.000,0.000
23.231,-0.0319,0.0026,0.0124,0.000,0.000
23.238,-0.0319,0.0026,0.0124,0.000,0.000
23.247,-0.0319,0.0026,0.0124,0.000,0.000
23.255,-0.0319,0.0026,0.0124,0.000,0.000
23.263,-0.0319,0.0026,0.0124,0.000,0.000
23.270,-0.0319,0.0026,0.0124,0.000,0.000
23.278,-0.0319,0.0026,0.0124,0.000,0.000
23.286,-0.0319,0.0026,0.0124,0.000,0.000
23.293,-0.0319,0.0026,0.0124,0.000,0.000
23.299,-0.0319,0.0026,0.0124,0.000,0.000
23.305,-0.0319,0.0026,0.0124,0.000,0.000
23.312,-0.0319,0.0026,0.0124,0.000,0.000
23.319,-0.0319,0.0026,0.0124,0.000,0.000
23.328,-0.0319,0.0026,0.0124,0.000,0.000
23.336,-0.0319,0.0026,0.0124,0.000,0.000
23.343,-0.0319,0.0026,0.0124,0.000,0.000
23.350,-0.0319,0.0026,0.0124,0.000,0.000
23.357,-0.0319,0.0026,0.0124,0.000,0.000
23.364,-0.0319,0.0026,0.0124,0.000,0.000
23.371,-0.0319,0.0026,0.0124,0.000,0.000
23.379,-0.0319,0.0026,0.0124,0.000,0.000
23.387,-0.0319,0.0026,0.0124,0.000,0.000
23.394,-0.0319,0.0026,0.0124,0.000,0.000
23.401,-0.0319,0.0026,0.0124,0.000,0.000
23.409,-0.0319,0.0026,0.0124,0.000,0.000
23.417,-0.0319,0.0026,0.0124,0.000,0.000
23.425,-0.0319,0.0026,0.0124,0.000,0.000
23.432,-0.0319,0.0026,0.0124,0.000,0.000
23.442,-0.0319,0.0026,0.0124,0.000,0.000
23.449,-0.0319,0.0026,0.0124,0.000,0.000
23.458,-0.0319,0.0026,0.0124,0.000,0.000
23.467,-0.0319,0.0026,0.0124,0.000,0.000
23.477,-0.0319,0.0026,0.0124,0.000,0.000
23.486,-0.0319,0.0026,0.0124,0.000,0.000
23.494,-0.0319,0.0026,0.0124,0.000,0.000
23.502,-0.0319,0.0026,0.0124,0.000,0.000
23.509,-0.0319,0.0026,0.0124,0.000,0.000
23.517,-0.0319,0.0026,0.0124,0.000,0.000
23.525,-0.0319,0.0026,0.0124,0.000,0.000
23.532,-0.0319,0.0026,0.0124,0.000,0.000
23.539,-0.0319,0.0026,0.0124,0.000,0.000
23.547,-0.0319,0.0026,0.0124,0.000,0.000
23.554,-0.0319,0.0026,0.0124,0.000,0.000
23.564,-0.0319,0.0026,0.0124,0.000,0.000
23.571,-0.0319,0.0026,0.0124,0.000,0.000
23.579,-0.0319,0.0026,0.0124,0.000,0.000
23.586,-0.0319,0.0026,0.0124,0.000,0.000
23.594,-0.0319,0.0026,0.0124,0.000,0.000
23.601,-0.0319,0.0026,0.0124,0.000,0.000
23.609,-0.0319,0.0026,0.0124,0.000,0.000
23.611,-0.0319,0.0026,0.0124,0.000,0.000
23.614,-0.0319,0.0026,0.0124,0.000,0.000
23.719,-0.0319,0.0026,0.0124,0.000,0.000
23.727,-0.0319,0.0026,0.0124,0.000,0.000
23.734,-0.0319,0.0026,0.0124,0.000,0.000
23.742,-0.0319,0.0026,0.0124,0.000,0.000
23.751,-0.0319,0.0026,0.0124,0.000,0.000
23.760,-0.0319,0.0026,0.0124,0.000,0.000
23.768,-0.0319,0.0026,0.0124,0.000,0.000
23.777,-0.0319,0.0026,0.0124,0.000,0.000
23.786,-0.0319,0.0026,0.0124,0.000,0.000
23.794,-0.0319,0.0026,0.0124,0.000,0.000
23.804,-0.0319,0.0026,0.0124,0.000,0.000
23.811,-0.0319,0.0026,0.0124,0.000,0.000
23.820,-0.0319,0.0026,0.0124,0.000,0.000
23.827,-0.0319,0.0026,0.0124,0.000,0.000
23.835,-0.0319,0.0026,0.0124,0.000,-0.003
23.843,-0.0319,0.0026,0.0124,0.000,-0.003
23.850,-0.0319,0.0026,0.0123,0.000,-0.007
23.859,-0.0319,0.0026,0.0122,0.000,-0.007
23.866,-0.0319,0.0026,0.0122,0.000,-0.007
23.875,-0.0319,0.0026,0.0121,0.000,-0.015
23.883,-0.0319,0.0026,0.0119,0.000,-0.015
23.891,-0.0319,0.0026,0.0118,0.000,-0.017
23.899,-0.0319,0.0026,0.0117,0.000,-0.017
23.906,-0.0319,0.0026,0.0115,0.000,-0.017
23.913,-0.0319,0.0026,0.0114,0.000,-0.020
23.922,-0.0319,0.0026,0.0112,0.000,-0.020
23.929,-0.0319,0.0026,0.0111,0.000,-0.021
23.938,-0.0319,0.0026,0.0109,0.000,-0.021
23.946,-0.0319,0.0026,0.0107,0.000,-0.021
23.953,-0.0319,0.0026,0.0106,0.000,-0.022
23.962,-0.0319,0.0026,0.0104,0.000,-0.022
23.970,-0.0319,0.0026,0.0102,-0.001,-0.023
23.979,-0.0319,0.0026,0.0100,-0.001,-0.023
23.986,-0.0319,0.0026,0.0098,-0.001,-0.023
23.994,-0.0319,0.0026,0.0096,0.000,-0.022
24.002,-0.0319,0.0026,0.0095,0.000,-0.022
24.009,-0.0319,0.0026,0.0093,0.000,-0.024
24.019,-0.0319,0.0026,0.0091,0.000,-0.024
24.027,-0.0319,0.0026,0.0089,0.000,-0.024
24.034,-0.0319,0.0026,0.0087,0.000,-0.022
24.042,-0.0319,0.0026,0.0085,0.000,-0.022
24.050,-0.0319,0.0026,0.0084,0.000,-0.020
24.059,-0.0319,0.0026,0.0082,0.000,-0.020
24.067,-0.0319,0.0026,0.0080,0.000,-0.020
24.075,-0.0319,0.0026,0.0079,0.000,-0.016
24.083,-0.0319,0.0026,0.0078,0.000,-0.016
24.090,-0.0319,0.0026,0.0077,0.000,-0.016
24.099,-0.0319,0.0026,0.0075,0.000,-0.016
24.107,-0.0319,0.0026,0.0074,0.000,-0.016
24.110,-0.0319,0.0026,0.0073,0.000,-0.016
24.114,-0.0319,0.0026,0.0073,0.000,-0.012
24.148,-0.0319,0.0026,0.0070,0.000,-0.010
24.180,-0.0319,0.0026,0.0067,0.000,-0.008
24.210,-0.0319,0.0026,0.0065,0.000,-0.007
24.245,-0.0319,0.0026,0.0063,0.000,-0.005
24.281,-0.0319,0.0026,0.0061,0.000,-0.005
24.297,-0.0319,0.0026,0.0061,0.000,0.000
24.343,-0.0319,0.0026,0.0061,0.000,0.000
24.359,-0.0319,0.0026,0.0061,0.000,0.000
24.398,-0.0319,0.0026,0.0061,0.000,0.000
24.427,-0.0319,0.0026,0.0061,0.000,0.000
24.460,-0.0319,0.0026,0.0062,0.000,0.002
24.491,-0.0319,0.0026,0.0067,0.001,0.015
24.532,-0.0319,0.0026,0.0075,0.000,0.020
24.561,-0.0319,0.0026,0.0081,0.000,0.021
24.595,-0.0319,0.0026,0.0091,0.000,0.029
24.645,-0.0319,0.0026,0.0107,0.000,0.033
24.660,-0.0319,0.0026,0.0113,0.000,0.034
24.701,-0.0319,0.0026,0.0128,0.000,0.037
24.721,-0.0319,0.0026,0.0135,0.000,0.037
24.756,-0.0319,0.0026,0.0151,0.000,0.045
24.794,-0.0319,0.0026,0.0169,0.000,0.049
24.820,-0.0319,0.0026,0.0183,-0.001,0.055
24.923,-0.0320,0.0026,0.0240,-0.001,0.055
24.931,-0.0320,0.0026,0.0245,0.000,0.055
24.939,-0.0320,0.0026,0.0249,0.000,0.055
24.947,-0.0320,0.0026,0.0253,0.000,0.055
24.954,-0.0320,0.0026,0.0258,0.000,0.056
24.962,-0.0320,0.0026,0.0262,0.000,0.056
24.970,-0.0320,0.0026,0.0267,-0.001,0.058
24.980,-0.0320,0.0026,0.0272,-0.001,0.058
24.988,-0.0320,0.0026,0.0277,-0.001,0.058
24.995,-0.0320,0.0026,0.0282,0.000,0.064
25.003,-0.0320,0.0026,0.0287,0.000,0.064
25.012,-0.0320,0.0026,0.0293,0.000,0.068
25.021,-0.0320,0.0026,0.0299,0.000,0.068
25.028,-0.0320,0.0026,0.0304,0.000,0.068
25.036,-0.0320,0.0026,0.0310,0.000,0.070
25.045,-0.0320,0.0026,0.0315,0.000,0.070
25.052,-0.0320,0.0026,0.0321,0.000,0.073
25.060,-0.0320,0.0026,0.0326,0.000,0.073
25.066,-0.0320,0.0026,0.0331,0.000,0.073
25.072,-0.0320,0.0026,0.0336,0.000,0.075
25.080,-0.0320,0.0026,0.0341,0.000,0.075
25.087,-0.0320,0.0026,0.0347,0.000,0.075
25.095,-0.0320,0.0026,0.0352,0.000,0.077
25.102,-0.0320,0.0026,0.0358,0.000,0.077
25.109,-0.0320,0.0026,0.0364,0.000,0.079
25.117,-0.0320,0.0026,0.0370,0.000,0.079
25.125,-0.0320,0.0026,0.0376,0.000,0.079
25.132,-0.0320,0.0026,0.0382,0.000,0.081
25.140,-0.0320,0.0026,0.0388,0.000,0.081
25.147,-0.0320,0.0026,0.0395,0.000,0.081
25.155,-0.0320,0.0026,0.0401,0.000,0.081
25.166,-0.0320,0.0026,0.0410,0.000,0.081
25.174,-0.0320,0.0026,0.0416,0.001,0.079
25.181,-0.0320,0.0026,0.0422,0.001,0.079
25.189,-0.0320,0.0026,0.0428,0.001,0.079
25.197,-0.0320,0.0026,0.0434,0.003,0.076
25.204,-0.0320,0.0026,0.0439,0.003,0.076
25.212,-0.0319,0.0026,0.0445,0.003,0.074
25.219,-0.0319,0.0026,0.0450,0.003,0.074
25.226,-0.0319,0.0026,0.0456,0.003,0.074
25.233,-0.0319,0.0026,0.0461,0.002,0.072
25.241,-0.0319,0.0026,0.0466,0.002,0.072
25.248,-0.0318,0.0026,0.0471,0.002,0.072
25.256,-0.0318,0.0026,0.0477,0.001,0.072
25.266,-0.0318,0.0026,0.0484,0.001,0.072
25.273,-0.0318,0.0026,0.0490,0.000,0.071
25.281,-0.0318,0.0026,0.0495,0.000,0.071
25.288,-0.0318,0.0026,0.0500,0.000,0.071
25.296,-0.0318,0.0026,0.0505,0.000,0.070
25.303,-0.0318,0.0026,0.0510,0.000,0.070
25.310,-0.0318,0.0026,0.0515,-0.002,0.067
25.318,-0.0319,0.0026,0.0521,-0.002,0.067
25.327,-0.0319,0.0026,0.0527,-0.002,0.067
25.335,-0.0319,0.0026,0.0532,-0.002,0.063
25.343,-0.0319,0.0026,0.0536,-0.002,0.063
25.350,-0.0319,0.0026,0.0541,-0.003,0.058
25.359,-0.0320,0.0026,0.0546,-0.003,0.058
25.367,-0.0320,0.0026,0.0551,-0.003,0.058
25.375,-0.0320,0.0026,0.0555,-0.003,0.057
25.383,-0.0320,0.0026,0.0560,-0.003,0.057
25.391,-0.0320,0.0026,0.0564,-0.001,0.055
25.399,-0.0320,0.0026,0.0568,-0.001,0.055
25.407,-0.0321,0.0026,0.0573,-0.001,0.055
25.414,-0.0321,0.0026,0.0576,-0.001,0.054
25.421,-0.0321,0.0026,0.0581,-0.001,0.054
25.429,-0.0321,0.0026,0.0585,-0.001,0.054
25.436,-0.0321,0.0026,0.0588,0.000,0.054
25.443,-0.0321,0.0026,0.0592,0.000,0.054
25.451,-0.0321,0.0026,0.0597,0.000,0.054
25.459,-0.0321,0.0026,0.0601,0.000,0.054
25.467,-0.0321,0.0026,0.0605,0.000,0.054
25.474,-0.0321,0.0026,0.0609,0.000,0.054
25.482,-0.0321,0.0026,0.0613,0.000,0.054
25.490,-0.0321,0.0026,0.0618,0.001,0.053
25.499,-0.0321,0.0026,0.0622,0.001,0.053
25.507,-0.0320,0.0026,0.0627,0.001,0.053
25.515,-0.0320,0.0026,0.0631,0.001,0.053
25.523,-0.0320,0.0026,0.0635,0.001,0.053
25.531,-0.0320,0.0026,0.0639,0.001,0.053
25.539,-0.0320,0.0026,0.0643,0.001,0.053
25.547,-0.0320,0.0026,0.0647,0.001,0.053
25.554,-0.0320,0.0026,0.0651,0.001,0.049
25.563,-0.0320,0.0026,0.0656,0.001,0.049
25.571,-0.0320,0.0026,0.0659,0.001,0.047
25.580,-0.0320,0.0026,0.0663,0.001,0.047
25.587,-0.0320,0.0026,0.0667,0.001,0.047
25.595,-0.0320,0.0026,0.0670,0.001,0.041
25.602,-0.0320,0.0026,0.0673,0.001,0.041
25.610,-0.0319,0.0026,0.0676,0.001,0.035
25.618,-0.0319,0.0026,0.0679,0.001,0.035
25.626,-0.0319,0.0026,0.0682,0.001,0.035
25.634,-0.0319,0.0026,0.0684,0.000,0.033
25.643,-0.0319,0.0026,0.0687,0.000,0.033
25.650,-0.0319,0.0026,0.0689,0.000,0.031
25.658,-0.0319,0.0026,0.0692,0.000,0.031
25.666,-0.0319,0.0026,0.0694,0.000,0.031
25.674,-0.0319,0.0026,0.0696,-0.001,0.030
25.681,-0.0319,0.0026,0.0699,-0.001,0.030
25.689,-0.0320,0.0026,0.0701,-0.001,0.030
25.696,-0.0320,0.0026,0.0703,-0.001,0.029
25.704,-0.0320,0.0026,0.0705,-0.001,0.029
25.711,-0.0320,0.0026,0.0708,0.000,0.030
25.719,-0.0320,0.0026,0.0710,0.000,0.030
25.727,-0.0320,0.0026,0.0712,0.000,0.030
25.734,-0.0320,0.0026,0.0714,-0.001,0.027
25.741,-0.0320,0.0026,0.0716,-0.001,0.027
25.748,-0.0320,0.0026,0.0718,-0.001,0.027
25.756,-0.0320,0.0026,0.0720,-0.001,0.025
25.763,-0.0320,0.0026,0.0722,-0.001,0.025
25.771,-0.0320,0.0026,0.0724,0.000,0.024
25.781,-0.0320,0.0026,0.0726,0.000,0.024
25.788,-0.0320,0.0026,0.0728,0.000,0.024
25.796,-0.0320,0.0026,0.0729,0.000,0.019
25.804,-0.0320,0.0026,0.0731,0.000,0.019
25.811,-0.0320,0.0026,0.0732,0.000,0.017
25.819,-0.0320,0.0026,0.0733,0.000,0.017
25.827,-0.0320,0.0026,0.0735,0.000,0.017
25.835,-0.0320,0.0026,0.0736,0.000,0.016
25.842,-0.0320,0.0026,0.0737,0.000,0.016
25.848,-0.0320,0.0026,0.0738,0.000,0.016
25.854,-0.0320,0.0026,0.0739,0.000,0.015
25.860,-0.0320,0.0026,0.0740,0.000,0.015
25.868,-0.0320,0.0026,0.0741,0.000,0.015
25.875,-0.0320,0.0026,0.0742,0.000,0.013
25.881,-0.0320,0.0026,0.0743,0.000,0.013
25.888,-0.0320,0.0026,0.0744,0.000,0.013
25.894,-0.0320,0.0026,0.0745,0.000,0.014
25.901,-0.0320,0.0026,0.0745,0.000,0.014
25.908,-0.0320,0.0026,0.0746,0.000,0.014
25.915,-0.0320,0.0026,0.0747,0.000,0.011
25.922,-0.0320,0.0026,0.0748,0.000,0.011
25.929,-0.0320,0.0026,0.0749,0.000,0.011
25.936,-0.0320,0.0026,0.0749,0.000,0.010
25.945,-0.0320,0.0026,0.0750,0.000,0.010
25.952,-0.0320,0.0026,0.0751,0.000,0.008
25.959,-0.0320,0.0026,0.0751,0.000,0.008
25.967,-0.0320,0.0026,0.0752,0.000,0.008
25.975,-0.0320,0.0026,0.0752,0.000,0.004
25.982,-0.0320,0.0026,0.0753,0.000,0.004
25.989,-0.0320,0.0026,0.0753,0.000,0.002
25.998,-0.0320,0.0026,0.0753,0.000,0.002
26.006,-0.0320,0.0026,0.0753,0.000,0.002
26.013,-0.0320,0.0026,0.0753,0.000,0.000
26.023,-0.0320,0.0026,0.0753,0.000,0.000
26.030,-0.0320,0.0026,0.0752,-0.005,-0.021
26.039,-0.0321,0.0026,0.0750,-0.005,-0.021
26.048,-0.0321,0.0026,0.0748,-0.005,-0.021
26.056,-0.0322,0.0026,0.0742,-0.005,-0.075
26.064,-0.0322,0.0026,0.0736,-0.005,-0.075
26.071,-0.0322,0.0026,0.0729,0.001,-0.103
26.080,-0.0322,0.0026,0.0719,0.001,-0.103
26.087,-0.0322,0.0026,0.0712,0.001,-0.103
26.095,-0.0322,0.0026,0.0707,0.000,-0.063
26.105,-0.0322,0.0026,0.0701,0.000,-0.063
26.112,-0.0322,0.0026,0.0697,-0.001,-0.052
26.119,-0.0322,0.0026,0.0693,-0.001,-0.052
26.127,-0.0322,0.0026,0.0689,-0.001,-0.052
26.134,-0.0322,0.0026,0.0686,-0.006,-0.041
26.142,-0.0323,0.0026,0.0683,-0.006,-0.041
26.149,-0.0323,0.0026,0.0682,-0.003,-0.019
26.158,-0.0323,0.0026,0.0680,-0.003,-0.019
26.165,-0.0324,0.0026,0.0678,-0.003,-0.019
26.173,-0.0324,0.0026,0.0678,-0.002,-0.009
26.181,-0.0324,0.0026,0.0677,-0.002,-0.009
26.188,-0.0324,0.0026,0.0676,-0.002,-0.009
26.195,-0.0324,0.0026,0.0676,0.000,-0.001
26.203,-0.0324,0.0026,0.0676,0.000,-0.001
26.211,-0.0324,0.0026,0.0676,0.000,0.000
26.218,-0.0324,0.0026,0.0676,0.000,0.000
26.226,-0.0324,0.0026,0.0676,0.000,0.000
26.234,-0.0324,0.0026,0.0676,0.000,0.000
26.241,-0.0324,0.0026,0.0676,0.000,0.000
26.248,-0.0324,0.0026,0.0676,0.000,0.000
26.257,-0.0324,0.0026,0.0676,0.000,0.000
26.265,-0.0324,0.0026,0.0676,0.000,0.000
26.273,-0.0324,0.0026,0.0676,0.000,0.000
26.282,-0.0324,0.0026,0.0676,0.000,0.000
26.290,-0.0324,0.0026,0.0676,0.000,0.000
26.300,-0.0324,0.0026,0.0676,0.000,0.000
26.308,-0.0324,0.0026,0.0676,0.000,0.000
26.315,-0.0324,0.0026,0.0676,0.000,0.000
26.323,-0.0324,0.0026,0.0676,0.000,0.000
26.330,-0.0324,0.0026,0.0676,0.000,0.000
26.338,-0.0324,0.0026,0.0676,0.000,0.000
26.346,-0.0324,0.0026,0.0676,0.000,0.000
26.354,-0.0324,0.0026,0.0676,0.000,0.000
26.360,-0.0324,0.0026,0.0676,0.000,0.000
26.363,-0.0324,0.0026,0.0676,0.000,0.000
26.467,-0.0324,0.0026,0.0676,0.000,0.000
26.474,-0.0324,0.0026,0.0676,0.000,0.000
26.482,-0.0324,0.0026,0.0676,0.000,0.000
26.490,-0.0324,0.0026,0.0676,0.000,0.000
26.500,-0.0324,0.0026,0.0676,0.000,0.000
26.508,-0.0324,0.0026,0.0676,0.000,0.000
26.516,-0.0324,0.0026,0.0676,0.000,0.000
26.525,-0.0324,0.0026,0.0676,0.000,0.000
26.532,-0.0324,0.0026,0.0676,0.000,0.000
26.538,-0.0324,0.0026,0.0676,0.000,0.000
26.545,-0.0324,0.0026,0.0676,0.000,0.000
26.552,-0.0324,0.0026,0.0676,0.000,-0.003
26.559,-0.0324,0.0026,0.0676,0.000,-0.003
26.566,-0.0324,0.0026,0.0676,0.000,-0.003
26.573,-0.0324,0.0026,0.0675,-0.001,-0.010
26.581,-0.0324,0.0026,0.0674,-0.001,-0.010
26.588,-0.0324,0.0026,0.0674,-0.001,-0.010
26.596,-0.0324,0.0026,0.0673,0.000,-0.012
26.605,-0.0324,0.0026,0.0672,0.000,-0.012
26.612,-0.0324,0.0026,0.0670,0.000,-0.015
26.620,-0.0324,0.0026,0.0669,0.000,-0.015
26.628,-0.0324,0.0026,0.0668,0.000,-0.015
26.635,-0.0324,0.0026,0.0667,0.000,-0.016
26.644,-0.0324,0.0026,0.0666,0.000,-0.016
26.652,-0.0324,0.0026,0.0664,0.000,-0.017
26.660,-0.0324,0.0026,0.0663,0.000,-0.017
26.668,-0.0324,0.0026,0.0661,0.000,-0.017
26.675,-0.0324,0.0026,0.0660,0.000,-0.020
26.683,-0.0324,0.0026,0.0658,0.000,-0.020
26.690,-0.0324,0.0026,0.0657,0.000,-0.023
26.698,-0.0324,0.0026,0.0655,0.000,-0.023
26.705,-0.0324,0.0026,0.0653,0.000,-0.023
26.712,-0.0324,0.0026,0.0652,0.000,-0.023
26.719,-0.0324,0.0026,0.0650,0.000,-0.023
26.727,-0.0324,0.0026,0.0648,0.000,-0.023
26.734,-0.0324,0.0026,0.0647,0.000,-0.024
26.742,-0.0324,0.0026,0.0645,0.000,-0.024
26.750,-0.0324,0.0026,0.0643,0.000,-0.023
26.759,-0.0324,0.0026,0.0641,0.000,-0.023
26.767,-0.0324,0.0026,0.0639,0.000,-0.023
26.774,-0.0324,0.0026,0.0637,0.000,-0.022
26.782,-0.0324,0.0026,0.0636,0.000,-0.022
26.789,-0.0324,0.0026,0.0634,0.000,-0.022
26.796,-0.0324,0.0026,0.0633,0.000,-0.019
26.806,-0.0324,0.0026,0.0631,0.000,-0.019
26.814,-0.0324,0.0026,0.0629,0.000,-0.018
26.823,-0.0324,0.0026,0.0628,0.000,-0.018
26.830,-0.0324,0.0026,0.0627,0.000,-0.016
26.839,-0.0324,0.0026,0.0625,0.000,-0.016
26.846,-0.0324,0.0026,0.0624,0.000,-0.016
26.854,-0.0324,0.0026,0.0623,0.000,-0.015
26.862,-0.0324,0.0026,0.0622,0.000,-0.015
26.864,-0.0324,0.0026,0.0621,0.000,-0.015
26.867,-0.0324,0.0026,0.0621,0.000,-0.013
26.894,-0.0324,0.0026,0.0619,0.000,-0.009
26.929,-0.0324,0.0026,0.0616,0.000,-0.008
26.960,-0.0324,0.0026,0.0614,0.000,-0.006
26.987,-0.0324,0.0026,0.0613,0.000,-0.004
27.028,-0.0324,0.0026,0.0613,0.000,0.000
27.061,-0.0324,0.0026,0.0613,0.000,0.000
27.095,-0.0324,0.0026,0.0613,0.000,0.000
27.128,-0.0324,0.0026,0.0613,0.000,0.000
27.164,-0.0324,0.0026,0.0613,0.000,0.000
27.195,-0.0324,0.0026,0.0613,0.000,0.002
27.230,-0.0325,0.0026,0.0618,-0.002,0.012
27.265,-0.0325,0.0026,0.0623,-0.001,0.015
27.281,-0.0325,0.0026,0.0626,0.000,0.020
27.330,-0.0325,0.0026,0.0638,0.000,0.025
27.347,-0.0325,0.0026,0.0643,0.000,0.025
27.393,-0.0325,0.0026,0.0655,0.001,0.026
27.411,-0.0325,0.0026,0.0660,0.000,0.032
27.461,-0.0325,0.0026,0.0676,0.000,0.032
27.477,-0.0325,0.0026,0.0682,0.000,0.035
27.526,-0.0325,0.0026,0.0700,0.000,0.037
27.541,-0.0325,0.0026,0.0706,0.000,0.041
27.580,-0.0325,0.0026,0.0723,0.000,0.044
27.609,-0.0325,0.0026,0.0738,0.000,0.048
27.645,-0.0325,0.0026,0.0756,0.000,0.051
27.673,-0.0325,0.0026,0.0771,0.000,0.054
27.714,-0.0324,0.0026,0.0794,0.001,0.058
27.741,-0.0324,0.0026,0.0811,0.001,0.062
27.777,-0.0324,0.0026,0.0836,0.000,0.068
27.809,-0.0324,0.0026,0.0859,0.000,0.073
27.842,-0.0324,0.0026,0.0883,0.000,0.073
27.871,-0.0324,0.0026,0.0907,0.000,0.081
27.904,-0.0324,0.0026,0.0934,0.000,0.081
27.935,-0.0324,0.0026,0.0960,0.000,0.087
27.972,-0.0324,0.0026,0.0994,0.000,0.090
28.004,-0.0324,0.0026,0.1023,0.000,0.093
28.036,-0.0324,0.0026,0.1055,0.000,0.098
28.070,-0.0324,0.0026,0.1089,0.000,0.100
28.101,-0.0324,0.0026,0.1123,0.000,0.110
28.205,-0.0324,0.0026,0.1237,0.000,0.110
28.212,-0.0324,0.0026,0.1245,0.000,0.110
28.221,-0.0324,0.0026,0.1255,0.000,0.110
28.229,-0.0324,0.0026,0.1263,0.000,0.110
28.236,-0.0324,0.0026,0.1272,0.000,0.110
28.244,-0.0324,0.0026,0.1280,0.000,0.110
28.252,-0.0324,0.0026,0.1289,0.000,0.113
28.261,-0.0324,0.0026,0.1299,0.000,0.113
28.269,-0.0324,0.0026,0.1309,0.000,0.113
28.277,-0.0324,0.0026,0.1318,0.000,0.116
28.284,-0.0324,0.0026,0.1326,0.000,0.116
28.291,-0.0324,0.0026,0.1335,0.000,0.122
28.299,-0.0324,0.0026,0.1344,0.000,0.122
28.307,-0.0324,0.0026,0.1353,0.000,0.122
28.314,-0.0324,0.0026,0.1362,0.000,0.126
28.321,-0.0324,0.0026,0.1371,0.000,0.126
28.328,-0.0324,0.0026,0.1381,0.000,0.126
28.336,-0.0324,0.0026,0.1390,0.000,0.128
28.343,-0.0324,0.0026,0.1400,0.000,0.128
28.351,-0.0324,0.0026,0.1410,0.000,0.131
28.359,-0.0324,0.0026,0.1420,0.000,0.131
28.366,-0.0324,0.0026,0.1430,0.000,0.131
28.374,-0.0324,0.0026,0.1440,0.000,0.132
28.384,-0.0324,0.0026,0.1453,0.000,0.132
28.392,-0.0324,0.0026,0.1464,-0.001,0.134
28.399,-0.0324,0.0026,0.1474,-0.001,0.134
28.407,-0.0324,0.0026,0.1484,-0.001,0.134
28.414,-0.0324,0.0026,0.1494,0.000,0.137
28.422,-0.0324,0.0026,0.1505,0.000,0.137
28.430,-0.0324,0.0026,0.1516,0.000,0.139
28.438,-0.0324,0.0026,0.1528,0.000,0.139
28.446,-0.0324,0.0026,0.1538,0.000,0.139
28.453,-0.0325,0.0026,0.1548,-0.001,0.138
28.461,-0.0325,0.0026,0.1559,-0.001,0.138
28.469,-0.0325,0.0026,0.1569,-0.001,0.138
28.476,-0.0325,0.0026,0.1579,0.000,0.137
28.483,-0.0325,0.0026,0.1589,0.000,0.137
28.491,-0.0325,0.0026,0.1600,0.000,0.134
28.501,-0.0325,0.0026,0.1613,0.000,0.134
28.509,-0.0325,0.0026,0.1624,0.000,0.134
28.520,-0.0325,0.0026,0.1639,0.000,0.133
28.531,-0.0325,0.0026,0.1652,0.000,0.129
28.539,-0.0325,0.0026,0.1663,0.000,0.129
28.549,-0.0325,0.0026,0.1676,0.000,0.129
28.557,-0.0325,0.0026,0.1686,0.000,0.127
28.565,-0.0325,0.0026,0.1696,0.000,0.127
28.572,-0.0325,0.0026,0.1705,0.001,0.124
28.580,-0.0325,0.0026,0.1714,0.001,0.124
28.587,-0.0324,0.0026,0.1724,0.001,0.124
28.595,-0.0324,0.0026,0.1733,0.000,0.123
28.602,-0.0324,0.0026,0.1743,0.000,0.123
28.610,-0.0324,0.0026,0.1752,0.000,0.120
28.618,-0.0324,0.0026,0.1761,0.000,0.120
28.626,-0.0324,0.0026,0.1771,0.000,0.120
28.634,-0.0324,0.0026,0.1780,0.001,0.119
28.641,-0.0324,0.0026,0.1789,0.001,0.119
28.649,-0.0324,0.0026,0.1798,0.001,0.119
28.657,-0.0324,0.0026,0.1807,0.000,0.116
28.664,-0.0324,0.0026,0.1816,0.000,0.116
28.672,-0.0324,0.0026,0.1825,0.000,0.116
28.679,-0.0324,0.0026,0.1833,0.000,0.116
28.687,-0.0324,0.0026,0.1842,0.000,0.116
28.694,-0.0324,0.0026,0.1851,0.000,0.114
28.703,-0.0324,0.0026,0.1861,0.000,0.114
28.711,-0.0324,0.0026,0.1870,0.000,0.113
28.719,-0.0324,0.0026,0.1878,0.000,0.113
28.726,-0.0324,0.0026,0.1887,0.000,0.113
28.733,-0.0324,0.0026,0.1894,0.000,0.110
28.741,-0.0324,0.0026,0.1903,0.000,0.110
28.749,-0.0324,0.0026,0.1912,0.000,0.110
28.756,-0.0324,0.0026,0.1919,0.000,0.108
28.764,-0.0324,0.0026,0.1928,0.000,0.108
28.772,-0.0324,0.0026,0.1936,0.000,0.107
28.780,-0.0324,0.0026,0.1945,0.000,0.107
28.787,-0.0324,0.0026,0.1953,0.000,0.107
28.794,-0.0324,0.0026,0.1960,0.000,0.105
28.803,-0.0324,0.0026,0.1969,0.000,0.105
28.812,-0.0324,0.0026,0.1979,0.000,0.104
28.819,-0.0324,0.0026,0.1986,0.000,0.104
28.827,-0.0324,0.0026,0.1995,0.000,0.104
28.835,-0.0324,0.0026,0.2002,0.000,0.100
28.843,-0.0324,0.0026,0.2010,0.000,0.100
28.850,-0.0324,0.0026,0.2018,0.000,0.098
28.860,-0.0324,0.0026,0.2027,0.000,0.098
28.869,-0.0324,0.0026,0.2035,0.000,0.098
28.876,-0.0324,0.0026,0.2043,0.000,0.096
28.885,-0.0324,0.0026,0.2051,0.000,0.096
28.893,-0.0324,0.0026,0.2058,0.000,0.094
28.900,-0.0324,0.0026,0.2065,0.000,0.094
28.908,-0.0324,0.0026,0.2073,0.000,0.094
28.916,-0.0324,0.0026,0.2080,0.000,0.093
28.923,-0.0324,0.0026,0.2087,0.000,0.093
28.931,-0.0324,0.0026,0.2094,0.000,0.091
28.939,-0.0324,0.0026,0.2102,0.000,0.091
28.947,-0.0324,0.0026,0.2109,0.000,0.091
28.955,-0.0324,0.0026,0.2115,0.000,0.088
28.962,-0.0324,0.0026,0.2122,0.000,0.088
28.970,-0.0324,0.0026,0.2129,0.000,0.088
28.979,-0.0324,0.0026,0.2136,0.000,0.088
28.987,-0.0324,0.0026,0.2144,0.000,0.088
28.995,-0.0324,0.0026,0.2150,0.000,0.085
29.002,-0.0324,0.0026,0.2157,0.000,0.085
29.010,-0.0324,0.0026,0.2163,0.000,0.083
29.019,-0.0324,0.0026,0.2171,0.000,0.083
29.028,-0.0324,0.0026,0.2178,0.000,0.083
29.035,-0.0324,0.0026,0.2184,0.000,0.082
29.044,-0.0324,0.0026,0.2191,0.000,0.082
29.051,-0.0324,0.0026,0.2197,0.000,0.078
29.058,-0.0324,0.0026,0.2202,0.000,0.078
29.066,-0.0324,0.0026,0.2208,0.000,0.078
29.073,-0.0324,0.0026,0.2214,0.000,0.075
29.082,-0.0324,0.0026,0.2220,0.000,0.075
29.089,-0.0324,0.0026,0.2226,0.000,0.075
29.096,-0.0324,0.0026,0.2231,0.000,0.075
29.104,-0.0324,0.0026,0.2237,0.000,0.075
29.112,-0.0324,0.0026,0.2242,0.000,0.074
29.119,-0.0324,0.0026,0.2248,0.000,0.074
29.126,-0.0324,0.0026,0.2253,0.000,0.074
29.132,-0.0324,0.0026,0.2257,0.000,0.069
29.139,-0.0324,0.0026,0.2262,0.000,0.069
29.146,-0.0324,0.0026,0.2267,0.000,0.069
29.154,-0.0324,0.0026,0.2272,0.000,0.069
29.162,-0.0324,0.0026,0.2278,0.000,0.069
29.171,-0.0324,0.0026,0.2284,0.000,0.067
29.179,-0.0324,0.0026,0.2289,0.000,0.067
29.186,-0.0324,0.0026,0.2294,0.000,0.067
29.193,-0.0324,0.0026,0.2298,0.000,0.063
29.200,-0.0324,0.0026,0.2303,0.000,0.063
29.207,-0.0324,0.0026,0.2307,0.000,0.063
29.215,-0.0324,0.0026,0.2312,0.000,0.060
29.222,-0.0324,0.0026,0.2316,0.000,0.060
29.230,-0.0324,0.0026,0.2321,0.000,0.060
29.238,-0.0324,0.0026,0.2326,0.000,0.060
29.246,-0.0324,0.0026,0.2331,0.000,0.060
29.254,-0.0324,0.0026,0.2335,0.000,0.058
29.262,-0.0324,0.0026,0.2340,0.000,0.058
29.269,-0.0324,0.0026,0.2344,0.000,0.058
29.277,-0.0324,0.0026,0.2349,0.000,0.055
29.285,-0.0324,0.0026,0.2353,0.000,0.055
29.293,-0.0324,0.0026,0.2357,0.000,0.053
29.301,-0.0324,0.0026,0.2361,0.000,0.053
29.309,-0.0324,0.0026,0.2366,0.000,0.053
29.316,-0.0324,0.0026,0.2369,0.000,0.052
29.325,-0.0324,0.0026,0.2374,0.000,0.052
29.328,-0.0324,0.0026,0.2375,0.000,0.052
29.330,-0.0324,0.0026,0.2376,0.000,0.044
29.434,-0.0324,0.0026,0.2421,0.000,0.043
29.441,-0.0324,0.0026,0.2424,0.000,0.043
29.449,-0.0324,0.0026,0.2427,0.000,0.043
29.456,-0.0324,0.0026,0.2431,0.000,0.043
29.464,-0.0324,0.0026,0.2434,0.000,0.043
29.472,-0.0324,0.0026,0.2438,0.000,0.044
29.480,-0.0324,0.0026,0.2441,0.000,0.044
29.488,-0.0324,0.0026,0.2444,0.000,0.044
29.495,-0.0324,0.0026,0.2447,-0.001,0.037
29.503,-0.0324,0.0026,0.2450,-0.001,0.037
29.511,-0.0324,0.0026,0.2453,0.000,0.032
29.520,-0.0324,0.0026,0.2455,0.000,0.032
29.528,-0.0324,0.0026,0.2458,0.000,0.032
29.536,-0.0324,0.0026,0.2460,0.000,0.032
29.544,-0.0324,0.0026,0.2463,0.000,0.032
29.552,-0.0324,0.0026,0.2466,0.000,0.031
29.560,-0.0324,0.0026,0.2468,0.000,0.031
29.570,-0.0324,0.0026,0.2471,0.000,0.025
29.579,-0.0324,0.0026,0.2473,0.000,0.025
29.586,-0.0324,0.0026,0.2475,0.000,0.025
29.595,-0.0324,0.0026,0.2477,0.000,0.023
29.602,-0.0324,0.0026,0.2478,0.000,0.023
29.610,-0.0324,0.0026,0.2480,0.000,0.022
29.618,-0.0324,0.0026,0.2482,0.000,0.022
29.626,-0.0324,0.0026,0.2484,0.000,0.022
29.633,-0.0324,0.0026,0.2485,0.000,0.020
29.640,-0.0324,0.0026,0.2486,0.000,0.020
29.648,-0.0324,0.0026,0.2488,0.000,0.020
29.655,-0.0324,0.0026,0.2489,0.000,0.018
29.663,-0.0324,0.0026,0.2491,0.000,0.018
29.670,-0.0324,0.0026,0.2492,0.000,0.013
29.679,-0.0324,0.0026,0.2493,0.000,0.013
29.687,-0.0324,0.0026,0.2494,0.000,0.013
29.695,-0.0324,0.0026,0.2495,0.000,0.012
29.702,-0.0324,0.0026,0.2496,0.000,0.012
29.710,-0.0324,0.0026,0.2497,0.000,0.011
29.718,-0.0324,0.0026,0.2497,0.000,0.011
29.727,-0.0324,0.0026,0.2498,0.000,0.011
29.735,-0.0324,0.0026,0.2499,0.000,0.009
29.742,-0.0324,0.0026,0.2500,0.000,0.009
29.750,-0.0324,0.0026,0.2500,0.000,0.005
29.758,-0.0324,0.0026,0.2501,0.000,0.005
29.766,-0.0324,0.0026,0.2501,0.000,0.005
29.775,-0.0324,0.0026,0.2501,0.000,0.005
29.783,-0.0324,0.0026,0.2502,0.000,0.005
29.792,-0.0324,0.0026,0.2502,0.000,0.003
29.799,-0.0324,0.0026,0.2502,0.000,0.003
29.808,-0.0324,0.0026,0.2503,0.000,0.003
29.815,-0.0324,0.0026,0.2503,0.000,0.001
29.823,-0.0324,0.0026,0.2503,0.000,0.001
29.827,-0.0324,0.0026,0.2503,0.000,0.001
29.830,-0.0324,0.0026,0.2500,-0.001,-0.098
29.864,-0.0321,0.0027,0.2450,0.011,-0.146
29.895,-0.0321,0.0027,0.2434,0.000,-0.050
29.929,-0.0321,0.0027,0.2420,0.000,-0.042
29.945,-0.0321,0.0027,0.2419,0.000,-0.003
30.007,-0.0321,0.0027,0.2419,0.000,-0.001
30.043,-0.0321,0.0027,0.2418,0.000,-0.001
30.046,-0.0321,0.0027,0.2418,0.000,-0.006
30.074,-0.0321,0.0027,0.2413,0.000,-0.018
30.177,-0.0321,0.0027,0.2397,0.000,-0.016
30.185,-0.0321,0.0027,0.2396,0.000,-0.016
30.192,-0.0321,0.0027,0.2394,0.000,-0.016
30.199,-0.0321,0.0027,0.2393,0.000,-0.016
30.208,-0.0321,0.0027,0.2392,0.000,-0.016
30.217,-0.0321,0.0027,0.2390,0.000,-0.017
30.227,-0.0321,0.0027,0.2389,0.000,-0.017
30.235,-0.0321,0.0027,0.2387,0.000,-0.023
30.243,-0.0321,0.0027,0.2385,0.000,-0.023
30.250,-0.0321,0.0027,0.2383,0.000,-0.023
30.259,-0.0321,0.0027,0.2381,0.000,-0.027
30.267,-0.0321,0.0027,0.2379,0.000,-0.027
30.275,-0.0321,0.0027,0.2376,0.000,-0.032
30.282,-0.0321,0.0027,0.2374,0.000,-0.032
30.293,-0.0321,0.0027,0.2370,0.000,-0.036
30.301,-0.0321,0.0027,0.2367,0.000,-0.036
30.309,-0.0321,0.0027,0.2364,0.000,-0.036
30.317,-0.0321,0.0027,0.2361,0.000,-0.038
30.325,-0.0321,0.0027,0.2358,0.000,-0.038
30.332,-0.0321,0.0027,0.2355,0.000,-0.040
30.340,-0.0321,0.0027,0.2352,0.000,-0.040
30.348,-0.0321,0.0027,0.2349,0.000,-0.040
30.355,-0.0321,0.0027,0.2346,0.000,-0.043
30.364,-0.0321,0.0027,0.2342,0.000,-0.043
30.372,-0.0321,0.0027,0.2338,0.000,-0.044
30.379,-0.0321,0.0027,0.2335,0.000,-0.044
30.387,-0.0321,0.0027,0.2332,0.000,-0.044
30.394,-0.0321,0.0027,0.2328,0.000,-0.046
30.401,-0.0321,0.0027,0.2325,0.000,-0.046
30.410,-0.0321,0.0027,0.2321,0.000,-0.048
30.418,-0.0321,0.0027,0.2317,0.000,-0.048
30.426,-0.0321,0.0027,0.2313,0.000,-0.048
30.434,-0.0321,0.0027,0.2310,0.000,-0.048
30.441,-0.0321,0.0027,0.2306,0.000,-0.048
30.449,-0.0321,0.0027,0.2303,0.000,-0.045
30.458,-0.0321,0.0027,0.2298,0.000,-0.045
30.466,-0.0321,0.0027,0.2295,0.000,-0.045
30.476,-0.0321,0.0027,0.2291,0.000,-0.043
30.485,-0.0321,0.0027,0.2287,0.000,-0.043
30.492,-0.0321,0.0027,0.2284,0.000,-0.041
30.500,-0.0321,0.0027,0.2281,0.000,-0.041
30.508,-0.0321,0.0027,0.2277,0.000,-0.041
30.516,-0.0321,0.0027,0.2274,0.000,-0.040
30.524,-0.0321,0.0027,0.2271,0.000,-0.040
30.531,-0.0321,0.0027,0.2268,0.000,-0.038
30.540,-0.0321,0.0027,0.2265,0.000,-0.038
30.548,-0.0321,0.0027,0.2262,0.000,-0.038
30.555,-0.0321,0.0027,0.2259,0.000,-0.036
30.563,-0.0321,0.0027,0.2256,0.000,-0.036
30.571,-0.0321,0.0027,0.2254,0.000,-0.033
30.579,-0.0321,0.0027,0.2251,0.000,-0.033
30.587,-0.0321,0.0027,0.2248,0.000,-0.033
30.595,-0.0321,0.0027,0.2246,0.000,-0.031
30.603,-0.0321,0.0027,0.2243,0.000,-0.031
30.611,-0.0321,0.0027,0.2241,0.000,-0.029
30.621,-0.0321,0.0027,0.2238,0.000,-0.029
30.629,-0.0321,0.0027,0.2236,0.000,-0.029
30.637,-0.0321,0.0027,0.2234,0.000,-0.027
30.645,-0.0321,0.0027,0.2232,0.000,-0.027
30.652,-0.0321,0.0027,0.2230,0.000,-0.025
30.660,-0.0321,0.0027,0.2228,0.000,-0.025
30.668,-0.0321,0.0027,0.2226,0.000,-0.025
30.675,-0.0321,0.0027,0.2224,0.000,-0.024
30.683,-0.0321,0.0027,0.2222,0.000,-0.024
30.691,-0.0321,0.0027,0.2221,0.000,-0.022
30.699,-0.0321,0.0027,0.2219,0.000,-0.022
30.707,-0.0321,0.0027,0.2217,0.000,-0.022
30.714,-0.0321,0.0027,0.2216,0.000,-0.021
30.722,-0.0321,0.0027,0.2214,0.000,-0.021
30.730,-0.0321,0.0027,0.2212,0.000,-0.018
30.738,-0.0321,0.0027,0.2211,0.000,-0.018
30.746,-0.0321,0.0027,0.2210,0.000,-0.018
30.754,-0.0321,0.0027,0.2208,0.000,-0.015
30.761,-0.0321,0.0027,0.2207,0.000,-0.015
30.769,-0.0321,0.0027,0.2206,0.000,-0.013
30.780,-0.0321,0.0027,0.2205,0.000,-0.013
30.788,-0.0321,0.0027,0.2204,0.000,-0.013
30.796,-0.0321,0.0027,0.2203,0.000,-0.010
30.804,-0.0321,0.0027,0.2202,0.000,-0.010
30.811,-0.0321,0.0027,0.2202,0.000,-0.009
30.820,-0.0321,0.0027,0.2201,0.000,-0.009
30.827,-0.0321,0.0027,0.2200,0.000,-0.009
30.835,-0.0321,0.0027,0.2200,0.000,-0.007
30.843,-0.0321,0.0027,0.2199,0.000,-0.007
30.850,-0.0321,0.0027,0.2199,0.000,-0.005
30.858,-0.0321,0.0027,0.2198,0.000,-0.005
30.866,-0.0321,0.0027,0.2198,0.000,-0.005
30.873,-0.0321,0.0027,0.2198,0.000,-0.002
30.882,-0.0321,0.0027,0.2198,0.000,-0.002
30.889,-0.0321,0.0027,0.2197,0.000,-0.002
30.896,-0.0321,0.0027,0.2197,0.000,-0.001
30.905,-0.0321,0.0027,0.2197,0.000,-0.001
30.912,-0.0321,0.0027,0.2197,0.000,0.000
30.920,-0.0321,0.0027,0.2197,0.000,0.000
30.928,-0.0321,0.0027,0.2197,0.000,0.000
30.936,-0.0321,0.0027,0.2197,0.000,0.000
30.944,-0.0321,0.0027,0.2197,0.000,0.000
30.952,-0.0321,0.0027,0.2197,0.000,0.000
30.960,-0.0321,0.0027,0.2197,0.000,0.000
30.967,-0.0321,0.0027,0.2197,0.000,0.000
30.974,-0.0321,0.0027,0.2197,0.000,0.000
30.982,-0.0321,0.0027,0.2197,0.000,0.000
30.990,-0.0321,0.0027,0.2197,0.000,0.000
30.999,-0.0321,0.0027,0.2197,0.000,0.000
31.007,-0.0321,0.0027,0.2197,0.000,0.000
31.015,-0.0321,0.0027,0.2197,0.000,0.000
31.022,-0.0321,0.0027,0.2197,0.000,0.000
31.030,-0.0321,0.0027,0.2197,0.000,0.000
31.037,-0.0321,0.0027,0.2197,0.000,0.000
31.045,-0.0321,0.0027,0.2197,0.000,0.000
31.052,-0.0321,0.0027,0.2197,0.000,0.000
31.060,-0.0321,0.0027,0.2197,0.000,0.000
31.067,-0.0321,0.0027,0.2197,0.000,0.000
31.075,-0.0321,0.0027,0.2197,0.000,0.000
31.083,-0.0321,0.0027,0.2197,0.000,0.000
31.090,-0.0321,0.0027,0.2197,0.000,0.000
31.098,-0.0321,0.0027,0.2197,0.000,0.000
31.104,-0.0321,0.0027,0.2197,0.000,0.000
31.110,-0.0321,0.0027,0.2197,0.000,0.000
31.116,-0.0321,0.0027,0.2197,0.000,0.000
31.123,-0.0321,0.0027,0.2197,0.000,0.000
31.131,-0.0321,0.0027,0.2197,0.000,0.000
31.140,-0.0321,0.0027,0.2197,0.000,0.000
31.143,-0.0321,0.0027,0.2197,0.000,0.000
31.145,-0.0321,0.0027,0.2197,0.000,0.000
31.250,-0.0321,0.0027,0.2197,0.000,0.000
31.258,-0.0321,0.0027,0.2197,0.000,0.000
31.266,-0.0321,0.0027,0.2197,0.000,0.000
31.274,-0.0321,0.0027,0.2197,0.000,0.000
31.282,-0.0321,0.0027,0.2197,0.000,0.000
31.291,-0.0321,0.0027,0.2197,0.000,0.000
31.299,-0.0321,0.0027,0.2197,0.000,0.000
31.307,-0.0321,0.0027,0.2197,0.000,0.000
31.315,-0.0321,0.0027,0.2197,0.000,0.000
31.324,-0.0321,0.0027,0.2197,0.000,0.000
31.334,-0.0321,0.0027,0.2197,0.000,0.000
31.342,-0.0321,0.0027,0.2197,0.000,0.000
31.350,-0.0321,0.0027,0.2197,0.000,0.000
31.358,-0.0321,0.0027,0.2197,0.000,0.000
31.366,-0.0321,0.0027,0.2197,0.000,0.000
31.374,-0.0321,0.0027,0.2197,0.000,0.000
31.382,-0.0321,0.0027,0.2197,0.000,0.000
31.390,-0.0321,0.0027,0.2197,0.000,0.000
31.397,-0.0321,0.0027,0.2197,0.000,0.000
31.404,-0.0321,0.0027,0.2197,0.000,0.000
31.412,-0.0321,0.0027,0.2197,0.000,0.000
31.420,-0.0321,0.0027,0.2197,0.000,0.000
31.428,-0.0321,0.0027,0.2197,0.000,0.000
31.435,-0.0321,0.0027,0.2197,0.000,0.000
31.444,-0.0321,0.0027,0.2197,0.000,0.000
31.451,-0.0321,0.0027,0.2197,0.000,0.000
31.460,-0.0321,0.0027,0.2197,0.000,0.000
31.467,-0.0321,0.0027,0.2197,0.000,0.000
31.475,-0.0321,0.0027,0.2197,0.000,0.000
31.483,-0.0321,0.0027,0.2197,0.000,0.000
31.492,-0.0321,0.0027,0.2197,0.000,0.000
31.499,-0.0321,0.0027,0.2197,0.000,0.000
31.507,-0.0321,0.0027,0.2197,0.000,0.000
31.515,-0.0321,0.0027,0.2197,0.000,0.000
31.522,-0.0321,0.0027,0.2197,0.000,0.000
31.530,-0.0321,0.0027,0.2197,0.000,0.000
31.537,-0.0321,0.0027,0.2197,0.000,0.000
31.544,-0.0321,0.0027,0.2197,0.000,0.000
31.552,-0.0321,0.0027,0.2197,0.000,0.000
31.559,-0.0321,0.0027,0.2197,0.000,0.000
31.568,-0.0321,0.0027,0.2197,0.000,0.000
31.576,-0.0321,0.0027,0.2197,0.000,0.000
31.583,-0.0321,0.0027,0.2197,0.000,0.000
31.591,-0.0321,0.0027,0.2197,0.000,0.000
31.598,-0.0321,0.0027,0.2197,0.000,0.000
31.606,-0.0321,0.0027,0.2197,0.000,0.000
31.614,-0.0321,0.0027,0.2197,0.000,0.000
31.621,-0.0321,0.0027,0.2197,0.000,0.000
31.628,-0.0321,0.0027,0.2197,0.000,0.000
31.635,-0.0321,0.0027,0.2197,0.000,0.000
31.644,-0.0321,0.0027,0.2197,0.000,0.000
31.646,-0.0321,0.0027,0.2197,0.000,0.000
31.648,-0.0321,0.0027,0.2197,0.000,0.000
31.680,-0.0321,0.0027,0.2197,0.000,0.000
31.714,-0.0321,0.0027,0.2197,0.000,0.000
31.734,-0.0321,0.0027,0.2197,0.000,0.000
31.778,-0.0321,0.0027,0.2197,0.000,0.000
31.817,-0.0321,0.0027,0.2197,0.000,0.000
31.847,-0.0321,0.0027,0.2197,0.000,-0.002
31.917,-0.0321,0.0027,0.2187,0.000,-0.014
31.931,-0.0321,0.0027,0.2185,0.000,-0.014
31.933,-0.0321,0.0027,0.2185,0.000,-0.016
31.964,-0.0321,0.0027,0.2177,0.000,-0.024
32.015,-0.0321,0.0027,0.2164,0.000,-0.026
32.031,-0.0321,0.0027,0.2160,0.000,-0.027
32.076,-0.0321,0.0027,0.2147,0.000,-0.028
32.094,-0.0321,0.0027,0.2141,0.000,-0.033
32.132,-0.0321,0.0027,0.2126,0.000,-0.038
32.160,-0.0321,0.0027,0.2116,0.000,-0.040
32.194,-0.0321,0.0027,0.2099,0.000,-0.049
32.299,-0.0321,0.0027,0.2047,0.000,-0.049
32.308,-0.0321,0.0027,0.2043,0.000,-0.049
32.317,-0.0321,0.0027,0.2039,0.000,-0.048
32.325,-0.0321,0.0027,0.2035,0.000,-0.048
32.334,-0.0321,0.0027,0.2030,0.000,-0.049
32.342,-0.0321,0.0027,0.2026,0.000,-0.049
32.351,-0.0321,0.0027,0.2022,0.000,-0.053
32.359,-0.0321,0.0027,0.2017,0.000,-0.053
32.367,-0.0321,0.0027,0.2013,0.000,-0.053
32.375,-0.0321,0.0027,0.2008,0.000,-0.057
32.383,-0.0321,0.0027,0.2004,0.000,-0.057
32.391,-0.0321,0.0027,0.1999,0.000,-0.061
32.398,-0.0321,0.0027,0.1995,0.000,-0.061
32.406,-0.0321,0.0027,0.1990,0.000,-0.061
32.413,-0.0321,0.0027,0.1986,0.000,-0.064
32.420,-0.0321,0.0027,0.1981,0.000,-0.064
32.430,-0.0321,0.0027,0.1975,0.000,-0.064
32.437,-0.0321,0.0027,0.1970,-0.001,-0.067
32.444,-0.0321,0.0027,0.1966,-0.001,-0.067
32.451,-0.0321,0.0027,0.1961,0.000,-0.070
32.458,-0.0321,0.0027,0.1955,0.000,-0.070
32.466,-0.0321,0.0027,0.1950,0.000,-0.070
32.473,-0.0321,0.0027,0.1945,0.000,-0.072
32.480,-0.0321,0.0027,0.1940,0.000,-0.072
32.488,-0.0321,0.0027,0.1934,0.000,-0.072
32.496,-0.0321,0.0027,0.1928,0.000,-0.073
32.504,-0.0321,0.0027,0.1922,0.000,-0.073
32.512,-0.0321,0.0027,0.1916,0.000,-0.075
32.520,-0.0321,0.0027,0.1911,0.000,-0.075
32.529,-0.0321,0.0027,0.1904,0.000,-0.075
32.537,-0.0321,0.0027,0.1898,0.000,-0.074
32.544,-0.0321,0.0027,0.1892,0.000,-0.074
32.553,-0.0321,0.0027,0.1886,0.000,-0.073
32.560,-0.0321,0.0027,0.1881,0.000,-0.073
32.568,-0.0321,0.0027,0.1875,0.000,-0.073
32.576,-0.0321,0.0027,0.1869,0.000,-0.070
32.585,-0.0321,0.0027,0.1863,0.000,-0.070
32.595,-0.0321,0.0027,0.1856,0.001,-0.068
32.603,-0.0321,0.0027,0.1851,0.001,-0.068
32.611,-0.0321,0.0027,0.1846,0.001,-0.065
32.619,-0.0321,0.0027,0.1840,0.001,-0.065
32.628,-0.0320,0.0027,0.1834,0.001,-0.065
32.636,-0.0320,0.0027,0.1829,0.000,-0.064
32.644,-0.0320,0.0027,0.1824,0.000,-0.064
32.652,-0.0321,0.0027,0.1819,-0.001,-0.063
32.660,-0.0321,0.0027,0.1814,-0.001,-0.063
32.668,-0.0321,0.0027,0.1809,-0.001,-0.063
32.676,-0.0321,0.0027,0.1804,0.000,-0.061
32.685,-0.0321,0.0027,0.1799,0.000,-0.061
32.692,-0.0321,0.0027,0.1795,0.000,-0.058
32.700,-0.0321,0.0027,0.1790,0.000,-0.058
32.708,-0.0321,0.0027,0.1785,0.000,-0.058
32.716,-0.0321,0.0027,0.1781,-0.001,-0.055
32.724,-0.0321,0.0027,0.1777,-0.001,-0.055
32.732,-0.0321,0.0027,0.1773,-0.001,-0.053
32.740,-0.0321,0.0027,0.1768,-0.001,-0.053
32.751,-0.0321,0.0027,0.1762,0.000,-0.053
32.760,-0.0321,0.0027,0.1758,0.000,-0.053
32.768,-0.0321,0.0027,0.1753,0.000,-0.053
32.776,-0.0321,0.0027,0.1749,0.001,-0.053
32.784,-0.0321,0.0027,0.1745,0.001,-0.053
32.792,-0.0321,0.0027,0.1740,0.001,-0.053
32.800,-0.0321,0.0027,0.1736,0.001,-0.053
32.808,-0.0321,0.0027,0.1732,0.001,-0.053
32.816,-0.0321,0.0027,0.1728,0.000,-0.049
32.823,-0.0321,0.0027,0.1725,0.000,-0.049
32.831,-0.0321,0.0027,0.1721,0.000,-0.047
32.839,-0.0321,0.0027,0.1717,0.000,-0.047
32.847,-0.0321,0.0027,0.1714,0.000,-0.047
32.854,-0.0321,0.0027,0.1710,0.000,-0.045
32.861,-0.0321,0.0027,0.1707,0.000,-0.045
32.869,-0.0321,0.0027,0.1704,0.000,-0.045
32.876,-0.0321,0.0027,0.1701,0.000,-0.040
32.884,-0.0321,0.0027,0.1698,0.000,-0.040
32.893,-0.0321,0.0027,0.1694,0.000,-0.038
32.900,-0.0321,0.0027,0.1692,0.000,-0.038
32.910,-0.0321,0.0027,0.1688,0.000,-0.038
32.918,-0.0321,0.0027,0.1685,-0.001,-0.037
32.926,-0.0321,0.0027,0.1682,-0.001,-0.037
32.934,-0.0321,0.0027,0.1679,-0.001,-0.036
32.942,-0.0321,0.0027,0.1676,-0.001,-0.036
32.950,-0.0321,0.0027,0.1673,-0.001,-0.036
32.957,-0.0321,0.0027,0.1671,-0.001,-0.034
32.966,-0.0321,0.0027,0.1668,-0.001,-0.034
32.974,-0.0321,0.0027,0.1665,-0.001,-0.032
32.982,-0.0321,0.0027,0.1663,-0.001,-0.032
32.990,-0.0321,0.0027,0.1660,0.000,-0.030
32.999,-0.0321,0.0027,0.1658,0.000,-0.030
33.007,-0.0321,0.0027,0.1655,0.000,-0.030
33.014,-0.0321,0.0027,0.1653,0.001,-0.029
33.023,-0.0321,0.0027,0.1651,0.001,-0.029
33.031,-0.0321,0.0027,0.1648,0.001,-0.027
33.039,-0.0321,0.0027,0.1646,0.001,-0.027
33.046,-0.0321,0.0027,0.1644,0.001,-0.027
33.054,-0.0321,0.0027,0.1642,0.001,-0.024
33.061,-0.0321,0.0027,0.1641,0.001,-0.024
33.070,-0.0321,0.0027,0.1639,0.001,-0.024
33.078,-0.0321,0.0027,0.1637,0.001,-0.024
33.085,-0.0321,0.0027,0.1635,0.001,-0.024
33.094,-0.0320,0.0027,0.1633,0.001,-0.021
33.101,-0.0320,0.0027,0.1632,0.001,-0.021
33.109,-0.0320,0.0027,0.1630,0.001,-0.021
33.117,-0.0320,0.0027,0.1629,0.000,-0.018
33.124,-0.0320,0.0027,0.1627,0.000,-0.018
33.133,-0.0320,0.0027,0.1626,0.000,-0.016
33.140,-0.0320,0.0027,0.1625,0.000,-0.016
33.149,-0.0320,0.0027,0.1623,0.000,-0.016
33.157,-0.0320,0.0027,0.1622,0.000,-0.016
33.166,-0.0320,0.0027,0.1621,0.000,-0.016
33.174,-0.0320,0.0027,0.1619,0.000,-0.015
33.182,-0.0320,0.0027,0.1618,0.000,-0.015
33.189,-0.0320,0.0027,0.1617,0.000,-0.015
33.196,-0.0320,0.0027,0.1616,0.000,-0.010
33.203,-0.0320,0.0027,0.1616,0.000,-0.010
33.210,-0.0320,0.0027,0.1615,0.000,-0.010
33.217,-0.0320,0.0027,0.1614,-0.001,-0.009
33.223,-0.0320,0.0027,0.1614,-0.001,-0.009
33.230,-0.0320,0.0027,0.1613,-0.001,-0.009
33.236,-0.0321,0.0027,0.1613,-0.001,-0.007
33.242,-0.0321,0.0027,0.1612,-0.001,-0.007
33.249,-0.0321,0.0027,0.1612,-0.001,-0.007
33.256,-0.0321,0.0027,0.1611,-0.001,-0.005
33.262,-0.0321,0.0027,0.1611,-0.001,-0.005
33.268,-0.0321,0.0027,0.1611,-0.001,-0.005
33.274,-0.0321,0.0027,0.1611,0.000,-0.002
33.280,-0.0321,0.0027,0.1611,0.000,-0.002
33.286,-0.0321,0.0027,0.1611,0.000,-0.002
33.293,-0.0321,0.0027,0.1610,0.000,-0.002
33.295,-0.0321,0.0027,0.1611,-0.012,0.069
33.399,-0.0333,0.0025,0.1683,-0.012,0.069
33.407,-0.0334,0.0025,0.1689,-0.012,0.069
33.415,-0.0335,0.0024,0.1692,-0.007,0.037
33.422,-0.0335,0.0024,0.1695,-0.007,0.037
33.430,-0.0336,0.0024,0.1697,-0.007,0.037
33.437,-0.0336,0.0024,0.1700,-0.007,0.034
33.445,-0.0337,0.0024,0.1703,-0.007,0.034
33.458,-0.0338,0.0024,0.1706,-0.007,0.026
33.469,-0.0339,0.0024,0.1709,-0.007,0.026
33.477,-0.0339,0.0024,0.1709,-0.003,0.009
33.486,-0.0339,0.0024,0.1710,-0.003,0.009
33.493,-0.0339,0.0024,0.1710,0.000,0.002
33.502,-0.0339,0.0024,0.1710,0.000,0.002
33.510,-0.0339,0.0024,0.1711,0.000,0.002
33.517,-0.0339,0.0024,0.1711,0.000,0.000
33.525,-0.0339,0.0024,0.1711,0.000,0.000
33.533,-0.0339,0.0024,0.1711,0.000,0.000
33.540,-0.0339,0.0024,0.1711,0.000,0.000
33.548,-0.0339,0.0024,0.1711,0.000,0.000
33.555,-0.0339,0.0024,0.1711,0.000,0.000
33.563,-0.0339,0.0024,0.1711,0.000,0.000
33.570,-0.0339,0.0024,0.1711,0.000,0.000
33.578,-0.0339,0.0024,0.1711,0.000,0.000
33.585,-0.0339,0.0024,0.1711,0.000,0.000
33.593,-0.0339,0.0024,0.1711,0.000,0.000
33.600,-0.0339,0.0024,0.1711,0.000,0.000
33.608,-0.0339,0.0024,0.1711,0.000,0.000
33.616,-0.0339,0.0024,0.1711,0.000,0.000
33.624,-0.0339,0.0024,0.1711,0.000,0.000
33.631,-0.0339,0.0024,0.1711,0.000,0.000
33.639,-0.0339,0.0024,0.1711,0.000,0.000
33.647,-0.0339,0.0024,0.1711,0.000,0.000
33.655,-0.0339,0.0024,0.1711,0.000,0.000
33.662,-0.0339,0.0024,0.1711,0.000,0.000
33.669,-0.0339,0.0024,0.1711,0.000,0.000
33.676,-0.0339,0.0024,0.1711,0.000,0.000
33.684,-0.0339,0.0024,0.1711,0.000,0.000
33.692,-0.0339,0.0024,0.1711,0.000,0.000
33.701,-0.0339,0.0024,0.1711,0.000,0.000
33.709,-0.0339,0.0024,0.1711,0.000,0.000
33.716,-0.0339,0.0024,0.1711,0.000,0.000
33.723,-0.0339,0.0024,0.1711,0.000,0.000
33.732,-0.0339,0.0024,0.1711,0.000,0.000
33.740,-0.0339,0.0024,0.1711,0.000,0.000
33.747,-0.0339,0.0024,0.1711,0.000,0.000
33.755,-0.0339,0.0024,0.1711,0.000,0.000
33.763,-0.0339,0.0024,0.1711,0.000,0.000
33.774,-0.0339,0.0024,0.1711,0.000,0.000
33.777,-0.0339,0.0024,0.1711,0.000,0.000
33.780,-0.0339,0.0024,0.1711,0.000,0.000
33.830,-0.0339,0.0024,0.1711,0.000,0.000
33.845,-0.0339,0.0024,0.1711,0.000,0.000
33.900,-0.0339,0.0024,0.1711,0.000,0.000
33.908,-0.0339,0.0024,0.1711,0.000,0.000
33.942,-0.0339,0.0024,0.1711,0.000,0.000
33.972,-0.0339,0.0024,0.1711,0.000,0.000
34.011,-0.0339,0.0024,0.1710,0.000,-0.001
34.039,-0.0339,0.0024,0.1709,0.000,-0.003
34.077,-0.0339,0.0024,0.1705,0.000,-0.012
34.105,-0.0339,0.0024,0.1701,0.000,-0.015
34.137,-0.0339,0.0024,0.1695,0.000,-0.018
34.171,-0.0339,0.0024,0.1687,0.000,-0.022
34.205,-0.0339,0.0024,0.1679,0.000,-0.025
34.239,-0.0339,0.0024,0.1670,0.000,-0.027
34.267,-0.0339,0.0024,0.1660,0.001,-0.033
34.311,-0.0339,0.0024,0.1645,0.000,-0.036
34.334,-0.0339,0.0024,0.1636,0.000,-0.038
34.376,-0.0339,0.0024,0.1618,0.000,-0.042
34.401,-0.0339,0.0024,0.1607,-0.001,-0.044
34.431,-0.0339,0.0024,0.1592,0.000,-0.051
34.484,-0.0339,0.0024,0.1563,0.000,-0.055
34.512,-0.0339,0.0024,0.1546,0.000,-0.059
34.543,-0.0339,0.0024,0.1526,0.000,-0.064
34.581,-0.0339,0.0024,0.1501,0.001,-0.066
34.611,-0.0339,0.0024,0.1480,-0.001,-0.071
34.645,-0.0339,0.0024,0.1453,0.000,-0.079
34.681,-0.0339,0.0024,0.1424,0.000,-0.080
34.714,-0.0339,0.0024,0.1397,0.001,-0.083
34.745,-0.0339,0.0024,0.1371,0.000,-0.084
34.761,-0.0339,0.0024,0.1356,0.000,-0.095
34.866,-0.0339,0.0024,0.1256,0.000,-0.095
34.874,-0.0339,0.0024,0.1249,0.000,-0.094
34.881,-0.0339,0.0024,0.1242,0.000,-0.094
34.890,-0.0339,0.0024,0.1234,0.000,-0.094
34.897,-0.0339,0.0024,0.1227,0.000,-0.094
34.906,-0.0339,0.0024,0.1218,0.000,-0.094
34.915,-0.0339,0.0024,0.1210,-0.001,-0.099
34.923,-0.0339,0.0024,0.1201,-0.001,-0.099
34.932,-0.0339,0.0024,0.1192,0.000,-0.103
34.941,-0.0339,0.0024,0.1183,0.000,-0.103
34.948,-0.0339,0.0024,0.1175,0.000,-0.103
34.955,-0.0339,0.0024,0.1168,0.000,-0.107
34.963,-0.0339,0.0024,0.1160,0.000,-0.107
34.971,-0.0339,0.0024,0.1151,0.000,-0.109
34.980,-0.0339,0.0024,0.1142,0.000,-0.109
34.987,-0.0339,0.0024,0.1133,0.000,-0.109
34.996,-0.0339,0.0024,0.1124,0.000,-0.113
35.004,-0.0339,0.0024,0.1115,0.000,-0.113
35.012,-0.0339,0.0024,0.1105,0.000,-0.114
35.021,-0.0339,0.0024,0.1095,0.000,-0.114
35.029,-0.0339,0.0024,0.1086,0.000,-0.114
35.037,-0.0339,0.0024,0.1076,0.000,-0.117
35.045,-0.0339,0.0024,0.1067,0.000,-0.117
35.053,-0.0339,0.0024,0.1057,0.000,-0.119
35.061,-0.0339,0.0024,0.1048,0.000,-0.119
35.069,-0.0339,0.0024,0.1039,0.000,-0.119
35.077,-0.0339,0.0024,0.1029,0.000,-0.121
35.084,-0.0339,0.0024,0.1020,0.000,-0.121
35.092,-0.0339,0.0024,0.1010,0.000,-0.122
35.100,-0.0339,0.0024,0.1001,0.000,-0.122
35.108,-0.0339,0.0024,0.0991,0.000,-0.122
35.116,-0.0339,0.0024,0.0981,0.000,-0.123
35.124,-0.0339,0.0024,0.0971,0.000,-0.123
35.132,-0.0339,0.0024,0.0962,0.000,-0.122
35.141,-0.0339,0.0024,0.0951,0.000,-0.122
35.148,-0.0339,0.0024,0.0942,0.000,-0.121
35.159,-0.0339,0.0024,0.0929,0.000,-0.121
35.167,-0.0339,0.0024,0.0919,0.000,-0.121
35.175,-0.0339,0.0024,0.0910,0.000,-0.119
35.184,-0.0339,0.0024,0.0900,0.000,-0.119
35.191,-0.0339,0.0024,0.0891,0.000,-0.118
35.199,-0.0339,0.0024,0.0881,0.000,-0.118
35.207,-0.0339,0.0024,0.0872,0.000,-0.118
35.215,-0.0339,0.0024,0.0863,0.000,-0.116
35.222,-0.0339,0.0024,0.0854,0.000,-0.116
35.230,-0.0339,0.0024,0.0845,0.000,-0.113
35.239,-0.0339,0.0024,0.0835,0.000,-0.113
35.248,-0.0339,0.0024,0.0825,0.000,-0.113
35.256,-0.0339,0.0024,0.0816,0.000,-0.112
35.263,-0.0339,0.0024,0.0808,0.000,-0.112
35.271,-0.0339,0.0024,0.0800,0.000,-0.109
35.278,-0.0339,0.0024,0.0792,0.000,-0.109
35.287,-0.0339,0.0024,0.0782,0.000,-0.109
35.295,-0.0339,0.0024,0.0774,0.000,-0.107
35.302,-0.0339,0.0024,0.0766,0.000,-0.107
35.310,-0.0339,0.0024,0.0758,0.000,-0.107
35.317,-0.0339,0.0024,0.0750,0.000,-0.106
35.324,-0.0339,0.0024,0.0743,0.000,-0.106
35.332,-0.0339,0.0024,0.0735,0.000,-0.102
35.341,-0.0339,0.0024,0.0726,0.000,-0.102
35.348,-0.0339,0.0024,0.0719,0.000,-0.102
35.355,-0.0339,0.0024,0.0711,0.000,-0.100
35.362,-0.0339,0.0024,0.0704,0.000,-0.100
35.369,-0.0339,0.0024,0.0697,0.000,-0.100
35.377,-0.0339,0.0024,0.0690,0.000,-0.098
35.384,-0.0339,0.0024,0.0683,0.000,-0.098
35.391,-0.0339,0.0024,0.0676,0.000,-0.096
35.399,-0.0339,0.0024,0.0668,0.000,-0.096
35.406,-0.0339,0.0024,0.0662,0.000,-0.096
35.412,-0.0339,0.0024,0.0655,-0.001,-0.093
35.419,-0.0339,0.0024,0.0649,-0.001,-0.093
35.427,-0.0339,0.0024,0.0642,-0.001,-0.093
35.434,-0.0339,0.0024,0.0635,0.000,-0.092
35.441,-0.0339,0.0024,0.0629,0.000,-0.092
35.448,-0.0339,0.0024,0.0622,0.000,-0.092
35.456,-0.0339,0.0024,0.0616,0.000,-0.091
35.463,-0.0339,0.0024,0.0609,0.000,-0.091
35.471,-0.0339,0.0024,0.0602,0.000,-0.088
35.478,-0.0339,0.0024,0.0596,0.000,-0.088
35.489,-0.0339,0.0024,0.0586,0.000,-0.088
35.496,-0.0339,0.0024,0.0580,0.000,-0.086
35.504,-0.0339,0.0024,0.0574,0.000,-0.086
35.511,-0.0339,0.0024,0.0567,0.000,-0.086
35.519,-0.0339,0.0024,0.0560,0.000,-0.086
35.527,-0.0339,0.0024,0.0554,0.000,-0.086
35.535,-0.0339,0.0024,0.0547,0.000,-0.082
35.542,-0.0339,0.0024,0.0541,0.000,-0.082
35.550,-0.0339,0.0024,0.0535,0.000,-0.082
35.557,-0.0339,0.0024,0.0529,0.000,-0.080
35.564,-0.0339,0.0024,0.0523,0.000,-0.080
35.573,-0.0339,0.0024,0.0516,0.000,-0.080
35.580,-0.0339,0.0024,0.0510,0.000,-0.080
35.588,-0.0339,0.0024,0.0504,0.000,-0.080
35.596,-0.0339,0.0024,0.0498,-0.001,-0.075
35.603,-0.0339,0.0024,0.0493,-0.001,-0.075
35.611,-0.0339,0.0024,0.0487,0.000,-0.073
35.619,-0.0339,0.0024,0.0481,0.000,-0.073
35.627,-0.0339,0.0024,0.0476,0.000,-0.073
35.634,-0.0339,0.0024,0.0470,0.000,-0.073
35.642,-0.0339,0.0024,0.0464,0.000,-0.073
35.651,-0.0339,0.0024,0.0458,-0.001,-0.070
35.659,-0.0339,0.0024,0.0453,-0.001,-0.070
35.666,-0.0339,0.0024,0.0448,-0.001,-0.070
35.673,-0.0339,0.0024,0.0443,0.000,-0.066
35.681,-0.0339,0.0024,0.0438,0.000,-0.066
35.689,-0.0339,0.0024,0.0433,0.000,-0.066
35.697,-0.0339,0.0024,0.0428,0.000,-0.066
35.704,-0.0339,0.0024,0.0423,0.000,-0.066
35.713,-0.0340,0.0024,0.0416,-0.001,-0.065
35.722,-0.0340,0.0024,0.0411,-0.001,-0.065
35.730,-0.0340,0.0024,0.0406,-0.001,-0.065
35.737,-0.0340,0.0024,0.0401,0.000,-0.062
35.745,-0.0340,0.0024,0.0396,0.000,-0.062
35.752,-0.0340,0.0024,0.0392,0.000,-0.058
35.760,-0.0340,0.0024,0.0388,0.000,-0.058
35.768,-0.0340,0.0024,0.0383,0.000,-0.058
35.774,-0.0340,0.0024,0.0379,0.000,-0.057
35.782,-0.0340,0.0024,0.0375,0.000,-0.057
35.789,-0.0340,0.0024,0.0371,0.000,-0.057
35.796,-0.0340,0.0024,0.0367,0.000,-0.056
35.803,-0.0340,0.0024,0.0363,0.000,-0.056
35.809,-0.0340,0.0024,0.0360,0.000,-0.056
35.817,-0.0340,0.0024,0.0356,0.000,-0.055
35.824,-0.0340,0.0024,0.0352,0.000,-0.055
35.831,-0.0340,0.0024,0.0348,0.000,-0.050
35.838,-0.0340,0.0024,0.0345,0.000,-0.050
35.844,-0.0340,0.0024,0.0341,0.000,-0.050
35.850,-0.0340,0.0024,0.0338,0.000,-0.050
35.856,-0.0340,0.0024,0.0336,0.000,-0.048
35.862,-0.0340,0.0024,0.0333,0.000,-0.048
35.869,-0.0340,0.0024,0.0330,0.000,-0.048
35.875,-0.0340,0.0024,0.0327,0.000,-0.048
35.881,-0.0340,0.0024,0.0324,0.000,-0.048
35.888,-0.0340,0.0024,0.0321,0.000,-0.048
35.894,-0.0340,0.0024,0.0317,0.000,-0.046
35.901,-0.0340,0.0024,0.0314,0.000,-0.046
35.908,-0.0340,0.0024,0.0311,0.000,-0.046
35.916,-0.0340,0.0024,0.0308,0.000,-0.044
35.925,-0.0340,0.0024,0.0304,0.000,-0.044
35.933,-0.0340,0.0024,0.0301,0.000,-0.039
35.942,-0.0340,0.0024,0.0297,0.000,-0.039
35.947,-0.0340,0.0024,0.0295,0.000,-0.039
35.950,-0.0340,0.0024,0.0294,0.000,-0.033
36.054,-0.0340,0.0024,0.0259,0.000,-0.034
36.061,-0.0340,0.0024,0.0256,0.000,-0.034
36.069,-0.0340,0.0024,0.0254,0.000,-0.034
36.077,-0.0340,0.0024,0.0251,0.000,-0.032
36.085,-0.0340,0.0024,0.0249,0.000,-0.032
36.093,-0.0340,0.0024,0.0246,0.000,-0.030
36.101,-0.0340,0.0024,0.0244,0.000,-0.030
36.109,-0.0340,0.0024,0.0241,0.000,-0.030
36.118,-0.0340,0.0024,0.0239,0.000,-0.027
36.126,-0.0340,0.0024,0.0237,0.000,-0.027
36.134,-0.0340,0.0024,0.0235,0.000,-0.025
36.142,-0.0340,0.0024,0.0233,0.000,-0.025
36.150,-0.0340,0.0024,0.0231,0.000,-0.025
36.158,-0.0340,0.0024,0.0229,0.000,-0.022
36.166,-0.0340,0.0024,0.0227,0.000,-0.022
36.173,-0.0340,0.0024,0.0226,0.000,-0.021
36.182,-0.0340,0.0024,0.0224,0.000,-0.021
36.192,-0.0340,0.0024,0.0222,0.000,-0.016
36.200,-0.0340,0.0024,0.0221,0.000,-0.016
36.207,-0.0340,0.0024,0.0220,0.000,-0.016
36.215,-0.0340,0.0024,0.0219,0.000,-0.014
36.222,-0.0340,0.0024,0.0218,0.000,-0.014
36.230,-0.0340,0.0024,0.0217,0.000,-0.014
36.238,-0.0340,0.0024,0.0216,0.000,-0.011
36.246,-0.0340,0.0024,0.0215,0.000,-0.011
36.255,-0.0340,0.0024,0.0214,0.000,-0.007
36.262,-0.0340,0.0024,0.0214,0.000,-0.007
36.271,-0.0340,0.0024,0.0213,0.000,-0.006
36.279,-0.0340,0.0024,0.0213,0.000,-0.006
36.287,-0.0340,0.0024,0.0212,0.000,-0.006
36.295,-0.0340,0.0024,0.0212,0.000,-0.004
36.302,-0.0340,0.0024,0.0212,0.000,-0.004
36.311,-0.0340,0.0024,0.0211,0.000,-0.003
36.319,-0.0340,0.0024,0.0211,0.000,-0.003
36.326,-0.0340,0.0024,0.0211,0.000,-0.003
36.334,-0.0340,0.0024,0.0211,0.000,-0.002
36.342,-0.0340,0.0024,0.0211,0.000,-0.002
36.353,-0.0340,0.0024,0.0219,-0.002,0.073
36.361,-0.0340,0.0024,0.0224,-0.002,0.073
36.368,-0.0340,0.0024,0.0230,-0.002,0.073
36.377,-0.0342,0.0024,0.0241,-0.019,0.132
36.384,-0.0343,0.0024,0.0251,-0.019,0.132
36.392,-0.0345,0.0024,0.0258,-0.020,0.096
36.399,-0.0346,0.0024,0.0265,-0.020,0.096
36.407,-0.0348,0.0024,0.0272,-0.020,0.096
36.414,-0.0348,0.0023,0.0276,-0.008,0.046
36.422,-0.0349,0.0023,0.0279,-0.008,0.046
36.428,-0.0349,0.0023,0.0282,-0.008,0.046
36.431,-0.0350,0.0023,0.0283,-0.008,0.035
36.462,-0.0351,0.0023,0.0288,-0.005,0.016
36.497,-0.0351,0.0023,0.0289,0.000,0.001
36.526,-0.0351,0.0023,0.0289,0.000,0.000
36.560,-0.0351,0.0023,0.0290,0.001,0.005
36.663,-0.0350,0.0023,0.0296,0.001,0.005
36.671,-0.0350,0.0023,0.0296,0.001,0.006
36.681,-0.0350,0.0023,0.0297,0.001,0.006
36.689,-0.0350,0.0023,0.0297,0.001,0.006
36.697,-0.0350,0.0023,0.0298,0.000,0.006
36.705,-0.0350,0.0023,0.0298,0.000,0.006
36.713,-0.0350,0.0023,0.0299,0.000,0.010
36.721,-0.0350,0.0023,0.0300,0.000,0.010
36.728,-0.0350,0.0023,0.0300,0.000,0.010
36.736,-0.0350,0.0023,0.0301,-0.001,0.015
36.743,-0.0350,0.0023,0.0303,-0.001,0.015
36.752,-0.0350,0.0023,0.0304,0.000,0.020
36.760,-0.0350,0.0023,0.0306,0.000,0.020
36.767,-0.0350,0.0023,0.0307,0.000,0.020
36.774,-0.0350,0.0023,0.0309,0.000,0.022
36.781,-0.0350,0.0023,0.0311,0.000,0.022
36.790,-0.0350,0.0023,0.0313,0.000,0.024
36.799,-0.0350,0.0023,0.0315,0.000,0.024
36.807,-0.0350,0.0023,0.0317,0.000,0.024
36.814,-0.0350,0.0023,0.0319,0.000,0.026
36.821,-0.0350,0.0023,0.0320,0.000,0.026
36.829,-0.0350,0.0023,0.0322,0.000,0.026
36.838,-0.0350,0.0023,0.0325,0.000,0.029
36.846,-0.0350,0.0023,0.0327,0.000,0.029
36.852,-0.0350,0.0023,0.0329,0.000,0.032
36.860,-0.0350,0.0023,0.0332,0.000,0.032
36.866,-0.0350,0.0023,0.0334,0.000,0.032
36.873,-0.0350,0.0023,0.0336,0.000,0.033
36.881,-0.0350,0.0023,0.0339,0.000,0.033
36.890,-0.0350,0.0023,0.0342,0.000,0.033
36.899,-0.0350,0.0023,0.0345,0.000,0.034
36.907,-0.0350,0.0023,0.0347,0.000,0.034
36.914,-0.0350,0.0023,0.0350,0.000,0.034
36.921,-0.0350,0.0023,0.0352,0.000,0.034
36.927,-0.0350,0.0023,0.0354,0.000,0.034
36.933,-0.0350,0.0023,0.0356,0.000,0.032
36.939,-0.0350,0.0023,0.0358,0.000,0.032
36.946,-0.0350,0.0023,0.0360,0.000,0.032
36.952,-0.0350,0.0023,0.0362,0.000,0.030
36.959,-0.0350,0.0023,0.0364,0.000,0.030
36.966,-0.0350,0.0023,0.0366,0.000,0.030
36.972,-0.0350,0.0023,0.0368,0.000,0.028
36.980,-0.0350,0.0023,0.0370,0.000,0.028
36.988,-0.0350,0.0023,0.0372,0.000,0.028
36.995,-0.0350,0.0023,0.0374,0.000,0.028
37.002,-0.0350,0.0023,0.0376,0.000,0.028
37.008,-0.0350,0.0023,0.0378,0.000,0.028
37.015,-0.0350,0.0023,0.0380,0.000,0.026
37.022,-0.0350,0.0023,0.0382,0.000,0.026
37.029,-0.0350,0.0023,0.0384,0.000,0.026
37.036,-0.0350,0.0023,0.0385,0.000,0.023
37.042,-0.0350,0.0023,0.0387,0.000,0.023
37.051,-0.0350,0.0023,0.0388,-0.001,0.021
37.059,-0.0350,0.0023,0.0390,-0.001,0.021
37.067,-0.0350,0.0023,0.0392,-0.001,0.021
37.075,-0.0350,0.0023,0.0393,0.000,0.019
37.082,-0.0350,0.0023,0.0395,0.000,0.019
37.089,-0.0350,0.0023,0.0396,0.000,0.019
37.097,-0.0350,0.0023,0.0397,0.000,0.017
37.104,-0.0350,0.0023,0.0399,0.000,0.017
37.112,-0.0350,0.0023,0.0400,0.000,0.016
37.121,-0.0350,0.0023,0.0401,0.000,0.016
37.131,-0.0350,0.0023,0.0403,0.000,0.014
37.139,-0.0350,0.0023,0.0404,0.000,0.014
37.147,-0.0350,0.0023,0.0405,0.000,0.014
37.155,-0.0350,0.0023,0.0406,0.000,0.011
37.162,-0.0350,0.0023,0.0407,0.000,0.011
37.170,-0.0350,0.0023,0.0407,0.000,0.011
37.177,-0.0350,0.0023,0.0408,-0.001,0.008
37.184,-0.0350,0.0023,0.0409,-0.001,0.008
37.193,-0.0350,0.0023,0.0409,0.000,0.007
37.200,-0.0350,0.0023,0.0410,0.000,0.007
37.207,-0.0350,0.0023,0.0410,0.000,0.007
37.215,-0.0350,0.0023,0.0411,0.000,0.006
37.223,-0.0350,0.0023,0.0411,0.000,0.006
37.230,-0.0350,0.0023,0.0412,0.000,0.006
37.238,-0.0350,0.0023,0.0412,0.000,0.004
37.246,-0.0350,0.0023,0.0412,0.000,0.004
37.254,-0.0350,0.0023,0.0412,0.000,0.002
37.261,-0.0350,0.0023,0.0412,0.000,0.002
37.270,-0.0350,0.0023,0.0412,0.000,0.000
37.279,-0.0350,0.0023,0.0412,0.000,0.000
37.289,-0.0350,0.0023,0.0412,0.000,0.000
37.297,-0.0350,0.0023,0.0412,0.000,0.000
37.305,-0.0350,0.0023,0.0412,0.000,0.000
37.312,-0.0350,0.0023,0.0412,0.000,0.000
37.320,-0.0350,0.0023,0.0412,0.000,0.000
37.327,-0.0350,0.0023,0.0412,0.000,0.000
37.334,-0.0350,0.0023,0.0412,0.000,0.000
37.341,-0.0350,0.0023,0.0412,0.000,0.000
37.348,-0.0350,0.0023,0.0412,0.000,0.000
37.356,-0.0350,0.0023,0.0412,0.000,0.000
37.364,-0.0350,0.0023,0.0412,0.000,0.000
37.372,-0.0350,0.0023,0.0412,0.000,0.000
37.380,-0.0350,0.0023,0.0412,0.000,0.000
37.387,-0.0350,0.0023,0.0412,0.000,0.000
37.394,-0.0350,0.0023,0.0412,0.000,0.000
37.396,-0.0350,0.0023,0.0412,0.000,0.000
37.501,-0.0350,0.0023,0.0412,0.000,0.000
37.509,-0.0350,0.0023,0.0412,0.000,0.000
37.517,-0.0350,0.0023,0.0412,0.000,0.000
37.525,-0.0350,0.0023,0.0412,0.000,0.000
37.534,-0.0350,0.0023,0.0412,0.000,0.000
37.541,-0.0350,0.0023,0.0412,0.000,0.000
37.548,-0.0350,0.0023,0.0412,0.000,0.000
37.556,-0.0350,0.0023,0.0412,0.000,0.000
37.564,-0.0350,0.0023,0.0412,0.000,0.000
37.572,-0.0350,0.0023,0.0412,0.000,0.000
37.580,-0.0350,0.0023,0.0412,0.000,0.000
37.588,-0.0350,0.0023,0.0412,0.000,0.000
37.597,-0.0350,0.0023,0.0412,0.000,0.000
37.605,-0.0350,0.0023,0.0412,0.000,0.000
37.613,-0.0350,0.0023,0.0412,0.000,-0.002
37.621,-0.0350,0.0023,0.0412,0.000,-0.002
37.628,-0.0350,0.0023,0.0412,0.000,-0.002
37.636,-0.0350,0.0023,0.0411,0.000,-0.009
37.645,-0.0350,0.0023,0.0411,0.000,-0.009
37.652,-0.0350,0.0023,0.0409,0.000,-0.014
37.660,-0.0350,0.0023,0.0408,0.000,-0.014
37.667,-0.0350,0.0023,0.0407,0.000,-0.014
37.676,-0.0350,0.0023,0.0406,-0.001,-0.017
37.686,-0.0350,0.0023,0.0404,-0.001,-0.017
37.694,-0.0350,0.0023,0.0403,0.000,-0.020
37.701,-0.0350,0.0023,0.0401,0.000,-0.020
37.708,-0.0350,0.0023,0.0400,0.000,-0.020
37.716,-0.0350,0.0023,0.0398,0.000,-0.020
37.723,-0.0350,0.0023,0.0397,0.000,-0.020
37.730,-0.0350,0.0023,0.0395,0.000,-0.020
37.738,-0.0350,0.0023,0.0393,0.000,-0.024
37.745,-0.0350,0.0023,0.0392,0.000,-0.024
37.753,-0.0350,0.0023,0.0390,0.000,-0.025
37.760,-0.0350,0.0023,0.0388,0.000,-0.025
37.768,-0.0350,0.0023,0.0386,0.000,-0.025
37.776,-0.0350,0.0023,0.0384,0.000,-0.027
37.783,-0.0350,0.0023,0.0382,0.000,-0.027
37.791,-0.0350,0.0023,0.0380,0.000,-0.026
37.799,-0.0350,0.0023,0.0378,0.000,-0.026
37.807,-0.0350,0.0023,0.0376,0.000,-0.026
37.815,-0.0350,0.0023,0.0374,0.000,-0.024
37.822,-0.0350,0.0023,0.0372,0.000,-0.024
37.829,-0.0350,0.0023,0.0370,0.000,-0.024
37.837,-0.0350,0.0023,0.0369,0.000,-0.023
37.845,-0.0350,0.0023,0.0367,0.000,-0.023
37.853,-0.0350,0.0023,0.0365,0.000,-0.020
37.860,-0.0350,0.0023,0.0364,0.000,-0.020
37.867,-0.0350,0.0023,0.0362,0.000,-0.020
37.875,-0.0350,0.0023,0.0361,0.000,-0.018
37.883,-0.0350,0.0023,0.0360,0.000,-0.018
37.891,-0.0350,0.0023,0.0358,0.000,-0.018
37.894,-0.0350,0.0023,0.0358,0.000,-0.018
37.897,-0.0350,0.0023,0.0357,0.000,-0.014
37.929,-0.0350,0.0023,0.0354,0.000,-0.010
37.962,-0.0350,0.0023,0.0351,0.000,-0.010
37.994,-0.0350,0.0023,0.0349,0.000,-0.006
38.028,-0.0350,0.0023,0.0348,0.000,-0.002
38.061,-0.0350,0.0023,0.0348,0.000,-0.001
38.095,-0.0350,0.0023,0.0348,0.000,0.000
38.128,-0.0350,0.0023,0.0348,0.000,0.000
38.146,-0.0350,0.0023,0.0348,0.000,0.000
38.196,-0.0350,0.0023,0.0349,0.000,0.003
38.300,-0.0350,0.0023,0.0352,0.000,0.003
38.309,-0.0350,0.0023,0.0353,0.000,0.003
38.316,-0.0350,0.0023,0.0353,0.000,0.006
38.324,-0.0350,0.0023,0.0353,0.000,0.006
38.331,-0.0350,0.0023,0.0354,0.000,0.006
38.338,-0.0350,0.0023,0.0354,0.001,0.007
38.345,-0.0350,0.0023,0.0355,0.001,0.007
38.353,-0.0350,0.0023,0.0356,0.000,0.012
38.360,-0.0350,0.0023,0.0357,0.000,0.012
38.369,-0.0350,0.0023,0.0358,0.000,0.012
38.378,-0.0350,0.0023,0.0359,0.000,0.020
38.385,-0.0350,0.0023,0.0361,0.000,0.020
38.394,-0.0350,0.0023,0.0363,0.001,0.027
38.401,-0.0350,0.0023,0.0365,0.001,0.027
38.409,-0.0350,0.0023,0.0367,0.001,0.027
38.417,-0.0350,0.0023,0.0370,0.000,0.029
38.425,-0.0350,0.0023,0.0372,0.000,0.029
38.432,-0.0350,0.0023,0.0374,0.000,0.031
38.440,-0.0350,0.0023,0.0377,0.000,0.031
38.448,-0.0350,0.0023,0.0379,0.000,0.031
38.457,-0.0350,0.0023,0.0382,0.000,0.035
38.464,-0.0350,0.0023,0.0385,0.000,0.035
38.471,-0.0350,0.0023,0.0388,0.000,0.039
38.480,-0.0350,0.0023,0.0391,0.000,0.039
38.487,-0.0350,0.0023,0.0394,0.000,0.039
38.494,-0.0350,0.0023,0.0397,0.000,0.039
38.502,-0.0350,0.0023,0.0400,0.000,0.039
38.510,-0.0350,0.0023,0.0403,0.000,0.039
38.517,-0.0350,0.0023,0.0405,0.000,0.039
38.524,-0.0350,0.0023,0.0408,0.000,0.039
38.531,-0.0350,0.0023,0.0411,0.000,0.038
38.539,-0.0350,0.0023,0.0414,0.000,0.038
38.546,-0.0350,0.0023,0.0417,0.000,0.038
38.554,-0.0350,0.0023,0.0419,0.000,0.037
38.562,-0.0350,0.0023,0.0423,0.000,0.037
38.571,-0.0350,0.0023,0.0426,0.000,0.035
38.579,-0.0350,0.0023,0.0428,0.000,0.035
38.586,-0.0350,0.0023,0.0431,0.000,0.035
38.594,-0.0350,0.0023,0.0433,0.000,0.034
38.603,-0.0350,0.0023,0.0437,0.000,0.034
38.610,-0.0350,0.0023,0.0439,0.000,0.034
38.618,-0.0350,0.0023,0.0442,0.000,0.033
38.626,-0.0350,0.0023,0.0444,0.000,0.033
38.634,-0.0350,0.0023,0.0447,0.000,0.030
38.642,-0.0350,0.0023,0.0449,0.000,0.030
38.649,-0.0350,0.0023,0.0451,0.000,0.030
38.657,-0.0350,0.0023,0.0453,0.000,0.027
38.664,-0.0350,0.0023,0.0455,0.000,0.027
38.672,-0.0350,0.0023,0.0458,0.000,0.027
38.680,-0.0350,0.0023,0.0460,0.000,0.027
38.687,-0.0350,0.0023,0.0462,0.000,0.027
38.697,-0.0350,0.0023,0.0464,0.000,0.024
38.707,-0.0350,0.0023,0.0466,0.000,0.024
38.718,-0.0350,0.0023,0.0469,0.000,0.020
38.727,-0.0350,0.0023,0.0470,0.000,0.020
38.735,-0.0350,0.0023,0.0472,0.000,0.019
38.742,-0.0350,0.0023,0.0473,0.000,0.019
38.749,-0.0350,0.0023,0.0474,0.000,0.019
38.756,-0.0350,0.0023,0.0476,0.000,0.017
38.763,-0.0350,0.0023,0.0477,0.000,0.017
38.771,-0.0350,0.0023,0.0478,0.000,0.015
38.778,-0.0350,0.0023,0.0479,0.000,0.015
38.785,-0.0350,0.0023,0.0480,0.000,0.015
38.793,-0.0350,0.0023,0.0481,0.000,0.013
38.800,-0.0350,0.0023,0.0482,0.000,0.013
38.807,-0.0350,0.0023,0.0483,0.000,0.013
38.815,-0.0350,0.0023,0.0484,0.000,0.011
38.822,-0.0350,0.0023,0.0485,0.000,0.011
38.829,-0.0350,0.0023,0.0485,0.000,0.011
38.837,-0.0350,0.0023,0.0486,0.000,0.008
38.845,-0.0350,0.0023,0.0487,0.000,0.008
38.855,-0.0350,0.0023,0.0487,0.000,0.007
38.863,-0.0350,0.0023,0.0488,0.000,0.007
38.872,-0.0350,0.0023,0.0489,0.000,0.006
38.882,-0.0350,0.0023,0.0489,0.000,0.006
38.891,-0.0350,0.0023,0.0490,0.000,0.005
38.899,-0.0350,0.0023,0.0490,0.000,0.005
38.906,-0.0350,0.0023,0.0490,0.000,0.005
38.914,-0.0350,0.0023,0.0491,0.000,0.003
38.922,-0.0350,0.0023,0.0491,0.000,0.003
38.931,-0.0350,0.0023,0.0491,0.000,0.002
38.940,-0.0350,0.0023,0.0491,0.000,0.002
38.948,-0.0350,0.0023,0.0491,0.000,0.002
38.957,-0.0350,0.0023,0.0491,0.000,0.000
38.965,-0.0350,0.0023,0.0491,0.000,0.000
38.972,-0.0350,0.0023,0.0491,0.000,0.000
38.978,-0.0350,0.0023,0.0491,0.000,0.000
38.985,-0.0350,0.0023,0.0491,0.000,0.000
38.992,-0.0350,0.0023,0.0491,0.000,0.000
39.000,-0.0350,0.0023,0.0491,0.000,0.000
39.007,-0.0350,0.0023,0.0491,0.000,0.000
39.015,-0.0350,0.0023,0.0491,0.000,0.000
39.023,-0.0350,0.0023,0.0491,0.000,0.000
39.030,-0.0350,0.0023,0.0491,0.000,0.000
39.038,-0.0350,0.0023,0.0491,0.000,0.000
39.044,-0.0350,0.0023,0.0491,0.000,0.000
39.051,-0.0350,0.0023,0.0491,0.000,0.000
39.058,-0.0350,0.0023,0.0491,0.000,0.000
39.064,-0.0350,0.0023,0.0491,0.000,0.000
39.070,-0.0350,0.0023,0.0491,0.000,0.000
39.077,-0.0350,0.0023,0.0491,0.000,0.000
39.083,-0.0350,0.0023,0.0491,0.000,0.000
39.090,-0.0350,0.0023,0.0491,0.000,0.000
39.097,-0.0350,0.0023,0.0491,0.000,0.000
39.104,-0.0350,0.0023,0.0491,0.000,0.000
39.111,-0.0350,0.0023,0.0491,0.000,0.000
39.119,-0.0350,0.0023,0.0491,0.000,0.000
39.127,-0.0350,0.0023,0.0491,0.000,0.000
39.135,-0.0350,0.0023,0.0491,0.000,0.000
39.141,-0.0350,0.0023,0.0491,0.000,0.000
39.143,-0.0350,0.0023,0.0491,0.000,0.000
39.246,-0.0350,0.0023,0.0491,0.000,0.000
39.254,-0.0350,0.0023,0.0491,0.000,0.000
39.262,-0.0350,0.0023,0.0491,0.000,0.000
39.269,-0.0350,0.0023,0.0491,0.000,0.000
39.278,-0.0350,0.0023,0.0491,0.000,0.000
39.287,-0.0350,0.0023,0.0491,0.000,0.000
39.295,-0.0350,0.0023,0.0491,0.000,0.000
39.304,-0.0350,0.0023,0.0491,0.000,0.000
39.312,-0.0350,0.0023,0.0491,0.000,0.000
39.321,-0.0350,0.0023,0.0491,0.000,0.000
39.329,-0.0350,0.0023,0.0491,0.000,0.000
39.336,-0.0350,0.0023,0.0491,0.000,0.000
39.344,-0.0350,0.0023,0.0491,0.000,0.000
39.352,-0.0350,0.0023,0.0491,0.000,-0.002
39.360,-0.0350,0.0023,0.0491,0.000,-0.002
39.368,-0.0350,0.0023,0.0491,0.000,-0.002
39.375,-0.0350,0.0023,0.0490,0.000,-0.010
39.383,-0.0350,0.0023,0.0489,0.000,-0.010
39.391,-0.0350,0.0023,0.0488,0.000,-0.015
39.399,-0.0350,0.0023,0.0487,0.000,-0.015
39.406,-0.0350,0.0023,0.0486,0.000,-0.015
39.414,-0.0350,0.0023,0.0485,0.000,-0.017
39.422,-0.0350,0.0023,0.0483,0.000,-0.017
39.430,-0.0350,0.0023,0.0482,0.000,-0.017
39.438,-0.0350,0.0023,0.0480,0.000,-0.019
39.446,-0.0350,0.0023,0.0479,0.000,-0.019
39.454,-0.0350,0.0023,0.0477,0.000,-0.021
39.461,-0.0350,0.0023,0.0476,0.000,-0.021
39.468,-0.0350,0.0023,0.0474,0.000,-0.021
39.478,-0.0350,0.0023,0.0472,0.000,-0.023
39.486,-0.0350,0.0023,0.0470,0.000,-0.023
39.495,-0.0350,0.0023,0.0468,0.000,-0.025
39.502,-0.0350,0.0023,0.0466,0.000,-0.025
39.510,-0.0350,0.0023,0.0464,0.000,-0.025
39.518,-0.0350,0.0023,0.0462,-0.001,-0.024
39.526,-0.0350,0.0023,0.0460,-0.001,-0.024
39.535,-0.0350,0.0023,0.0458,-0.001,-0.024
39.544,-0.0350,0.0023,0.0456,-0.001,-0.024
39.551,-0.0350,0.0023,0.0454,0.000,-0.022
39.560,-0.0350,0.0023,0.0452,0.000,-0.022
39.568,-0.0350,0.0023,0.0451,0.000,-0.022
39.575,-0.0350,0.0023,0.0449,0.000,-0.022
39.583,-0.0350,0.0023,0.0447,0.000,-0.022
39.590,-0.0350,0.0023,0.0446,0.000,-0.020
39.598,-0.0350,0.0023,0.0444,0.000,-0.020
39.606,-0.0350,0.0023,0.0443,0.000,-0.020
39.613,-0.0350,0.0023,0.0441,0.000,-0.019
39.621,-0.0350,0.0023,0.0440,0.000,-0.019
39.628,-0.0350,0.0023,0.0439,0.000,-0.019
39.636,-0.0350,0.0023,0.0437,0.000,-0.017
39.643,-0.0350,0.0023,0.0436,0.000,-0.017
39.645,-0.0350,0.0023,0.0436,0.000,-0.017
39.646,-0.0350,0.0023,0.0435,0.000,-0.012
39.682,-0.0350,0.0023,0.0432,0.000,-0.009
39.710,-0.0350,0.0023,0.0429,0.000,-0.010
39.727,-0.0350,0.0023,0.0428,0.000,-0.007
39.760,-0.0350,0.0023,0.0427,0.000,-0.003
39.792,-0.0350,0.0023,0.0427,0.000,0.000
39.894,-0.0350,0.0023,0.0427,0.000,0.000
39.902,-0.0350,0.0023,0.0427,0.000,0.000
39.909,-0.0350,0.0023,0.0427,0.000,0.000
39.916,-0.0350,0.0023,0.0427,0.000,0.000
39.925,-0.0350,0.0023,0.0427,0.000,0.000
39.932,-0.0350,0.0023,0.0427,0.000,0.000
39.941,-0.0350,0.0023,0.0427,0.000,0.000
39.957,-0.0350,0.0023,0.0427,0.000,0.000
39.966,-0.0350,0.0023,0.0427,0.000,0.000
39.974,-0.0350,0.0023,0.0427,0.000,0.000
39.980,-0.0350,0.0023,0.0427,0.000,0.000
39.987,-0.0350,0.0023,0.0427,0.000,0.000
39.993,-0.0350,0.0023,0.0427,0.000,0.000
40.000,-0.0350,0.0023,0.0427,0.000,0.000
40.006,-0.0350,0.0023,0.0427,0.000,0.000
40.012,-0.0350,0.0023,0.0427,0.000,0.001
40.019,-0.0350,0.0023,0.0427,0.000,0.001
40.025,-0.0350,0.0023,0.0427,0.000,0.001
40.031,-0.0350,0.0023,0.0428,0.000,0.001
40.038,-0.0350,0.0023,0.0428,0.000,0.005
40.044,-0.0350,0.0023,0.0428,0.000,0.005
40.051,-0.0350,0.0023,0.0429,0.000,0.005
40.058,-0.0350,0.0023,0.0429,0.000,0.013
40.065,-0.0350,0.0023,0.0430,0.000,0.013
40.073,-0.0350,0.0023,0.0432,0.000,0.021
40.081,-0.0350,0.0023,0.0434,0.000,0.021
40.088,-0.0350,0.0023,0.0435,0.000,0.021
40.096,-0.0350,0.0023,0.0437,0.000,0.024
40.103,-0.0350,0.0023,0.0439,0.000,0.024
40.116,-0.0350,0.0023,0.0442,0.000,0.027
40.123,-0.0350,0.0023,0.0444,0.000,0.027
40.131,-0.0350,0.0023,0.0446,0.000,0.027
40.138,-0.0350,0.0023,0.0448,0.000,0.028
40.146,-0.0350,0.0023,0.0451,0.000,0.028
40.154,-0.0350,0.0023,0.0453,0.000,0.026
40.162,-0.0350,0.0023,0.0455,0.000,0.026
40.169,-0.0350,0.0023,0.0457,0.000,0.026
40.177,-0.0350,0.0023,0.0458,0.000,0.023
40.185,-0.0350,0.0023,0.0460,0.000,0.023
40.194,-0.0350,0.0023,0.0463,0.000,0.024
40.202,-0.0350,0.0023,0.0464,0.000,0.024
40.210,-0.0350,0.0023,0.0466,0.000,0.024
40.217,-0.0350,0.0023,0.0468,0.000,0.022
40.225,-0.0350,0.0023,0.0469,0.000,0.022
40.232,-0.0350,0.0023,0.0471,0.000,0.020
40.240,-0.0350,0.0023,0.0473,0.000,0.020
40.247,-0.0350,0.0023,0.0474,0.000,0.020
40.255,-0.0350,0.0023,0.0475,0.000,0.017
40.262,-0.0350,0.0023,0.0477,0.000,0.017
40.270,-0.0350,0.0023,0.0478,0.000,0.015
40.279,-0.0350,0.0023,0.0479,0.000,0.015
40.287,-0.0350,0.0023,0.0480,0.000,0.015
40.295,-0.0350,0.0023,0.0481,0.000,0.015
40.302,-0.0350,0.0023,0.0482,0.000,0.015
40.309,-0.0350,0.0023,0.0484,0.000,0.015
40.317,-0.0350,0.0023,0.0484,0.000,0.012
40.324,-0.0350,0.0023,0.0485,0.000,0.012
40.331,-0.0350,0.0023,0.0486,0.000,0.012
40.338,-0.0350,0.0023,0.0487,0.000,0.009
40.346,-0.0350,0.0023,0.0488,0.000,0.009
40.354,-0.0350,0.0023,0.0488,0.000,0.008
40.361,-0.0350,0.0023,0.0489,0.000,0.008
40.369,-0.0350,0.0023,0.0489,0.000,0.008
40.377,-0.0350,0.0023,0.0490,0.000,0.006
40.384,-0.0350,0.0023,0.0490,0.000,0.006
40.391,-0.0350,0.0023,0.0491,0.000,0.004
40.399,-0.0350,0.0023,0.0491,0.000,0.004
40.406,-0.0350,0.0023,0.0491,0.000,0.004
40.413,-0.0350,0.0023,0.0491,0.000,0.002
40.421,-0.0350,0.0023,0.0491,0.000,0.002
40.429,-0.0350,0.0023,0.0492,0.000,0.002
40.437,-0.0350,0.0023,0.0492,0.000,0.000
40.444,-0.0350,0.0023,0.0492,0.000,0.000
40.452,-0.0350,0.0023,0.0492,0.000,0.000
40.459,-0.0350,0.0023,0.0492,0.000,0.000
40.467,-0.0350,0.0023,0.0492,0.000,0.000
40.474,-0.0350,0.0023,0.0492,0.000,0.000
40.483,-0.0350,0.0023,0.0492,0.000,0.000
40.492,-0.0350,0.0023,0.0492,0.000,0.000
40.501,-0.0350,0.0023,0.0492,0.000,0.000
40.509,-0.0350,0.0023,0.0492,0.000,0.000
40.516,-0.0350,0.0023,0.0492,0.000,0.000
40.524,-0.0350,0.0023,0.0492,0.000,0.000
40.532,-0.0350,0.0023,0.0492,0.000,0.000
40.541,-0.0350,0.0023,0.0492,0.000,0.000
40.548,-0.0350,0.0023,0.0492,0.000,0.000
40.556,-0.0350,0.0023,0.0492,0.000,0.000
40.563,-0.0350,0.0023,0.0492,0.000,0.000
40.571,-0.0350,0.0023,0.0492,0.000,0.000
40.580,-0.0350,0.0023,0.0492,0.000,0.000
40.588,-0.0350,0.0023,0.0492,0.000,0.000
40.596,-0.0350,0.0023,0.0492,0.000,0.000
40.603,-0.0350,0.0023,0.0492,0.000,0.000
40.611,-0.0350,0.0023,0.0492,0.000,0.000
40.620,-0.0350,0.0023,0.0492,0.000,0.000
40.627,-0.0350,0.0023,0.0492,0.000,0.000
40.635,-0.0350,0.0023,0.0492,0.000,0.000
40.643,-0.0350,0.0023,0.0492,0.000,0.000
40.651,-0.0350,0.0023,0.0492,0.000,0.000
40.658,-0.0350,0.0023,0.0492,0.000,0.000
40.666,-0.0350,0.0023,0.0492,0.000,0.000
40.674,-0.0350,0.0023,0.0492,0.000,0.000
40.681,-0.0350,0.0023,0.0492,0.000,0.000
40.688,-0.0350,0.0023,0.0492,0.000,0.000
40.696,-0.0350,0.0023,0.0492,0.000,0.000
40.704,-0.0350,0.0023,0.0492,0.000,0.000
40.706,-0.0350,0.0023,0.0492,0.000,0.000
40.809,-0.0350,0.0023,0.0492,0.000,0.000
40.817,-0.0350,0.0023,0.0492,0.000,0.000
40.824,-0.0350,0.0023,0.0492,0.000,0.000
40.833,-0.0350,0.0023,0.0492,0.000,0.000
40.841,-0.0350,0.0023,0.0492,0.000,0.000
40.850,-0.0350,0.0023,0.0492,0.000,0.000
40.859,-0.0350,0.0023,0.0492,0.000,0.000
40.867,-0.0350,0.0023,0.0492,0.000,0.000
40.875,-0.0350,0.0023,0.0492,0.000,0.000
40.882,-0.0350,0.0023,0.0492,0.000,0.000
40.889,-0.0350,0.0023,0.0492,0.000,0.000
40.896,-0.0350,0.0023,0.0492,0.000,0.000
40.904,-0.0350,0.0023,0.0492,0.000,0.000
40.911,-0.0350,0.0023,0.0491,0.000,-0.002
40.919,-0.0350,0.0023,0.0491,0.000,-0.002
40.927,-0.0350,0.0023,0.0491,0.000,-0.002
40.934,-0.0350,0.0023,0.0491,0.000,-0.008
40.942,-0.0350,0.0023,0.0490,0.000,-0.008
40.949,-0.0350,0.0023,0.0489,0.000,-0.008
40.958,-0.0350,0.0023,0.0488,0.000,-0.015
40.965,-0.0350,0.0023,0.0487,0.000,-0.015
40.973,-0.0350,0.0023,0.0486,0.000,-0.017
40.981,-0.0350,0.0023,0.0484,0.000,-0.017
40.990,-0.0350,0.0023,0.0483,0.000,-0.017
40.998,-0.0350,0.0023,0.0481,0.000,-0.020
41.006,-0.0350,0.0023,0.0479,0.000,-0.020
41.014,-0.0350,0.0023,0.0478,0.000,-0.020
41.021,-0.0350,0.0023,0.0477,0.000,-0.020
41.029,-0.0350,0.0023,0.0475,0.000,-0.020
41.037,-0.0350,0.0023,0.0473,0.000,-0.022
41.044,-0.0350,0.0023,0.0472,0.000,-0.022
41.052,-0.0350,0.0023,0.0470,-0.001,-0.023
41.061,-0.0350,0.0023,0.0468,-0.001,-0.023
41.068,-0.0351,0.0023,0.0466,-0.001,-0.023
41.076,-0.0351,0.0023,0.0464,0.000,-0.025
41.083,-0.0351,0.0023,0.0462,0.000,-0.025
41.091,-0.0351,0.0023,0.0460,0.000,-0.024
41.099,-0.0351,0.0023,0.0458,0.000,-0.024
41.107,-0.0351,0.0023,0.0457,0.000,-0.024
41.114,-0.0351,0.0023,0.0455,0.000,-0.023
41.123,-0.0351,0.0023,0.0453,0.000,-0.023
41.130,-0.0351,0.0023,0.0451,0.000,-0.023
41.139,-0.0351,0.0023,0.0450,0.000,-0.021
41.147,-0.0351,0.0023,0.0448,0.000,-0.021
41.155,-0.0351,0.0023,0.0446,0.000,-0.021
41.163,-0.0351,0.0023,0.0444,0.000,-0.021
41.170,-0.0351,0.0023,0.0443,0.000,-0.021
41.176,-0.0351,0.0023,0.0442,0.000,-0.018
41.179,-0.0351,0.0023,0.0441,0.000,-0.016
41.208,-0.0350,0.0023,0.0438,0.001,-0.012
41.252,-0.0350,0.0023,0.0433,0.000,-0.011
41.268,-0.0350,0.0023,0.0431,0.000,-0.011
41.302,-0.0350,0.0023,0.0429,0.000,-0.008
41.332,-0.0350,0.0023,0.0427,0.000,-0.004
41.366,-0.0351,0.0023,0.0427,-0.001,-0.002
41.402,-0.0351,0.0023,0.0427,0.000,0.000
41.443,-0.0351,0.0023,0.0427,0.000,0.000
41.507,-0.0351,0.0023,0.0427,0.000,0.000
41.611,-0.0351,0.0023,0.0428,0.000,0.001
41.620,-0.0351,0.0023,0.0428,0.000,0.001
41.628,-0.0351,0.0023,0.0428,0.000,0.001
41.635,-0.0351,0.0023,0.0428,0.000,0.005
41.642,-0.0351,0.0023,0.0429,0.000,0.005
41.649,-0.0351,0.0023,0.0429,0.000,0.005
41.657,-0.0351,0.0023,0.0430,0.001,0.012
41.665,-0.0350,0.0023,0.0431,0.001,0.012
41.672,-0.0350,0.0023,0.0432,0.001,0.020
41.680,-0.0350,0.0023,0.0434,0.001,0.020
41.688,-0.0350,0.0023,0.0435,0.001,0.020
41.696,-0.0350,0.0023,0.0437,0.000,0.025
41.704,-0.0350,0.0023,0.0439,0.000,0.025
41.711,-0.0350,0.0023,0.0441,0.000,0.028
41.719,-0.0350,0.0023,0.0444,0.000,0.028
41.726,-0.0350,0.0023,0.0446,0.000,0.028
41.733,-0.0350,0.0023,0.0448,0.000,0.032
41.741,-0.0350,0.0023,0.0450,0.000,0.032
41.748,-0.0350,0.0023,0.0453,0.000,0.032
41.754,-0.0350,0.0023,0.0455,0.000,0.035
41.761,-0.0350,0.0023,0.0457,0.000,0.035
41.769,-0.0350,0.0023,0.0460,0.000,0.035
41.778,-0.0350,0.0023,0.0463,0.000,0.036
41.786,-0.0350,0.0023,0.0466,0.000,0.036
41.794,-0.0350,0.0023,0.0469,0.000,0.037
41.801,-0.0350,0.0023,0.0472,0.000,0.037
41.810,-0.0350,0.0023,0.0475,0.000,0.037
41.817,-0.0350,0.0023,0.0478,0.000,0.039
41.825,-0.0350,0.0023,0.0481,0.000,0.039
41.832,-0.0350,0.0023,0.0484,0.000,0.038
41.841,-0.0350,0.0023,0.0487,0.000,0.038
41.849,-0.0350,0.0023,0.0490,0.000,0.038
41.857,-0.0350,0.0023,0.0493,0.000,0.037
41.865,-0.0350,0.0023,0.0496,0.000,0.037
41.872,-0.0350,0.0023,0.0499,0.000,0.036
41.881,-0.0350,0.0023,0.0502,0.000,0.036
41.888,-0.0350,0.0023,0.0504,0.000,0.036
41.896,-0.0350,0.0023,0.0507,0.000,0.035
41.904,-0.0350,0.0023,0.0510,0.000,0.035
41.912,-0.0350,0.0023,0.0512,0.000,0.030
41.920,-0.0350,0.0023,0.0515,0.000,0.030
41.928,-0.0350,0.0023,0.0517,0.000,0.030
41.937,-0.0350,0.0023,0.0519,-0.001,0.027
41.945,-0.0350,0.0023,0.0522,-0.001,0.027
41.952,-0.0350,0.0023,0.0523,-0.001,0.026
41.960,-0.0351,0.0023,0.0526,-0.001,0.026
41.968,-0.0351,0.0023,0.0528,-0.001,0.026
41.976,-0.0351,0.0023,0.0530,0.000,0.025
41.984,-0.0351,0.0023,0.0532,0.000,0.025
41.991,-0.0351,0.0023,0.0533,0.000,0.023
42.000,-0.0351,0.0023,0.0535,0.000,0.023
42.007,-0.0351,0.0023,0.0537,0.000,0.023
42.015,-0.0351,0.0023,0.0539,0.000,0.021
42.023,-0.0351,0.0023,0.0540,0.000,0.021
42.030,-0.0351,0.0023,0.0542,0.000,0.018
42.039,-0.0351,0.0023,0.0543,0.000,0.018
42.046,-0.0351,0.0023,0.0544,0.000,0.018
42.054,-0.0351,0.0023,0.0546,0.000,0.017
42.062,-0.0351,0.0023,0.0547,0.000,0.017
42.070,-0.0351,0.0023,0.0548,0.000,0.017
42.077,-0.0351,0.0023,0.0550,0.000,0.016
42.085,-0.0351,0.0023,0.0551,0.000,0.016
42.094,-0.0351,0.0023,0.0552,0.000,0.014
42.101,-0.0351,0.0023,0.0553,0.000,0.014
42.109,-0.0351,0.0023,0.0554,0.000,0.014
42.117,-0.0351,0.0023,0.0555,0.000,0.012
42.124,-0.0351,0.0023,0.0556,0.000,0.012
42.132,-0.0351,0.0023,0.0557,0.000,0.010
42.141,-0.0351,0.0023,0.0558,0.000,0.010
42.148,-0.0351,0.0023,0.0558,0.000,0.010
42.155,-0.0351,0.0023,0.0559,0.000,0.009
42.163,-0.0351,0.0023,0.0560,0.000,0.009
42.170,-0.0351,0.0023,0.0560,0.000,0.009
42.178,-0.0351,0.0023,0.0561,0.000,0.005
42.186,-0.0351,0.0023,0.0561,0.000,0.005
42.193,-0.0351,0.0023,0.0561,0.000,0.003
42.202,-0.0351,0.0023,0.0562,0.000,0.003
42.210,-0.0351,0.0023,0.0562,0.000,0.001
42.220,-0.0351,0.0023,0.0562,0.000,0.001
42.223,-0.0351,0.0023,0.0562,0.000,0.001
42.225,-0.0351,0.0023,0.0562,0.000,0.001
42.228,-0.0351,0.0023,0.0562,0.000,0.000
42.333,-0.0351,0.0023,0.0562,0.000,0.000
42.341,-0.0351,0.0023,0.0562,0.000,0.000
42.348,-0.0351,0.0023,0.0562,0.000,0.000
42.357,-0.0351,0.0023,0.0562,0.000,0.000
42.364,-0.0351,0.0023,0.0562,0.000,0.000
42.372,-0.0351,0.0023,0.0562,0.000,0.000
42.381,-0.0351,0.0023,0.0562,0.000,0.000
42.390,-0.0351,0.0023,0.0562,0.000,0.000
42.398,-0.0351,0.0023,0.0562,0.000,0.000
42.406,-0.0351,0.0023,0.0562,0.000,0.000
42.414,-0.0351,0.0023,0.0562,0.000,0.000
42.423,-0.0351,0.0023,0.0562,0.000,0.000
42.430,-0.0351,0.0023,0.0562,0.000,0.000
42.439,-0.0351,0.0023,0.0562,0.000,0.001
42.446,-0.0351,0.0023,0.0562,0.000,0.001
42.454,-0.0351,0.0023,0.0562,0.000,0.004
42.462,-0.0351,0.0023,0.0563,0.000,0.004
42.470,-0.0351,0.0023,0.0563,0.000,0.004
42.477,-0.0351,0.0023,0.0564,-0.001,0.011
42.485,-0.0351,0.0023,0.0565,-0.001,0.011
42.496,-0.0351,0.0023,0.0566,-0.001,0.015
42.505,-0.0351,0.0023,0.0568,-0.001,0.015
42.512,-0.0351,0.0023,0.0569,0.000,0.020
42.521,-0.0351,0.0023,0.0571,0.000,0.020
42.529,-0.0351,0.0023,0.0572,0.000,0.020
42.536,-0.0351,0.0023,0.0574,0.000,0.022
42.544,-0.0351,0.0023,0.0576,0.000,0.022
42.551,-0.0351,0.0023,0.0578,0.000,0.024
42.560,-0.0351,0.0023,0.0580,0.000,0.024
42.567,-0.0351,0.0023,0.0581,0.000,0.024
42.575,-0.0351,0.0023,0.0583,0.000,0.025
42.583,-0.0351,0.0023,0.0585,0.000,0.025
42.590,-0.0351,0.0023,0.0587,0.000,0.025
42.598,-0.0351,0.0023,0.0589,0.000,0.025
42.605,-0.0351,0.0023,0.0591,0.000,0.025
42.613,-0.0351,0.0023,0.0593,0.000,0.026
42.621,-0.0351,0.0023,0.0595,0.000,0.026
42.630,-0.0351,0.0023,0.0597,0.000,0.026
42.639,-0.0351,0.0023,0.0600,0.000,0.025
42.647,-0.0351,0.0023,0.0601,0.000,0.025
42.656,-0.0351,0.0023,0.0604,0.000,0.022
42.663,-0.0351,0.0023,0.0605,0.000,0.022
42.671,-0.0351,0.0023,0.0607,0.000,0.022
42.679,-0.0351,0.0023,0.0608,0.001,0.020
42.687,-0.0351,0.0023,0.0610,0.001,0.020
42.696,-0.0351,0.0023,0.0612,0.000,0.019
42.700,-0.0351,0.0023,0.0612,0.000,0.015
42.727,-0.0351,0.0023,0.0615,0.000,0.010
42.799,-0.0350,0.0023,0.0624,0.001,0.012
42.827,-0.0350,0.0023,0.0627,0.001,0.012
42.829,-0.0350,0.0023,0.0627,0.000,0.011
42.861,-0.0350,0.0023,0.0632,0.000,0.014
42.894,-0.0350,0.0023,0.0639,-0.001,0.022
42.921,-0.0350,0.0023,0.0645,0.000,0.024
42.952,-0.0350,0.0023,0.0654,0.000,0.027
42.992,-0.0350,0.0023,0.0665,0.000,0.029
43.017,-0.0350,0.0023,0.0674,0.000,0.034
43.049,-0.0350,0.0023,0.0686,-0.001,0.037
43.093,-0.0350,0.0023,0.0703,0.000,0.039
43.116,-0.0350,0.0023,0.0713,0.000,0.045
43.173,-0.0350,0.0023,0.0740,0.000,0.047
43.180,-0.0350,0.0023,0.0744,0.000,0.049
43.211,-0.0350,0.0023,0.0760,0.000,0.053
43.257,-0.0350,0.0023,0.0786,0.000,0.057
43.294,-0.0350,0.0023,0.0807,0.000,0.055
43.311,-0.0350,0.0023,0.0817,0.001,0.060
43.361,-0.0350,0.0023,0.0847,0.001,0.060
43.377,-0.0350,0.0023,0.0857,0.000,0.065
43.411,-0.0350,0.0023,0.0880,-0.002,0.069
43.514,-0.0353,0.0023,0.0954,-0.002,0.071
43.521,-0.0353,0.0023,0.0959,-0.002,0.071
43.529,-0.0353,0.0023,0.0964,-0.002,0.071
43.536,-0.0353,0.0023,0.0969,-0.001,0.070
43.544,-0.0353,0.0023,0.0975,-0.001,0.070
43.553,-0.0353,0.0023,0.0981,0.000,0.075
43.561,-0.0353,0.0023,0.0987,0.000,0.075
43.568,-0.0353,0.0023,0.0993,0.000,0.075
43.576,-0.0353,0.0023,0.0999,0.000,0.083
43.583,-0.0353,0.0023,0.1005,0.000,0.083
43.590,-0.0353,0.0023,0.1011,0.000,0.083
43.598,-0.0353,0.0023,0.1018,0.000,0.086
43.605,-0.0353,0.0023,0.1024,0.000,0.086
43.612,-0.0353,0.0023,0.1030,0.000,0.092
43.620,-0.0353,0.0023,0.1038,0.000,0.092
43.627,-0.0353,0.0023,0.1045,0.000,0.092
43.634,-0.0353,0.0023,0.1051,0.000,0.096
43.642,-0.0353,0.0023,0.1059,0.000,0.096
43.650,-0.0353,0.0023,0.1066,0.000,0.096
43.659,-0.0353,0.0023,0.1075,0.001,0.096
43.666,-0.0353,0.0023,0.1082,0.001,0.096
43.674,-0.0352,0.0023,0.1090,0.004,0.096
43.682,-0.0352,0.0023,0.1097,0.004,0.096
43.690,-0.0352,0.0023,0.1104,0.004,0.096
43.698,-0.0352,0.0023,0.1112,0.003,0.097
43.707,-0.0351,0.0023,0.1121,0.003,0.097
43.714,-0.0351,0.0023,0.1128,0.003,0.098
43.722,-0.0351,0.0023,0.1136,0.003,0.098
43.728,-0.0351,0.0023,0.1142,0.003,0.098
43.735,-0.0351,0.0023,0.1149,0.003,0.100
43.743,-0.0350,0.0023,0.1157,0.003,0.100
43.750,-0.0350,0.0024,0.1164,0.003,0.100
43.757,-0.0350,0.0024,0.1171,0.001,0.101
43.765,-0.0350,0.0024,0.1179,0.001,0.101
43.772,-0.0350,0.0024,0.1186,0.001,0.101
43.780,-0.0350,0.0024,0.1194,0.001,0.101
43.788,-0.0350,0.0024,0.1202,0.001,0.101
43.795,-0.0350,0.0024,0.1209,0.000,0.101
43.802,-0.0350,0.0024,0.1216,0.000,0.101
43.809,-0.0350,0.0024,0.1223,0.000,0.101
43.817,-0.0350,0.0024,0.1231,-0.001,0.102
43.825,-0.0350,0.0024,0.1240,-0.001,0.102
43.834,-0.0350,0.0024,0.1249,0.000,0.101
43.841,-0.0350,0.0024,0.1256,0.000,0.101
43.849,-0.0350,0.0024,0.1264,0.000,0.101
43.857,-0.0350,0.0024,0.1272,-0.001,0.099
43.866,-0.0350,0.0024,0.1281,-0.001,0.099
43.874,-0.0350,0.0023,0.1288,-0.001,0.098
43.881,-0.0350,0.0023,0.1296,-0.001,0.098
43.888,-0.0350,0.0023,0.1303,-0.001,0.098
43.896,-0.0350,0.0023,0.1310,-0.001,0.095
43.903,-0.0350,0.0023,0.1317,-0.001,0.095
43.910,-0.0350,0.0023,0.1324,-0.001,0.095
43.918,-0.0351,0.0023,0.1331,-0.001,0.092
43.926,-0.0351,0.0023,0.1338,-0.001,0.092
43.933,-0.0351,0.0023,0.1344,0.000,0.090
43.943,-0.0351,0.0023,0.1353,0.000,0.090
43.950,-0.0351,0.0023,0.1360,0.000,0.090
43.959,-0.0351,0.0023,0.1367,-0.001,0.086
43.966,-0.0351,0.0023,0.1374,-0.001,0.086
43.974,-0.0351,0.0023,0.1380,0.000,0.085
43.981,-0.0351,0.0023,0.1386,0.000,0.085
43.989,-0.0351,0.0023,0.1393,0.000,0.085
43.998,-0.0351,0.0023,0.1400,0.000,0.083
44.005,-0.0351,0.0023,0.1406,0.000,0.083
44.013,-0.0351,0.0023,0.1413,0.000,0.080
44.023,-0.0351,0.0023,0.1421,0.000,0.080
44.031,-0.0351,0.0023,0.1427,0.000,0.078
44.040,-0.0351,0.0023,0.1434,0.000,0.078
44.047,-0.0351,0.0023,0.1440,0.000,0.078
44.055,-0.0351,0.0023,0.1445,0.000,0.076
44.062,-0.0351,0.0023,0.1451,0.000,0.076
44.070,-0.0351,0.0023,0.1457,0.000,0.076
44.077,-0.0351,0.0023,0.1462,0.000,0.075
44.085,-0.0351,0.0023,0.1468,0.000,0.075
44.092,-0.0351,0.0023,0.1473,0.000,0.072
44.101,-0.0351,0.0023,0.1479,0.000,0.072
44.108,-0.0351,0.0023,0.1485,0.000,0.072
44.116,-0.0351,0.0023,0.1491,0.000,0.072
44.124,-0.0351,0.0023,0.1496,0.000,0.072
44.132,-0.0351,0.0023,0.1501,0.000,0.070
44.141,-0.0351,0.0023,0.1508,0.000,0.070
44.149,-0.0351,0.0023,0.1513,0.000,0.070
44.157,-0.0351,0.0023,0.1519,0.000,0.068
44.164,-0.0351,0.0023,0.1524,0.000,0.068
44.172,-0.0351,0.0023,0.1529,0.000,0.067
44.182,-0.0351,0.0023,0.1536,0.000,0.067
44.189,-0.0351,0.0023,0.1541,0.000,0.067
44.197,-0.0351,0.0023,0.1546,0.000,0.066
44.205,-0.0351,0.0023,0.1551,0.000,0.066
44.212,-0.0351,0.0023,0.1555,0.000,0.062
44.220,-0.0351,0.0023,0.1561,0.000,0.062
44.227,-0.0351,0.0023,0.1565,0.000,0.062
44.235,-0.0351,0.0023,0.1569,0.000,0.058
44.242,-0.0351,0.0023,0.1574,0.000,0.058
44.249,-0.0351,0.0023,0.1578,0.000,0.058
44.257,-0.0351,0.0023,0.1582,0.000,0.058
44.265,-0.0351,0.0023,0.1587,0.000,0.058
44.272,-0.0351,0.0023,0.1591,0.000,0.054
44.280,-0.0351,0.0023,0.1595,0.000,0.054
44.288,-0.0351,0.0023,0.1599,0.000,0.054
44.296,-0.0351,0.0023,0.1603,0.000,0.050
44.303,-0.0351,0.0023,0.1607,0.000,0.050
44.311,-0.0351,0.0023,0.1610,0.000,0.050
44.318,-0.0351,0.0023,0.1614,0.000,0.050
44.326,-0.0351,0.0023,0.1618,0.000,0.050
44.334,-0.0351,0.0023,0.1622,0.000,0.046
44.341,-0.0351,0.0023,0.1625,0.000,0.046
44.349,-0.0351,0.0023,0.1629,0.000,0.046
44.357,-0.0351,0.0023,0.1632,0.000,0.045
44.365,-0.0351,0.0023,0.1636,0.000,0.045
44.372,-0.0351,0.0023,0.1639,0.001,0.046
44.381,-0.0351,0.0023,0.1643,0.001,0.046
44.389,-0.0351,0.0023,0.1647,0.001,0.046
44.397,-0.0351,0.0023,0.1651,0.000,0.043
44.405,-0.0351,0.0023,0.1654,0.000,0.043
44.412,-0.0351,0.0023,0.1657,0.000,0.040
44.420,-0.0351,0.0023,0.1660,0.000,0.040
44.427,-0.0351,0.0023,0.1663,0.000,0.040
44.434,-0.0351,0.0023,0.1665,0.000,0.037
44.441,-0.0351,0.0023,0.1668,0.000,0.037
44.447,-0.0351,0.0023,0.1670,0.000,0.037
44.453,-0.0350,0.0023,0.1672,0.001,0.038
44.461,-0.0350,0.0023,0.1675,0.001,0.038
44.469,-0.0350,0.0023,0.1678,0.001,0.038
44.478,-0.0350,0.0023,0.1682,0.001,0.038
44.485,-0.0350,0.0024,0.1685,0.001,0.038
44.491,-0.0350,0.0024,0.1687,0.001,0.038
44.497,-0.0350,0.0024,0.1689,0.000,0.035
44.503,-0.0350,0.0024,0.1691,0.000,0.035
44.509,-0.0350,0.0024,0.1693,0.000,0.035
44.515,-0.0350,0.0024,0.1695,0.000,0.031
44.521,-0.0350,0.0024,0.1697,0.000,0.031
44.528,-0.0350,0.0024,0.1699,0.000,0.031
44.534,-0.0350,0.0024,0.1701,0.000,0.029
44.541,-0.0350,0.0024,0.1703,0.000,0.029
44.549,-0.0350,0.0024,0.1705,0.000,0.029
44.556,-0.0350,0.0024,0.1707,0.000,0.029
44.564,-0.0350,0.0024,0.1709,0.000,0.029
44.571,-0.0350,0.0024,0.1711,0.000,0.024
44.579,-0.0350,0.0024,0.1713,0.000,0.024
44.587,-0.0350,0.0024,0.1715,0.000,0.024
44.594,-0.0350,0.0024,0.1716,0.000,0.021
44.601,-0.0350,0.0024,0.1718,0.000,0.021
44.610,-0.0350,0.0024,0.1720,0.000,0.021
44.618,-0.0350,0.0024,0.1721,0.000,0.017
44.628,-0.0350,0.0024,0.1723,0.000,0.017
44.635,-0.0350,0.0024,0.1724,0.000,0.015
44.643,-0.0350,0.0024,0.1725,0.000,0.015
44.651,-0.0350,0.0024,0.1726,0.000,0.015
44.658,-0.0350,0.0024,0.1727,0.000,0.015
44.666,-0.0350,0.0024,0.1728,0.000,0.015
44.674,-0.0350,0.0024,0.1730,0.001,0.014
44.682,-0.0350,0.0024,0.1731,0.001,0.014
44.689,-0.0350,0.0024,0.1732,0.001,0.014
44.696,-0.0350,0.0024,0.1732,0.000,0.010
44.704,-0.0350,0.0024,0.1733,0.000,0.010
44.712,-0.0350,0.0024,0.1734,-0.001,0.012
44.719,-0.0350,0.0024,0.1735,-0.001,0.012
44.727,-0.0350,0.0024,0.1736,-0.001,0.012
44.734,-0.0350,0.0024,0.1737,-0.001,0.010
44.742,-0.0350,0.0023,0.1737,-0.001,0.010
44.749,-0.0350,0.0023,0.1738,-0.001,0.010
44.756,-0.0350,0.0023,0.1739,0.000,0.007
44.763,-0.0350,0.0023,0.1739,0.000,0.007
44.770,-0.0350,0.0023,0.1740,0.000,0.007
44.777,-0.0350,0.0023,0.1740,0.000,0.006
44.785,-0.0350,0.0023,0.1741,0.000,0.006
44.793,-0.0350,0.0023,0.1741,0.001,0.006
44.801,-0.0350,0.0024,0.1741,0.001,0.006
44.808,-0.0350,0.0024,0.1742,0.001,0.006
44.815,-0.0350,0.0024,0.1742,0.000,0.005
44.822,-0.0350,0.0024,0.1743,0.000,0.005
44.830,-0.0350,0.0024,0.1743,0.000,0.005
44.838,-0.0350,0.0024,0.1743,0.000,0.005
44.846,-0.0350,0.0024,0.1744,0.000,0.005
44.854,-0.0350,0.0023,0.1743,-0.003,-0.011
44.864,-0.0351,0.0023,0.1742,-0.003,-0.011
44.871,-0.0350,0.0023,0.1732,0.004,-0.137
44.879,-0.0350,0.0024,0.1721,0.004,-0.137
44.887,-0.0350,0.0024,0.1710,0.004,-0.137
44.894,-0.0349,0.0024,0.1701,0.003,-0.133
44.902,-0.0349,0.0024,0.1690,0.003,-0.133
44.911,-0.0349,0.0024,0.1679,0.003,-0.133
44.919,-0.0348,0.0024,0.1672,0.007,-0.081
44.927,-0.0348,0.0024,0.1665,0.007,-0.081
44.936,-0.0348,0.0024,0.1661,-0.002,-0.046
44.947,-0.0348,0.0024,0.1656,-0.002,-0.046
44.955,-0.0348,0.0024,0.1653,-0.003,-0.042
44.963,-0.0349,0.0024,0.1649,-0.003,-0.042
44.971,-0.0349,0.0024,0.1646,-0.003,-0.042
44.979,-0.0349,0.0024,0.1644,-0.001,-0.026
44.987,-0.0349,0.0024,0.1642,-0.001,-0.026
44.995,-0.0349,0.0024,0.1641,0.000,-0.008
45.003,-0.0349,0.0024,0.1641,0.000,-0.008
45.010,-0.0349,0.0024,0.1640,0.000,-0.008
45.018,-0.0349,0.0024,0.1640,0.000,-0.001
45.026,-0.0349,0.0024,0.1640,0.000,-0.001
45.033,-0.0349,0.0024,0.1640,0.000,0.000
45.041,-0.0349,0.0024,0.1640,0.000,0.000
45.049,-0.0349,0.0024,0.1640,0.000,0.000
45.056,-0.0349,0.0024,0.1640,0.000,0.000
45.064,-0.0349,0.0024,0.1640,0.000,0.000
45.071,-0.0349,0.0024,0.1640,0.000,0.000
45.079,-0.0349,0.0024,0.1640,0.000,0.000
45.088,-0.0349,0.0024,0.1640,0.000,0.000
45.096,-0.0349,0.0024,0.1640,0.000,0.000
45.173,-0.0349,0.0024,0.1640,0.000,0.000
45.181,-0.0349,0.0024,0.1640,0.000,0.000
45.187,-0.0349,0.0024,0.1640,0.000,0.000
45.194,-0.0349,0.0024,0.1640,0.000,0.000
45.200,-0.0349,0.0024,0.1640,0.000,0.000
45.206,-0.0349,0.0024,0.1640,0.000,0.000
45.213,-0.0349,0.0024,0.1640,0.000,0.000
45.220,-0.0349,0.0024,0.1640,0.000,0.000
45.226,-0.0349,0.0024,0.1640,0.000,0.000
45.233,-0.0349,0.0024,0.1640,0.000,0.000
45.242,-0.0349,0.0024,0.1640,0.000,0.000
45.249,-0.0349,0.0024,0.1640,0.000,0.000
45.257,-0.0349,0.0024,0.1640,0.000,0.000
45.266,-0.0349,0.0024,0.1640,0.000,0.000
45.275,-0.0349,0.0024,0.1640,0.000,0.000
45.282,-0.0349,0.0024,0.1640,0.000,0.000
45.289,-0.0349,0.0024,0.1640,0.000,0.000
45.296,-0.0349,0.0024,0.1640,0.000,0.000
45.303,-0.0349,0.0024,0.1640,0.000,0.000
45.311,-0.0349,0.0024,0.1640,0.000,0.000
45.318,-0.0349,0.0024,0.1640,0.000,0.000
45.326,-0.0349,0.0024,0.1640,0.000,0.000
45.333,-0.0349,0.0024,0.1640,0.000,0.000
45.342,-0.0349,0.0024,0.1640,0.000,0.000
45.349,-0.0349,0.0024,0.1640,0.000,0.000
45.356,-0.0349,0.0024,0.1640,0.000,0.000
45.364,-0.0349,0.0024,0.1640,0.000,0.000
45.371,-0.0349,0.0024,0.1640,0.000,0.000
45.378,-0.0349,0.0024,0.1640,0.000,0.000
45.386,-0.0349,0.0024,0.1640,0.000,0.000
45.393,-0.0349,0.0024,0.1640,0.000,0.000
45.402,-0.0349,0.0024,0.1640,0.000,0.000
45.410,-0.0349,0.0024,0.1640,0.000,0.000
45.418,-0.0349,0.0024,0.1640,0.000,0.000
45.426,-0.0349,0.0024,0.1640,0.000,0.000
45.433,-0.0349,0.0024,0.1640,0.000,0.000
45.442,-0.0349,0.0024,0.1640,0.000,0.000
45.449,-0.0349,0.0024,0.1640,0.000,0.000
45.457,-0.0349,0.0024,0.1640,0.000,0.000
45.465,-0.0349,0.0024,0.1640,0.000,0.000
45.473,-0.0349,0.0024,0.1640,0.000,0.000
45.481,-0.0349,0.0024,0.1640,0.000,0.000
45.488,-0.0349,0.0024,0.1640,0.000,0.000
45.495,-0.0349,0.0024,0.1640,0.000,0.000
45.504,-0.0349,0.0024,0.1640,0.000,0.000
45.512,-0.0349,0.0024,0.1640,0.000,0.000
45.520,-0.0349,0.0024,0.1640,0.000,0.000
45.528,-0.0349,0.0024,0.1640,0.000,0.000
45.535,-0.0349,0.0024,0.1640,0.000,0.000
45.544,-0.0349,0.0024,0.1640,0.000,0.000
45.551,-0.0349,0.0024,0.1640,0.000,0.000
45.562,-0.0349,0.0024,0.1640,0.000,0.000
45.569,-0.0349,0.0024,0.1640,0.000,0.000
45.577,-0.0349,0.0024,0.1640,0.000,0.000
45.585,-0.0349,0.0024,0.1640,0.000,0.000
45.593,-0.0349,0.0024,0.1640,0.000,0.000
45.601,-0.0349,0.0024,0.1640,0.000,0.000
45.608,-0.0349,0.0024,0.1640,0.000,0.000
45.615,-0.0349,0.0024,0.1640,0.000,0.000
45.624,-0.0349,0.0024,0.1640,0.000,0.000
45.631,-0.0349,0.0024,0.1640,0.000,0.000
45.639,-0.0349,0.0024,0.1640,0.000,0.000
45.647,-0.0349,0.0024,0.1640,0.000,0.000
45.655,-0.0349,0.0024,0.1640,0.000,0.000
45.664,-0.0349,0.0024,0.1640,0.000,0.000
45.672,-0.0349,0.0024,0.1640,0.000,0.000
45.680,-0.0349,0.0024,0.1640,0.000,0.000
45.689,-0.0349,0.0024,0.1640,0.000,0.000
45.696,-0.0349,0.0024,0.1640,0.000,0.000
45.704,-0.0349,0.0024,0.1640,0.000,0.000
45.712,-0.0349,0.0024,0.1640,0.000,0.000
45.722,-0.0349,0.0024,0.1640,0.000,0.000
45.730,-0.0349,0.0024,0.1640,0.000,0.000
45.739,-0.0349,0.0024,0.1640,0.000,0.000
45.747,-0.0349,0.0024,0.1640,0.000,0.000
45.754,-0.0349,0.0024,0.1640,0.000,0.000
45.762,-0.0349,0.0024,0.1640,0.000,0.000
45.770,-0.0349,0.0024,0.1640,0.000,0.000
45.777,-0.0349,0.0024,0.1640,0.000,0.000
45.785,-0.0349,0.0024,0.1640,0.000,0.000
45.793,-0.0349,0.0024,0.1640,0.000,0.000
45.801,-0.0349,0.0024,0.1640,0.000,0.000
45.808,-0.0349,0.0024,0.1640,0.000,0.000
45.815,-0.0349,0.0024,0.1640,0.000,0.000
45.823,-0.0349,0.0024,0.1640,0.000,0.000
45.830,-0.0349,0.0024,0.1640,0.000,0.000
45.837,-0.0349,0.0024,0.1640,0.000,0.000
45.845,-0.0349,0.0024,0.1640,0.000,0.000
45.852,-0.0349,0.0024,0.1640,0.000,0.000
45.860,-0.0349,0.0024,0.1640,0.000,0.000
45.867,-0.0349,0.0024,0.1640,0.000,0.000
45.876,-0.0349,0.0024,0.1640,0.000,0.000
45.883,-0.0349,0.0024,0.1640,0.000,0.000
45.890,-0.0349,0.0024,0.1640,0.000,0.000
45.898,-0.0349,0.0024,0.1640,0.000,0.000
45.907,-0.0349,0.0024,0.1640,0.000,0.000
45.914,-0.0349,0.0024,0.1640,0.000,0.000
45.921,-0.0349,0.0024,0.1640,0.000,0.000
45.928,-0.0349,0.0024,0.1640,0.000,0.000
45.935,-0.0349,0.0024,0.1640,0.000,0.000
45.943,-0.0349,0.0024,0.1640,0.000,0.000
45.950,-0.0349,0.0024,0.1640,0.000,0.000
45.957,-0.0349,0.0024,0.1640,0.000,0.000
45.965,-0.0349,0.0024,0.1640,0.000,0.000
45.971,-0.0349,0.0024,0.1640,0.000,0.000
45.979,-0.0349,0.0024,0.1640,0.000,0.000
45.986,-0.0349,0.0024,0.1640,0.000,0.000
45.993,-0.0349,0.0024,0.1640,0.000,0.000
46.002,-0.0349,0.0024,0.1640,0.000,0.000
46.009,-0.0349,0.0024,0.1640,0.000,0.000
46.015,-0.0349,0.0024,0.1640,0.000,0.000
46.024,-0.0349,0.0024,0.1640,0.000,0.000
46.032,-0.0349,0.0024,0.1640,0.000,0.000
46.040,-0.0349,0.0024,0.1640,0.000,0.000
46.048,-0.0349,0.0024,0.1640,0.000,0.000
46.055,-0.0349,0.0024,0.1640,0.000,0.000
46.063,-0.0349,0.0024,0.1640,0.000,0.000
46.070,-0.0349,0.0024,0.1640,0.000,0.000
46.079,-0.0349,0.0024,0.1640,0.000,0.000
46.086,-0.0349,0.0024,0.1640,0.000,0.000
46.094,-0.0349,0.0024,0.1640,0.000,0.000
46.101,-0.0349,0.0024,0.1640,0.000,0.000
46.108,-0.0349,0.0024,0.1640,0.000,0.000
46.115,-0.0349,0.0024,0.1640,0.000,0.000
46.123,-0.0349,0.0024,0.1640,0.000,0.000
46.130,-0.0349,0.0024,0.1640,0.000,0.000
46.138,-0.0349,0.0024,0.1640,0.000,0.000
46.145,-0.0349,0.0024,0.1640,0.000,0.000
46.153,-0.0349,0.0024,0.1640,0.000,0.000
46.161,-0.0349,0.0024,0.1640,0.000,0.000
46.168,-0.0349,0.0024,0.1640,0.000,0.000
46.176,-0.0349,0.0024,0.1640,0.000,0.000
46.183,-0.0349,0.0024,0.1640,0.000,0.000
46.191,-0.0349,0.0024,0.1640,0.000,0.000
46.198,-0.0349,0.0024,0.1640,0.000,0.000
46.205,-0.0349,0.0024,0.1640,0.000,0.000
46.212,-0.0349,0.0024,0.1640,0.000,0.000
46.220,-0.0349,0.0024,0.1640,0.000,0.000
46.227,-0.0349,0.0024,0.1640,0.000,0.000
46.234,-0.0349,0.0024,0.1640,0.000,0.000
46.242,-0.0349,0.0024,0.1640,0.000,0.000
46.249,-0.0349,0.0024,0.1640,0.000,0.000
46.257,-0.0349,0.0024,0.1640,0.000,0.000
46.265,-0.0349,0.0024,0.1640,0.000,0.000
46.272,-0.0349,0.0024,0.1640,0.000,0.000
46.280,-0.0349,0.0024,0.1640,0.000,0.000
46.288,-0.0349,0.0024,0.1640,0.000,0.000
46.295,-0.0349,0.0024,0.1640,0.000,0.000
46.303,-0.0349,0.0024,0.1640,0.000,0.000
46.311,-0.0349,0.0024,0.1640,0.000,0.000
46.319,-0.0349,0.0024,0.1640,0.000,0.000
46.329,-0.0349,0.0024,0.1640,0.000,0.000
46.336,-0.0349,0.0024,0.1640,0.000,0.000
46.344,-0.0349,0.0024,0.1640,0.000,0.000
46.351,-0.0349,0.0024,0.1640,0.000,0.000
46.359,-0.0349,0.0024,0.1640,0.000,0.000
46.366,-0.0349,0.0024,0.1640,0.000,0.000
46.374,-0.0349,0.0024,0.1640,0.000,0.000
46.382,-0.0349,0.0024,0.1640,0.000,0.000
46.390,-0.0349,0.0024,0.1640,0.000,0.000
46.397,-0.0349,0.0024,0.1640,0.000,0.000
46.405,-0.0349,0.0024,0.1640,0.000,0.000
46.412,-0.0349,0.0024,0.1640,0.000,0.000
46.420,-0.0349,0.0024,0.1640,0.000,0.000
46.428,-0.0349,0.0024,0.1640,0.000,0.000
46.435,-0.0349,0.0024,0.1640,0.000,0.000
46.443,-0.0349,0.0024,0.1640,0.000,0.000
46.450,-0.0349,0.0024,0.1640,0.000,0.000
46.457,-0.0349,0.0024,0.1640,0.000,0.000
46.464,-0.0349,0.0024,0.1640,0.000,0.000
46.471,-0.0349,0.0024,0.1640,0.000,0.000
46.481,-0.0349,0.0024,0.1640,0.000,0.000
46.488,-0.0349,0.0024,0.1640,0.000,0.000
46.495,-0.0349,0.0024,0.1640,0.000,0.000
46.502,-0.0349,0.0024,0.1640,0.000,0.000
46.509,-0.0349,0.0024,0.1640,0.000,0.000
46.517,-0.0349,0.0024,0.1640,0.000,0.000
46.524,-0.0349,0.0024,0.1640,0.000,0.000
46.531,-0.0349,0.0024,0.1640,0.000,0.000
46.538,-0.0349,0.0024,0.1640,0.000,0.000
46.546,-0.0349,0.0024,0.1640,0.000,0.000
46.553,-0.0349,0.0024,0.1640,0.000,0.000
46.561,-0.0349,0.0024,0.1640,0.000,0.000
46.569,-0.0349,0.0024,0.1640,0.000,0.000
46.576,-0.0349,0.0024,0.1640,0.000,0.000
46.584,-0.0349,0.0024,0.1640,0.000,0.000
46.591,-0.0349,0.0024,0.1640,0.000,0.000
46.599,-0.0349,0.0024,0.1640,0.000,0.000
46.606,-0.0349,0.0024,0.1640,0.000,0.000
46.614,-0.0349,0.0024,0.1640,0.000,0.000
46.622,-0.0349,0.0024,0.1640,0.000,0.000
46.630,-0.0349,0.0024,0.1640,0.000,0.000
46.638,-0.0349,0.0024,0.1640,0.000,0.000
46.645,-0.0349,0.0024,0.1640,0.000,0.000
46.653,-0.0349,0.0024,0.1640,0.000,0.000
46.661,-0.0349,0.0024,0.1640,0.000,0.000
46.669,-0.0349,0.0024,0.1640,0.000,0.000
46.676,-0.0349,0.0024,0.1640,0.000,0.000
46.684,-0.0349,0.0024,0.1640,0.000,0.000
46.691,-0.0349,0.0024,0.1640,0.000,0.000
46.699,-0.0349,0.0024,0.1640,0.000,0.000
46.707,-0.0349,0.0024,0.1640,0.000,0.000
46.714,-0.0349,0.0024,0.1640,0.000,0.000
46.721,-0.0349,0.0024,0.1640,0.000,0.000
46.729,-0.0349,0.0024,0.1640,0.000,0.000
46.737,-0.0349,0.0024,0.1640,0.000,0.000
46.744,-0.0349,0.0024,0.1640,0.000,0.000
46.752,-0.0349,0.0024,0.1640,0.000,0.000
46.760,-0.0349,0.0024,0.1640,0.000,0.000
46.767,-0.0349,0.0024,0.1640,0.000,0.000
46.775,-0.0349,0.0024,0.1640,0.000,0.000
46.783,-0.0349,0.0024,0.1640,0.000,0.000
46.790,-0.0349,0.0024,0.1640,0.000,0.000
46.798,-0.0349,0.0024,0.1640,0.000,0.000
46.806,-0.0349,0.0024,0.1640,0.000,0.000
46.814,-0.0349,0.0024,0.1640,0.000,0.000
46.822,-0.0349,0.0024,0.1640,0.000,0.000
46.829,-0.0349,0.0024,0.1640,0.000,0.000
46.836,-0.0349,0.0024,0.1640,0.000,0.000
46.844,-0.0349,0.0024,0.1640,0.000,0.000
46.851,-0.0349,0.0024,0.1640,0.000,0.000
46.859,-0.0349,0.0024,0.1640,0.000,0.000
46.866,-0.0349,0.0024,0.1640,0.000,0.000
46.873,-0.0349,0.0024,0.1640,0.000,0.000
46.881,-0.0349,0.0024,0.1640,0.000,0.000
46.888,-0.0349,0.0024,0.1640,0.000,0.000
46.895,-0.0349,0.0024,0.1640,0.000,0.000
46.903,-0.0349,0.0024,0.1640,0.000,0.000
46.910,-0.0349,0.0024,0.1640,0.000,0.000
46.917,-0.0349,0.0024,0.1640,0.000,0.000
46.925,-0.0349,0.0024,0.1640,0.000,0.000
46.935,-0.0349,0.0024,0.1640,0.000,0.000
46.943,-0.0349,0.0024,0.1640,0.000,0.000
46.950,-0.0349,0.0024,0.1640,0.000,0.000
46.957,-0.0349,0.0024,0.1640,0.000,0.000
46.965,-0.0349,0.0024,0.1640,0.000,0.000
46.972,-0.0349,0.0024,0.1640,0.000,0.000
46.980,-0.0349,0.0024,0.1640,0.000,0.000
46.988,-0.0349,0.0024,0.1640,0.000,0.000
46.995,-0.0349,0.0024,0.1640,0.000,0.000
47.003,-0.0349,0.0024,0.1640,0.000,0.000
47.010,-0.0349,0.0024,0.1640,0.000,0.000
47.018,-0.0349,0.0024,0.1640,0.000,0.000
47.026,-0.0349,0.0024,0.1640,0.000,0.000
47.033,-0.0349,0.0024,0.1640,0.000,0.000
47.042,-0.0349,0.0024,0.1640,0.000,0.000
47.049,-0.0349,0.0024,0.1640,0.000,0.000
47.057,-0.0349,0.0024,0.1640,0.000,0.000
47.065,-0.0349,0.0024,0.1640,0.000,0.000
47.073,-0.0349,0.0024,0.1640,0.000,0.000
47.082,-0.0349,0.0024,0.1640,0.000,0.000
47.091,-0.0349,0.0024,0.1640,0.000,0.000
47.098,-0.0349,0.0024,0.1640,0.000,0.000
47.106,-0.0349,0.0024,0.1640,0.000,0.000
47.113,-0.0349,0.0024,0.1640,0.000,0.000
47.122,-0.0349,0.0024,0.1640,0.000,0.000
47.129,-0.0349,0.0024,0.1640,0.000,0.000
47.136,-0.0349,0.0024,0.1640,0.000,0.000
47.144,-0.0349,0.0024,0.1640,0.000,0.000
47.151,-0.0349,0.0024,0.1640,0.000,0.000
47.158,-0.0349,0.0024,0.1640,0.000,0.000
47.166,-0.0349,0.0024,0.1640,0.000,0.000
47.173,-0.0349,0.0024,0.1640,0.000,0.000
47.182,-0.0349,0.0024,0.1640,0.000,0.000
47.189,-0.0349,0.0024,0.1640,0.000,0.000
47.196,-0.0349,0.0024,0.1640,0.000,0.000
47.204,-0.0349,0.0024,0.1640,0.000,0.000
47.212,-0.0349,0.0024,0.1640,0.000,0.000
47.219,-0.0349,0.0024,0.1640,0.000,0.000
47.227,-0.0349,0.0024,0.1640,0.000,0.000
47.234,-0.0349,0.0024,0.1640,0.000,0.000
47.243,-0.0349,0.0024,0.1640,0.000,0.000
47.251,-0.0349,0.0024,0.1640,0.000,0.000
47.259,-0.0349,0.0024,0.1640,0.000,0.000
47.266,-0.0349,0.0024,0.1640,0.000,0.000
47.274,-0.0349,0.0024,0.1640,0.000,0.000
47.281,-0.0349,0.0024,0.1640,0.000,0.000
47.289,-0.0349,0.0024,0.1640,0.000,0.000
47.296,-0.0349,0.0024,0.1640,0.000,0.000
47.304,-0.0349,0.0024,0.1640,0.000,0.000
47.312,-0.0349,0.0024,0.1640,0.000,0.000
47.321,-0.0349,0.0024,0.1640,0.000,0.000
47.328,-0.0349,0.0024,0.1640,0.000,0.000
47.335,-0.0349,0.0024,0.1640,0.000,0.000
47.344,-0.0349,0.0024,0.1640,0.000,0.000
47.351,-0.0349,0.0024,0.1640,0.000,0.000
47.360,-0.0349,0.0024,0.1640,0.000,0.000
47.368,-0.0349,0.0024,0.1640,0.000,0.000
47.375,-0.0349,0.0024,0.1640,0.000,0.000
47.384,-0.0349,0.0024,0.1640,0.000,0.000
47.391,-0.0349,0.0024,0.1640,0.000,0.000
47.398,-0.0349,0.0024,0.1640,0.000,0.000
47.407,-0.0349,0.0024,0.1640,0.000,0.000
47.415,-0.0349,0.0024,0.1640,0.000,0.000
47.423,-0.0349,0.0024,0.1640,0.000,0.000
47.430,-0.0349,0.0024,0.1640,0.000,0.000
47.437,-0.0349,0.0024,0.1640,0.000,0.000
47.445,-0.0349,0.0024,0.1640,0.000,0.000
47.452,-0.0349,0.0024,0.1640,0.000,0.000
47.459,-0.0349,0.0024,0.1640,0.000,0.000
47.467,-0.0349,0.0024,0.1640,0.000,0.000
47.474,-0.0349,0.0024,0.1640,0.000,0.000
47.481,-0.0349,0.0024,0.1640,0.000,0.000
47.489,-0.0349,0.0024,0.1640,0.000,0.000
47.496,-0.0349,0.0024,0.1640,0.000,0.000
47.504,-0.0349,0.0024,0.1640,0.000,0.000
47.511,-0.0349,0.0024,0.1640,0.000,0.000
47.521,-0.0349,0.0024,0.1640,0.000,0.000
47.529,-0.0349,0.0024,0.1640,0.000,0.000
47.536,-0.0349,0.0024,0.1640,0.000,0.000
47.544,-0.0349,0.0024,0.1640,0.000,0.000
47.551,-0.0349,0.0024,0.1640,0.000,0.000
47.558,-0.0349,0.0024,0.1640,0.000,0.000
47.568,-0.0349,0.0024,0.1640,0.000,0.000
47.575,-0.0349,0.0024,0.1640,0.000,0.000
47.583,-0.0349,0.0024,0.1640,0.000,0.000
47.591,-0.0349,0.0024,0.1640,0.000,0.000
47.598,-0.0349,0.0024,0.1640,0.000,0.000
47.606,-0.0349,0.0024,0.1640,0.000,0.000
47.614,-0.0349,0.0024,0.1640,0.000,0.000
47.621,-0.0349,0.0024,0.1640,0.000,0.000
47.629,-0.0349,0.0024,0.1640,0.000,0.000
47.636,-0.0349,0.0024,0.1640,0.000,0.000
47.644,-0.0349,0.0024,0.1640,0.000,0.000
47.651,-0.0349,0.0024,0.1640,0.000,0.000
47.658,-0.0349,0.0024,0.1640,0.000,0.000
47.666,-0.0349,0.0024,0.1640,0.000,0.000
47.674,-0.0349,0.0024,0.1640,0.000,0.000
47.681,-0.0349,0.0024,0.1640,0.000,0.000
47.689,-0.0349,0.0024,0.1640,0.000,0.000
47.696,-0.0349,0.0024,0.1640,0.000,0.000
47.704,-0.0349,0.0024,0.1640,0.000,0.000
47.712,-0.0349,0.0024,0.1640,0.000,0.000
47.720,-0.0349,0.0024,0.1640,0.000,0.000
47.727,-0.0349,0.0024,0.1640,0.000,0.000
47.734,-0.0349,0.0024,0.1640,0.000,0.000
47.742,-0.0349,0.0024,0.1640,0.000,0.000
47.750,-0.0349,0.0024,0.1640,0.000,0.000
47.758,-0.0349,0.0024,0.1640,0.000,0.000
47.766,-0.0349,0.0024,0.1640,0.000,0.000
47.772,-0.0349,0.0024,0.1640,0.000,0.000
47.779,-0.0349,0.0024,0.1640,0.000,0.000
47.785,-0.0349,0.0024,0.1640,0.000,0.000
47.792,-0.0349,0.0024,0.1640,0.000,0.000
47.798,-0.0349,0.0024,0.1640,0.000,0.000
47.804,-0.0349,0.0024,0.1640,0.000,0.000
47.811,-0.0349,0.0024,0.1640,0.000,0.000
47.818,-0.0349,0.0024,0.1640,0.000,0.000
47.825,-0.0349,0.0024,0.1640,0.000,0.000
47.832,-0.0349,0.0024,0.1640,0.000,0.000
47.840,-0.0349,0.0024,0.1640,0.000,0.000
47.848,-0.0349,0.0024,0.1640,0.000,0.000
47.856,-0.0349,0.0024,0.1640,0.000,0.000
47.865,-0.0349,0.0024,0.1640,0.000,0.000
47.874,-0.0349,0.0024,0.1640,0.000,0.000
47.882,-0.0349,0.0024,0.1640,0.000,0.000
47.889,-0.0349,0.0024,0.1640,0.000,0.000
47.897,-0.0349,0.0024,0.1640,0.000,0.000
47.904,-0.0349,0.0024,0.1640,0.000,0.000
47.912,-0.0349,0.0024,0.1640,0.000,0.000
47.920,-0.0349,0.0024,0.1640,0.000,0.000
47.928,-0.0349,0.0024,0.1640,0.000,0.000
47.936,-0.0349,0.0024,0.1640,0.000,0.000
47.944,-0.0349,0.0024,0.1640,0.000,0.000
47.951,-0.0349,0.0024,0.1640,0.000,0.000
47.959,-0.0349,0.0024,0.1640,0.000,0.000
47.966,-0.0349,0.0024,0.1640,0.000,0.000
47.973,-0.0349,0.0024,0.1640,0.000,0.000
47.982,-0.0349,0.0024,0.1640,0.000,0.000
47.990,-0.0349,0.0024,0.1640,0.000,0.000
47.998,-0.0349,0.0024,0.1640,0.000,0.000
48.007,-0.0349,0.0024,0.1640,0.000,0.000
48.014,-0.0349,0.0024,0.1640,0.000,0.000
48.024,-0.0349,0.0024,0.1640,0.000,0.000
48.031,-0.0349,0.0024,0.1640,0.000,0.000
48.038,-0.0349,0.0024,0.1640,0.000,0.000
48.046,-0.0349,0.0024,0.1640,0.000,0.000
48.053,-0.0349,0.0024,0.1640,0.000,0.000
48.061,-0.0349,0.0024,0.1640,0.000,0.000
48.068,-0.0349,0.0024,0.1640,0.000,0.000
48.076,-0.0349,0.0024,0.1640,0.000,0.000
48.084,-0.0349,0.0024,0.1640,0.000,0.000
48.091,-0.0349,0.0024,0.1640,0.000,0.000
48.100,-0.0349,0.0024,0.1640,0.000,0.000
48.107,-0.0349,0.0024,0.1640,0.000,0.000
48.114,-0.0349,0.0024,0.1640,0.000,0.000
48.122,-0.0349,0.0024,0.1640,0.000,0.000
48.129,-0.0349,0.0024,0.1640,0.000,0.000
48.136,-0.0349,0.0024,0.1640,0.000,0.000
48.144,-0.0349,0.0024,0.1640,0.000,0.000
48.152,-0.0349,0.0024,0.1640,0.000,0.000
48.159,-0.0349,0.0024,0.1640,0.000,0.000
48.167,-0.0349,0.0024,0.1640,0.000,0.000
48.177,-0.0349,0.0024,0.1640,0.000,0.000
48.184,-0.0349,0.0024,0.1640,0.000,0.000
48.192,-0.0349,0.0024,0.1640,0.000,0.000
48.200,-0.0349,0.0024,0.1640,0.000,0.000
48.208,-0.0349,0.0024,0.1640,0.000,0.000
48.215,-0.0349,0.0024,0.1640,0.000,0.000
48.223,-0.0349,0.0024,0.1640,0.000,0.000
48.230,-0.0349,0.0024,0.1640,0.000,0.000
48.238,-0.0349,0.0024,0.1640,0.000,0.000
48.246,-0.0349,0.0024,0.1640,0.000,0.000
48.254,-0.0349,0.0024,0.1640,0.000,0.000
48.262,-0.0349,0.0024,0.1640,0.000,0.000
48.269,-0.0349,0.0024,0.1640,0.000,0.000
48.277,-0.0349,0.0024,0.1640,0.000,0.000
48.285,-0.0349,0.0024,0.1640,0.000,0.000
48.293,-0.0349,0.0024,0.1640,0.000,0.000
48.302,-0.0349,0.0024,0.1640,0.000,0.000
48.310,-0.0349,0.0024,0.1640,0.000,0.000
48.317,-0.0349,0.0024,0.1640,0.000,0.000
48.324,-0.0349,0.0024,0.1640,0.000,0.000
48.333,-0.0349,0.0024,0.1640,0.000,0.000
48.341,-0.0349,0.0024,0.1640,0.000,0.000
48.349,-0.0349,0.0024,0.1640,0.000,0.000
48.356,-0.0349,0.0024,0.1640,0.000,0.000
48.364,-0.0349,0.0024,0.1640,0.000,0.000
48.372,-0.0349,0.0024,0.1640,0.000,0.000
48.380,-0.0349,0.0024,0.1640,0.000,0.000
48.388,-0.0349,0.0024,0.1640,0.000,0.000
48.395,-0.0349,0.0024,0.1640,0.000,0.000
48.403,-0.0349,0.0024,0.1640,0.000,0.000
48.410,-0.0349,0.0024,0.1640,0.000,0.000
48.418,-0.0349,0.0024,0.1640,0.000,0.000
48.426,-0.0349,0.0024,0.1640,0.000,0.000
48.433,-0.0349,0.0024,0.1640,0.000,0.000
48.441,-0.0349,0.0024,0.1640,0.000,0.000
48.449,-0.0349,0.0024,0.1640,0.000,0.000
48.457,-0.0349,0.0024,0.1640,0.000,0.000
48.465,-0.0349,0.0024,0.1640,0.000,0.000
48.472,-0.0349,0.0024,0.1640,0.000,0.000
48.480,-0.0349,0.0024,0.1640,0.000,0.000
48.490,-0.0349,0.0024,0.1640,0.000,0.000
48.497,-0.0349,0.0024,0.1640,0.000,0.000
48.505,-0.0349,0.0024,0.1640,0.000,0.000
48.513,-0.0349,0.0024,0.1640,0.000,0.000
48.521,-0.0349,0.0024,0.1640,0.000,0.000
48.529,-0.0349,0.0024,0.1640,0.000,0.000
48.536,-0.0349,0.0024,0.1640,0.000,0.000
48.545,-0.0349,0.0024,0.1640,0.000,0.000
48.553,-0.0349,0.0024,0.1640,0.000,0.000
48.562,-0.0349,0.0024,0.1640,0.000,0.000
48.569,-0.0349,0.0024,0.1640,0.000,0.000
48.576,-0.0349,0.0024,0.1640,0.000,0.000
48.584,-0.0349,0.0024,0.1640,0.000,0.000
48.591,-0.0349,0.0024,0.1640,0.000,0.000
48.599,-0.0349,0.0024,0.1640,0.000,0.000
48.606,-0.0349,0.0024,0.1640,0.000,0.000
48.614,-0.0349,0.0024,0.1640,0.000,0.000
48.622,-0.0349,0.0024,0.1640,0.000,0.000
48.629,-0.0349,0.0024,0.1640,0.000,0.000
48.637,-0.0349,0.0024,0.1640,0.000,0.000
48.646,-0.0349,0.0024,0.1640,0.000,0.000
48.653,-0.0349,0.0024,0.1640,0.000,0.000
48.662,-0.0349,0.0024,0.1640,0.000,0.000
48.670,-0.0349,0.0024,0.1640,0.000,0.000
48.677,-0.0349,0.0024,0.1640,0.000,0.000
48.685,-0.0349,0.0024,0.1640,0.000,0.000
48.693,-0.0349,0.0024,0.1640,0.000,0.000
48.702,-0.0349,0.0024,0.1640,0.000,0.000
48.709,-0.0349,0.0024,0.1640,0.000,0.000
48.717,-0.0349,0.0024,0.1640,0.000,0.000
48.724,-0.0349,0.0024,0.1640,0.000,0.000
48.732,-0.0349,0.0024,0.1640,0.000,0.000
48.740,-0.0349,0.0024,0.1640,0.000,0.000
48.748,-0.0349,0.0024,0.1640,0.000,0.000
48.755,-0.0349,0.0024,0.1640,0.000,0.000
48.764,-0.0349,0.0024,0.1640,0.000,0.000
48.772,-0.0349,0.0024,0.1640,0.000,0.000
48.780,-0.0349,0.0024,0.1640,0.000,0.000
48.788,-0.0349,0.0024,0.1640,0.000,0.000
48.795,-0.0349,0.0024,0.1640,0.000,0.000
48.804,-0.0349,0.0024,0.1640,0.000,0.000
48.812,-0.0349,0.0024,0.1640,0.000,0.000
48.821,-0.0349,0.0024,0.1640,0.000,0.000
48.828,-0.0349,0.0024,0.1640,0.000,0.000
48.834,-0.0349,0.0024,0.1640,0.000,0.000
48.841,-0.0349,0.0024,0.1640,0.000,0.000
48.848,-0.0349,0.0024,0.1640,0.000,0.000
48.855,-0.0349,0.0024,0.1640,0.000,0.000
48.863,-0.0349,0.0024,0.1640,0.000,0.000
48.871,-0.0349,0.0024,0.1640,0.000,0.000
48.878,-0.0349,0.0024,0.1640,0.000,0.000
48.886,-0.0349,0.0024,0.1640,0.000,0.000
48.893,-0.0349,0.0024,0.1640,0.000,0.000
48.902,-0.0349,0.0024,0.1640,0.000,0.000
48.910,-0.0349,0.0024,0.1640,0.000,0.000
48.917,-0.0349,0.0024,0.1640,0.000,0.000
48.925,-0.0349,0.0024,0.1640,0.000,0.000
48.933,-0.0349,0.0024,0.1640,0.000,0.000
48.942,-0.0349,0.0024,0.1640,0.000,0.000
48.950,-0.0349,0.0024,0.1640,0.000,0.000
48.958,-0.0349,0.0024,0.1640,0.000,0.000
48.966,-0.0349,0.0024,0.1640,0.000,0.000
48.974,-0.0349,0.0024,0.1640,0.000,0.000
48.982,-0.0349,0.0024,0.1640,0.000,0.000
48.990,-0.0349,0.0024,0.1640,0.000,0.000
48.997,-0.0349,0.0024,0.1640,0.000,0.000
49.006,-0.0349,0.0024,0.1640,0.000,0.000
49.017,-0.0349,0.0024,0.1640,0.000,0.000
49.025,-0.0349,0.0024,0.1640,0.000,0.000
49.032,-0.0349,0.0024,0.1640,0.000,0.000
49.040,-0.0349,0.0024,0.1640,0.000,0.000
49.048,-0.0349,0.0024,0.1640,0.000,0.000
49.055,-0.0349,0.0024,0.1640,0.000,0.000
49.062,-0.0349,0.0024,0.1640,0.000,0.000
49.070,-0.0349,0.0024,0.1640,0.000,0.000
49.077,-0.0349,0.0024,0.1640,0.000,0.000
49.084,-0.0349,0.0024,0.1640,0.000,0.000
49.092,-0.0349,0.0024,0.1640,0.000,0.000
49.100,-0.0349,0.0024,0.1640,0.000,0.000
49.107,-0.0349,0.0024,0.1640,0.000,0.000
49.114,-0.0349,0.0024,0.1640,0.000,0.000
49.123,-0.0349,0.0024,0.1640,0.000,0.000
49.131,-0.0349,0.0024,0.1640,0.000,0.000
49.138,-0.0349,0.0024,0.1640,0.000,0.000
49.145,-0.0349,0.0024,0.1640,0.000,0.000
49.152,-0.0349,0.0024,0.1640,0.000,0.000
49.160,-0.0349,0.0024,0.1640,0.000,0.000
49.168,-0.0349,0.0024,0.1640,0.000,0.000
49.175,-0.0349,0.0024,0.1640,0.000,0.000
49.183,-0.0349,0.0024,0.1640,0.000,0.000
49.192,-0.0349,0.0024,0.1640,0.000,0.000
49.199,-0.0349,0.0024,0.1640,0.000,0.000
49.207,-0.0349,0.0024,0.1640,0.000,0.000
49.215,-0.0349,0.0024,0.1640,0.000,0.000
49.223,-0.0349,0.0024,0.1640,0.000,0.000
49.231,-0.0349,0.0024,0.1640,0.000,0.000
49.238,-0.0349,0.0024,0.1640,0.000,0.000
49.246,-0.0349,0.0024,0.1640,0.000,0.000
49.253,-0.0349,0.0024,0.1640,0.000,0.000
49.261,-0.0349,0.0024,0.1640,0.000,0.000
49.269,-0.0349,0.0024,0.1640,0.000,0.000
49.278,-0.0349,0.0024,0.1640,0.000,0.000
49.286,-0.0349,0.0024,0.1640,0.000,0.000
49.294,-0.0349,0.0024,0.1640,0.000,0.000
49.302,-0.0349,0.0024,0.1640,0.000,0.000
49.309,-0.0349,0.0024,0.1640,0.000,0.000
49.316,-0.0349,0.0024,0.1640,0.000,0.000
49.323,-0.0349,0.0024,0.1640,0.000,0.000
49.330,-0.0349,0.0024,0.1640,0.000,0.000
49.338,-0.0349,0.0024,0.1640,0.000,0.000
49.346,-0.0349,0.0024,0.1640,0.000,0.000
49.353,-0.0349,0.0024,0.1640,0.000,0.000
49.361,-0.0349,0.0024,0.1640,0.000,0.000
49.368,-0.0349,0.0024,0.1640,0.000,0.000
49.376,-0.0349,0.0024,0.1640,0.000,0.000
49.384,-0.0349,0.0024,0.1640,0.000,0.000
49.392,-0.0349,0.0024,0.1640,0.000,0.000
49.400,-0.0349,0.0024,0.1640,0.000,0.000
49.407,-0.0349,0.0024,0.1640,0.000,0.000
49.416,-0.0349,0.0024,0.1640,0.000,0.000
49.424,-0.0349,0.0024,0.1640,0.000,0.000
49.433,-0.0349,0.0024,0.1640,0.000,0.000
49.442,-0.0349,0.0024,0.1640,0.000,0.000
49.450,-0.0349,0.0024,0.1640,0.000,0.000
49.457,-0.0349,0.0024,0.1640,0.000,0.000
49.465,-0.0349,0.0024,0.1640,0.000,0.000
49.472,-0.0349,0.0024,0.1640,0.000,0.000
49.480,-0.0349,0.0024,0.1640,0.000,0.000
49.487,-0.0349,0.0024,0.1640,0.000,0.000
49.495,-0.0349,0.0024,0.1640,0.000,0.000
49.503,-0.0349,0.0024,0.1640,0.000,0.000
49.511,-0.0349,0.0024,0.1640,0.000,0.000
49.519,-0.0349,0.0024,0.1640,0.000,0.000
49.527,-0.0349,0.0024,0.1640,0.000,0.000
49.535,-0.0349,0.0024,0.1640,0.000,0.000
49.543,-0.0349,0.0024,0.1640,0.000,0.000
49.552,-0.0349,0.0024,0.1640,0.000,0.000
49.559,-0.0349,0.0024,0.1640,0.000,0.000
49.567,-0.0349,0.0024,0.1640,0.000,0.000
49.574,-0.0349,0.0024,0.1640,0.000,0.000
49.582,-0.0349,0.0024,0.1640,0.000,0.000
49.591,-0.0349,0.0024,0.1640,0.000,0.000
49.598,-0.0349,0.0024,0.1640,0.000,0.000
49.606,-0.0349,0.0024,0.1640,0.000,0.000
49.613,-0.0349,0.0024,0.1640,0.000,0.000
49.621,-0.0349,0.0024,0.1640,0.000,0.000
49.628,-0.0349,0.0024,0.1640,0.000,0.000
49.635,-0.0349,0.0024,0.1640,0.000,0.000
49.642,-0.0349,0.0024,0.1640,0.000,0.000
49.650,-0.0349,0.0024,0.1640,0.000,0.000
49.657,-0.0349,0.0024,0.1640,0.000,0.000
49.667,-0.0349,0.0024,0.1640,0.000,0.000
49.674,-0.0349,0.0024,0.1640,0.000,0.000
49.683,-0.0349,0.0024,0.1640,0.000,0.000
49.690,-0.0349,0.0024,0.1640,0.000,0.000
49.697,-0.0349,0.0024,0.1640,0.000,0.000
49.705,-0.0349,0.0024,0.1640,0.000,0.000
49.712,-0.0349,0.0024,0.1640,0.000,0.000
49.720,-0.0349,0.0024,0.1640,0.000,0.000
49.728,-0.0349,0.0024,0.1640,0.000,0.000
49.735,-0.0349,0.0024,0.1640,0.000,0.000
49.744,-0.0349,0.0024,0.1640,0.000,0.000
49.752,-0.0349,0.0024,0.1640,0.000,0.000
49.760,-0.0349,0.0024,0.1640,0.000,0.000
49.767,-0.0349,0.0024,0.1640,0.000,0.000
49.775,-0.0349,0.0024,0.1640,0.000,0.000
49.783,-0.0349,0.0024,0.1640,0.000,0.000
49.791,-0.0349,0.0024,0.1640,0.000,0.000
49.799,-0.0349,0.0024,0.1640,0.000,0.000
49.807,-0.0349,0.0024,0.1640,0.000,0.000
49.815,-0.0349,0.0024,0.1640,0.000,0.000
49.823,-0.0349,0.0024,0.1640,0.000,0.000
49.832,-0.0349,0.0024,0.1640,0.000,0.000
49.840,-0.0349,0.0024,0.1640,0.000,0.000
49.847,-0.0349,0.0024,0.1640,0.000,0.000
49.853,-0.0349,0.0024,0.1640,0.000,0.000
49.860,-0.0349,0.0024,0.1640,0.000,0.000
49.868,-0.0349,0.0024,0.1640,0.000,0.000
49.876,-0.0349,0.0024,0.1640,0.000,0.000
49.883,-0.0349,0.0024,0.1640,0.000,0.000
49.891,-0.0349,0.0024,0.1640,0.000,0.000
49.900,-0.0349,0.0024,0.1640,0.000,0.000
49.908,-0.0349,0.0024,0.1640,0.000,0.000
49.915,-0.0349,0.0024,0.1640,0.000,0.000
49.923,-0.0349,0.0024,0.1640,0.000,0.000
49.933,-0.0349,0.0024,0.1640,0.000,0.000
49.942,-0.0349,0.0024,0.1640,0.000,0.000
49.950,-0.0349,0.0024,0.1640,0.000,0.000
49.958,-0.0349,0.0024,0.1640,0.000,0.000
49.966,-0.0349,0.0024,0.1640,0.000,0.000
49.974,-0.0349,0.0024,0.1640,0.000,0.000
49.983,-0.0349,0.0024,0.1640,0.000,0.000
49.990,-0.0349,0.0024,0.1640,0.000,0.000
49.999,-0.0349,0.0024,0.1640,0.000,0.000
50.007,-0.0349,0.0024,0.1640,0.000,0.000
50.015,-0.0349,0.0024,0.1640,0.000,0.000
50.023,-0.0349,0.0024,0.1640,0.000,0.000
50.031,-0.0349,0.0024,0.1640,0.000,0.000
50.038,-0.0349,0.0024,0.1640,0.000,0.000
50.047,-0.0349,0.0024,0.1640,0.000,0.000
50.053,-0.0349,0.0024,0.1640,0.000,0.000
50.062,-0.0349,0.0024,0.1640,0.000,0.000
50.070,-0.0349,0.0024,0.1640,0.000,0.000
50.077,-0.0349,0.0024,0.1640,0.000,0.000
50.085,-0.0349,0.0024,0.1640,0.000,0.000
50.092,-0.0349,0.0024,0.1640,0.000,0.000
50.099,-0.0349,0.0024,0.1640,0.000,0.000
50.107,-0.0349,0.0024,0.1640,0.000,0.000
50.114,-0.0349,0.0024,0.1640,0.000,0.000
50.121,-0.0349,0.0024,0.1640,0.000,0.000
50.130,-0.0349,0.0024,0.1640,0.000,0.000
50.138,-0.0349,0.0024,0.1640,0.000,0.000
50.146,-0.0349,0.0024,0.1640,0.000,0.000
50.155,-0.0349,0.0024,0.1640,0.000,0.000
50.162,-0.0349,0.0024,0.1640,0.000,0.000
50.170,-0.0349,0.0024,0.1640,0.000,0.000
50.178,-0.0349,0.0024,0.1640,0.000,0.000
50.185,-0.0349,0.0024,0.1640,0.000,0.000
50.193,-0.0349,0.0024,0.1640,0.000,0.000
50.201,-0.0349,0.0024,0.1640,0.000,0.000
50.209,-0.0349,0.0024,0.1640,0.000,0.000
50.217,-0.0349,0.0024,0.1640,0.000,0.000
50.225,-0.0349,0.0024,0.1640,0.000,0.000
50.232,-0.0349,0.0024,0.1640,0.000,0.000
50.241,-0.0349,0.0024,0.1640,0.000,0.000
50.249,-0.0349,0.0024,0.1640,0.000,0.000
50.257,-0.0349,0.0024,0.1640,0.000,0.000
50.265,-0.0349,0.0024,0.1640,0.000,0.000
50.272,-0.0349,0.0024,0.1640,0.000,0.000
50.280,-0.0349,0.0024,0.1640,0.000,0.000
50.288,-0.0349,0.0024,0.1640,0.000,0.000
50.296,-0.0349,0.0024,0.1640,0.000,0.000
50.305,-0.0349,0.0024,0.1640,0.000,0.000
50.313,-0.0349,0.0024,0.1640,0.000,0.000
50.321,-0.0349,0.0024,0.1640,0.000,0.000
50.330,-0.0349,0.0024,0.1640,0.000,0.000
50.337,-0.0349,0.0024,0.1640,0.000,0.000
50.345,-0.0349,0.0024,0.1640,0.000,0.000
50.353,-0.0349,0.0024,0.1640,0.000,0.000
50.361,-0.0349,0.0024,0.1640,0.000,0.000
50.369,-0.0349,0.0024,0.1640,0.000,0.000
50.379,-0.0349,0.0024,0.1640,0.000,0.000
50.387,-0.0349,0.0024,0.1640,0.000,0.000
50.395,-0.0349,0.0024,0.1640,0.000,0.000
50.403,-0.0349,0.0024,0.1640,0.000,0.000
50.411,-0.0349,0.0024,0.1640,0.000,0.000
50.419,-0.0349,0.0024,0.1640,0.000,0.000
50.426,-0.0349,0.0024,0.1640,0.000,0.000
50.433,-0.0349,0.0024,0.1640,0.000,0.000
50.442,-0.0349,0.0024,0.1640,0.000,0.000
50.451,-0.0349,0.0024,0.1640,0.000,0.000
50.458,-0.0349,0.0024,0.1640,0.000,0.000
50.467,-0.0349,0.0024,0.1640,0.000,0.000
50.475,-0.0349,0.0024,0.1640,0.000,0.000
50.483,-0.0349,0.0024,0.1640,0.000,0.000
50.491,-0.0349,0.0024,0.1640,0.000,0.000
50.498,-0.0349,0.0024,0.1640,0.000,0.000
50.507,-0.0349,0.0024,0.1640,0.000,0.000
50.515,-0.0349,0.0024,0.1640,0.000,0.000
50.523,-0.0349,0.0024,0.1640,0.000,0.000
50.531,-0.0349,0.0024,0.1640,0.000,0.000
50.543,-0.0349,0.0024,0.1640,0.000,0.000
50.552,-0.0349,0.0024,0.1640,0.000,0.000
50.560,-0.0349,0.0024,0.1640,0.000,0.000
50.568,-0.0349,0.0024,0.1640,0.000,0.000
50.575,-0.0349,0.0024,0.1640,0.000,0.000
50.584,-0.0349,0.0024,0.1640,0.000,0.000
50.591,-0.0349,0.0024,0.1640,0.000,0.000
50.599,-0.0349,0.0024,0.1640,0.000,0.000
50.607,-0.0349,0.0024,0.1640,0.000,0.000
50.614,-0.0349,0.0024,0.1640,0.000,0.000
50.622,-0.0349,0.0024,0.1640,0.000,0.000
50.630,-0.0349,0.0024,0.1640,0.000,0.000
50.637,-0.0349,0.0024,0.1640,0.000,0.000
50.645,-0.0349,0.0024,0.1640,0.000,0.000
50.653,-0.0349,0.0024,0.1640,0.000,0.000
50.662,-0.0349,0.0024,0.1640,0.000,0.000
50.669,-0.0349,0.0024,0.1640,0.000,0.000
50.677,-0.0349,0.0024,0.1640,0.000,0.000
50.685,-0.0349,0.0024,0.1640,0.000,0.000
50.693,-0.0349,0.0024,0.1640,0.000,0.000
50.705,-0.0349,0.0024,0.1640,0.000,0.000
50.713,-0.0349,0.0024,0.1640,0.000,0.000
50.721,-0.0349,0.0024,0.1640,0.000,0.000
50.729,-0.0349,0.0024,0.1640,0.000,0.000
50.736,-0.0349,0.0024,0.1640,0.000,0.000
50.743,-0.0349,0.0024,0.1640,0.000,0.000
50.751,-0.0349,0.0024,0.1640,0.000,0.000
50.758,-0.0349,0.0024,0.1640,0.000,0.000
50.766,-0.0349,0.0024,0.1640,0.000,0.000
50.773,-0.0349,0.0024,0.1640,0.000,0.000
50.781,-0.0349,0.0024,0.1640,0.000,0.000
50.789,-0.0349,0.0024,0.1640,0.000,0.000
50.796,-0.0349,0.0024,0.1640,0.000,0.000
50.804,-0.0349,0.0024,0.1640,0.000,0.000
50.813,-0.0349,0.0024,0.1640,0.000,0.000
50.821,-0.0349,0.0024,0.1640,0.000,0.000
50.829,-0.0349,0.0024,0.1640,0.000,0.000
50.836,-0.0349,0.0024,0.1640,0.000,0.000
50.844,-0.0349,0.0024,0.1640,0.000,0.000
50.852,-0.0349,0.0024,0.1640,0.000,0.000
50.861,-0.0349,0.0024,0.1640,0.000,0.000
50.870,-0.0349,0.0024,0.1640,0.000,0.000
50.880,-0.0349,0.0024,0.1640,0.000,0.000
50.888,-0.0349,0.0024,0.1640,0.000,0.000
50.896,-0.0349,0.0024,0.1640,0.000,0.000
50.903,-0.0349,0.0024,0.1640,0.000,0.000
50.911,-0.0349,0.0024,0.1640,0.000,0.000
50.918,-0.0349,0.0024,0.1640,0.000,0.000
50.926,-0.0349,0.0024,0.1640,0.000,0.000
50.933,-0.0349,0.0024,0.1640,0.000,0.000
50.941,-0.0349,0.0024,0.1640,0.000,0.000
50.948,-0.0349,0.0024,0.1640,0.000,0.000
50.956,-0.0349,0.0024,0.1640,0.000,0.000
50.964,-0.0349,0.0024,0.1640,0.000,0.000
50.972,-0.0349,0.0024,0.1640,0.000,0.000
50.979,-0.0349,0.0024,0.1640,0.000,0.000
50.986,-0.0349,0.0024,0.1640,0.000,0.000
50.994,-0.0349,0.0024,0.1640,0.000,0.000
51.001,-0.0349,0.0024,0.1640,0.000,0.000
51.008,-0.0349,0.0024,0.1640,0.000,0.000
51.016,-0.0349,0.0024,0.1640,0.000,0.000
51.025,-0.0349,0.0024,0.1640,0.000,0.000
51.032,-0.0349,0.0024,0.1640,0.000,0.000
51.041,-0.0349,0.0024,0.1640,0.000,0.000
51.050,-0.0349,0.0024,0.1640,0.000,0.000
51.058,-0.0349,0.0024,0.1640,0.000,0.000
51.065,-0.0349,0.0024,0.1640,0.000,0.000
51.073,-0.0349,0.0024,0.1640,0.000,0.000
51.081,-0.0349,0.0024,0.1640,0.000,0.000
51.089,-0.0349,0.0024,0.1640,0.000,0.000
51.097,-0.0349,0.0024,0.1640,0.000,0.000
51.104,-0.0349,0.0024,0.1640,0.000,0.000
51.112,-0.0349,0.0024,0.1640,0.000,0.000
51.120,-0.0349,0.0024,0.1640,0.000,0.000
51.128,-0.0349,0.0024,0.1640,0.000,0.000
51.136,-0.0349,0.0024,0.1640,0.000,0.000
51.143,-0.0349,0.0024,0.1640,0.000,0.000
51.151,-0.0349,0.0024,0.1640,0.000,0.000
51.159,-0.0349,0.0024,0.1640,0.000,0.000
51.166,-0.0349,0.0024,0.1640,0.000,0.000
51.173,-0.0349,0.0024,0.1640,0.000,0.000
51.183,-0.0349,0.0024,0.1640,0.000,0.000
51.190,-0.0349,0.0024,0.1640,0.000,0.000
51.198,-0.0349,0.0024,0.1640,0.000,0.000
51.206,-0.0349,0.0024,0.1640,0.000,0.000
51.213,-0.0349,0.0024,0.1640,0.000,0.000
51.221,-0.0349,0.0024,0.1640,0.000,0.000
51.228,-0.0349,0.0024,0.1640,0.000,0.000
51.236,-0.0349,0.0024,0.1640,0.000,0.000
51.243,-0.0349,0.0024,0.1640,0.000,0.000
51.251,-0.0349,0.0024,0.1640,0.000,0.000
51.258,-0.0349,0.0024,0.1640,0.000,0.000
51.265,-0.0349,0.0024,0.1640,0.000,0.000
51.273,-0.0349,0.0024,0.1640,0.000,0.000
51.280,-0.0349,0.0024,0.1640,0.000,0.000
51.288,-0.0349,0.0024,0.1640,0.000,0.000
51.295,-0.0349,0.0024,0.1640,0.000,0.000
51.303,-0.0349,0.0024,0.1640,0.000,0.000
51.311,-0.0349,0.0024,0.1640,0.000,0.000
51.318,-0.0349,0.0024,0.1640,0.000,0.000
51.326,-0.0349,0.0024,0.1640,0.000,0.000
51.335,-0.0349,0.0024,0.1640,0.000,0.000
51.342,-0.0349,0.0024,0.1640,0.000,0.000
51.350,-0.0349,0.0024,0.1640,0.000,0.000
51.358,-0.0349,0.0024,0.1640,0.000,0.000
51.366,-0.0349,0.0024,0.1640,0.000,0.000
51.373,-0.0349,0.0024,0.1640,0.000,0.000
51.382,-0.0349,0.0024,0.1640,0.000,0.000
51.389,-0.0349,0.0024,0.1640,0.000,0.000
51.397,-0.0349,0.0024,0.1640,0.000,0.000
51.405,-0.0349,0.0024,0.1640,0.000,0.000
51.412,-0.0349,0.0024,0.1640,0.000,0.000
51.420,-0.0349,0.0024,0.1640,0.000,0.000
51.428,-0.0349,0.0024,0.1640,0.000,0.000
51.435,-0.0349,0.0024,0.1640,0.000,0.000
51.443,-0.0349,0.0024,0.1640,0.000,0.000
51.450,-0.0349,0.0024,0.1640,0.000,0.000
51.457,-0.0349,0.0024,0.1640,0.000,0.000
51.465,-0.0349,0.0024,0.1640,0.000,0.000
51.473,-0.0349,0.0024,0.1640,0.000,0.000
51.481,-0.0349,0.0024,0.1640,0.000,0.000
51.488,-0.0349,0.0024,0.1640,0.000,0.000
51.497,-0.0349,0.0024,0.1640,0.000,0.000
51.505,-0.0349,0.0024,0.1640,0.000,0.000
51.512,-0.0349,0.0024,0.1640,0.000,0.000
51.520,-0.0349,0.0024,0.1640,0.000,0.000
51.528,-0.0349,0.0024,0.1640,0.000,0.000
51.535,-0.0349,0.0024,0.1640,0.000,0.000
51.543,-0.0349,0.0024,0.1640,0.000,0.000
51.551,-0.0349,0.0024,0.1640,0.000,0.000
51.561,-0.0349,0.0024,0.1640,0.000,0.000
51.569,-0.0349,0.0024,0.1640,0.000,0.000
51.576,-0.0349,0.0024,0.1640,0.000,0.000
51.584,-0.0349,0.0024,0.1640,0.000,0.000
51.592,-0.0349,0.0024,0.1640,0.000,0.000
51.599,-0.0349,0.0024,0.1640,0.000,0.000
51.607,-0.0349,0.0024,0.1640,0.000,0.000
51.615,-0.0349,0.0024,0.1640,0.000,0.000
51.622,-0.0349,0.0024,0.1640,0.000,0.000
51.630,-0.0349,0.0024,0.1640,0.000,0.000
51.638,-0.0349,0.0024,0.1640,0.000,0.000
51.645,-0.0349,0.0024,0.1640,0.000,0.000
51.655,-0.0349,0.0024,0.1640,0.000,0.000
51.662,-0.0349,0.0024,0.1640,0.000,0.000
51.670,-0.0349,0.0024,0.1640,0.000,0.000
51.677,-0.0349,0.0024,0.1640,0.000,0.000
51.685,-0.0349,0.0024,0.1640,0.000,0.000
51.693,-0.0349,0.0024,0.1640,0.000,0.000
51.701,-0.0349,0.0024,0.1640,0.000,0.000
51.709,-0.0349,0.0024,0.1640,0.000,0.000
51.717,-0.0349,0.0024,0.1640,0.000,0.000
51.725,-0.0349,0.0024,0.1640,0.000,0.000
51.733,-0.0349,0.0024,0.1640,0.000,0.000
51.742,-0.0349,0.0024,0.1640,0.000,0.000
51.749,-0.0349,0.0024,0.1640,0.000,0.000
51.757,-0.0349,0.0024,0.1640,0.000,0.000
51.765,-0.0349,0.0024,0.1640,0.000,0.000
51.772,-0.0349,0.0024,0.1640,0.000,0.000
51.780,-0.0349,0.0024,0.1640,0.000,0.000
51.788,-0.0349,0.0024,0.1640,0.000,0.000
51.796,-0.0349,0.0024,0.1640,0.000,0.000
51.804,-0.0349,0.0024,0.1640,0.000,0.000
51.812,-0.0349,0.0024,0.1640,0.000,0.000
51.821,-0.0349,0.0024,0.1640,0.000,0.000
51.829,-0.0349,0.0024,0.1640,0.000,0.000
51.836,-0.0349,0.0024,0.1640,0.000,0.000
51.844,-0.0349,0.0024,0.1640,0.000,0.000
51.851,-0.0349,0.0024,0.1640,0.000,0.000
51.859,-0.0349,0.0024,0.1640,0.000,0.000
51.867,-0.0349,0.0024,0.1640,0.000,0.000
51.874,-0.0349,0.0024,0.1640,0.000,0.000
51.882,-0.0349,0.0024,0.1640,0.000,0.000
51.889,-0.0349,0.0024,0.1640,0.000,0.000
51.897,-0.0349,0.0024,0.1640,0.000,0.000
51.905,-0.0349,0.0024,0.1640,0.000,0.000
51.913,-0.0349,0.0024,0.1640,0.000,0.000
51.920,-0.0349,0.0024,0.1640,0.000,0.000
51.928,-0.0349,0.0024,0.1640,0.000,0.000
51.935,-0.0349,0.0024,0.1640,0.000,0.000
51.943,-0.0349,0.0024,0.1640,0.000,0.000
51.951,-0.0349,0.0024,0.1640,0.000,0.000
51.958,-0.0349,0.0024,0.1640,0.000,0.000
51.967,-0.0349,0.0024,0.1640,0.000,0.000
51.974,-0.0349,0.0024,0.1640,0.000,0.000
51.982,-0.0349,0.0024,0.1640,0.000,0.000
51.989,-0.0349,0.0024,0.1640,0.000,0.000
51.996,-0.0349,0.0024,0.1640,0.000,0.000
52.004,-0.0349,0.0024,0.1640,0.000,0.000
52.011,-0.0349,0.0024,0.1640,0.000,0.000
52.019,-0.0349,0.0024,0.1640,0.000,0.000
52.027,-0.0349,0.0024,0.1640,0.000,0.000
52.034,-0.0349,0.0024,0.1640,0.000,0.000
52.043,-0.0349,0.0024,0.1640,0.000,0.000
52.051,-0.0349,0.0024,0.1640,0.000,0.000
52.059,-0.0349,0.0024,0.1640,0.000,0.000
52.067,-0.0349,0.0024,0.1640,0.000,0.000
52.075,-0.0349,0.0024,0.1640,0.000,0.000
52.082,-0.0349,0.0024,0.1640,0.000,0.000
52.090,-0.0349,0.0024,0.1640,0.000,0.000
52.098,-0.0349,0.0024,0.1640,0.000,0.000
52.106,-0.0349,0.0024,0.1640,0.000,0.000
52.114,-0.0349,0.0024,0.1640,0.000,0.000
52.123,-0.0349,0.0024,0.1640,0.000,0.000
52.132,-0.0349,0.0024,0.1640,0.000,0.000
52.140,-0.0349,0.0024,0.1640,0.000,0.000
52.148,-0.0349,0.0024,0.1640,0.000,0.000
52.155,-0.0349,0.0024,0.1640,0.000,0.000
52.162,-0.0349,0.0024,0.1640,0.000,0.000
52.170,-0.0349,0.0024,0.1640,0.000,0.000
52.177,-0.0349,0.0024,0.1640,0.000,0.000
52.185,-0.0349,0.0024,0.1640,0.000,0.000
52.192,-0.0349,0.0024,0.1640,0.000,0.000
52.199,-0.0349,0.0024,0.1640,0.000,0.000
52.207,-0.0349,0.0024,0.1640,0.000,0.000
52.214,-0.0349,0.0024,0.1640,0.000,0.000
52.221,-0.0349,0.0024,0.1640,0.000,0.000
52.230,-0.0349,0.0024,0.1640,0.000,0.000
52.237,-0.0349,0.0024,0.1640,0.000,0.000
52.245,-0.0349,0.0024,0.1640,0.000,0.000
52.252,-0.0349,0.0024,0.1640,0.000,0.000
52.261,-0.0349,0.0024,0.1640,0.000,0.000
52.268,-0.0349,0.0024,0.1640,0.000,0.000
52.277,-0.0349,0.0024,0.1640,0.000,0.000
52.285,-0.0349,0.0024,0.1640,0.000,0.000
52.293,-0.0349,0.0024,0.1640,0.000,0.000
52.303,-0.0349,0.0024,0.1640,0.000,0.000
52.311,-0.0349,0.0024,0.1640,0.000,0.000
52.318,-0.0349,0.0024,0.1640,0.000,0.000
52.326,-0.0349,0.0024,0.1640,0.000,0.000
52.333,-0.0349,0.0024,0.1640,0.000,0.000
52.342,-0.0349,0.0024,0.1640,0.000,0.000
52.349,-0.0349,0.0024,0.1640,0.000,0.000
52.357,-0.0349,0.0024,0.1640,0.000,0.000
52.365,-0.0349,0.0024,0.1640,0.000,0.000
52.372,-0.0349,0.0024,0.1640,0.000,0.000
52.380,-0.0349,0.0024,0.1640,0.000,0.000
52.388,-0.0349,0.0024,0.1640,0.000,0.000
52.395,-0.0349,0.0024,0.1640,0.000,0.000
52.403,-0.0349,0.0024,0.1640,0.000,0.000
52.410,-0.0349,0.0024,0.1640,0.000,0.000
52.418,-0.0349,0.0024,0.1640,0.000,0.000
52.426,-0.0349,0.0024,0.1640,0.000,0.000
52.435,-0.0349,0.0024,0.1640,0.000,0.000
52.442,-0.0349,0.0024,0.1640,0.000,0.000
52.449,-0.0349,0.0024,0.1640,0.000,0.000
52.457,-0.0349,0.0024,0.1640,0.000,0.000
52.465,-0.0349,0.0024,0.1640,0.000,0.000
52.472,-0.0349,0.0024,0.1640,0.000,0.000
52.480,-0.0349,0.0024,0.1640,0.000,0.000
52.487,-0.0349,0.0024,0.1640,0.000,0.000
52.495,-0.0349,0.0024,0.1640,0.000,0.000
52.502,-0.0349,0.0024,0.1640,0.000,0.000
52.510,-0.0349,0.0024,0.1640,0.000,0.000
52.517,-0.0349,0.0024,0.1640,0.000,0.000
52.525,-0.0349,0.0024,0.1640,0.000,0.000
52.532,-0.0349,0.0024,0.1640,0.000,0.000
52.542,-0.0349,0.0024,0.1640,0.000,0.000
52.550,-0.0349,0.0024,0.1640,0.000,0.000
52.559,-0.0349,0.0024,0.1640,0.000,0.000
52.567,-0.0349,0.0024,0.1640,0.000,0.000
52.575,-0.0349,0.0024,0.1640,0.000,0.000
52.583,-0.0349,0.0024,0.1640,0.000,0.000
52.594,-0.0349,0.0024,0.1640,0.000,0.000
52.601,-0.0349,0.0024,0.1640,0.000,0.000
52.610,-0.0349,0.0024,0.1640,0.000,0.000
52.618,-0.0349,0.0024,0.1640,0.000,0.000
52.625,-0.0349,0.0024,0.1640,0.000,0.000
52.633,-0.0349,0.0024,0.1640,0.000,0.000
52.641,-0.0349,0.0024,0.1640,0.000,0.000
52.649,-0.0349,0.0024,0.1640,0.000,0.000
52.656,-0.0349,0.0024,0.1640,0.000,0.000
52.664,-0.0349,0.0024,0.1640,0.000,0.000
52.672,-0.0349,0.0024,0.1640,0.000,0.000
52.679,-0.0349,0.0024,0.1640,0.000,0.000
52.686,-0.0349,0.0024,0.1640,0.000,0.000
52.694,-0.0349,0.0024,0.1640,0.000,0.000
52.701,-0.0349,0.0024,0.1640,0.000,0.000
52.708,-0.0349,0.0024,0.1640,0.000,0.000
52.716,-0.0349,0.0024,0.1640,0.000,0.000
52.722,-0.0349,0.0024,0.1640,0.000,0.000
52.729,-0.0349,0.0024,0.1640,0.000,0.000
52.735,-0.0349,0.0024,0.1640,0.000,0.000
52.741,-0.0349,0.0024,0.1640,0.000,0.000
52.750,-0.0349,0.0024,0.1640,0.000,0.000
52.759,-0.0349,0.0024,0.1640,0.000,0.000
52.767,-0.0349,0.0024,0.1640,0.000,0.000
52.773,-0.0349,0.0024,0.1640,0.000,0.000
52.780,-0.0349,0.0024,0.1640,0.000,0.000
52.786,-0.0349,0.0024,0.1640,0.000,0.000
52.792,-0.0349,0.0024,0.1640,0.000,0.000
52.798,-0.0349,0.0024,0.1640,0.000,0.000
52.804,-0.0349,0.0024,0.1640,0.000,0.000
52.810,-0.0349,0.0024,0.1640,0.000,0.000
52.817,-0.0349,0.0024,0.1640,0.000,0.000
52.823,-0.0349,0.0024,0.1640,0.000,0.000
52.830,-0.0349,0.0024,0.1640,0.000,0.000
52.837,-0.0349,0.0024,0.1640,0.000,0.000
52.843,-0.0349,0.0024,0.1640,0.000,0.000
52.850,-0.0349,0.0024,0.1640,0.000,0.000
52.856,-0.0349,0.0024,0.1640,0.000,0.000
52.864,-0.0349,0.0024,0.1640,0.000,0.000
52.871,-0.0349,0.0024,0.1640,0.000,0.000
52.878,-0.0349,0.0024,0.1640,0.000,0.000
52.887,-0.0349,0.0024,0.1640,0.000,0.000
52.894,-0.0349,0.0024,0.1640,0.000,0.000
52.901,-0.0349,0.0024,0.1640,0.000,0.000
52.909,-0.0349,0.0024,0.1640,0.000,0.000
52.916,-0.0349,0.0024,0.1640,0.000,0.000
52.923,-0.0349,0.0024,0.1640,0.000,0.000
52.930,-0.0349,0.0024,0.1640,0.000,0.000
52.937,-0.0349,0.0024,0.1640,0.000,0.000
52.944,-0.0349,0.0024,0.1640,0.000,0.000
52.952,-0.0349,0.0024,0.1640,0.000,0.000
52.958,-0.0349,0.0024,0.1640,0.000,0.000
52.966,-0.0349,0.0024,0.1640,0.000,0.000
52.973,-0.0349,0.0024,0.1640,0.000,0.000
52.981,-0.0349,0.0024,0.1640,0.000,0.000
52.988,-0.0349,0.0024,0.1640,0.000,0.000
52.995,-0.0349,0.0024,0.1640,0.000,0.000
53.003,-0.0349,0.0024,0.1640,0.000,0.000
53.010,-0.0349,0.0024,0.1640,0.000,0.000
53.018,-0.0349,0.0024,0.1640,0.000,0.000
53.025,-0.0349,0.0024,0.1640,0.000,0.000
53.034,-0.0349,0.0024,0.1640,0.000,0.000
53.042,-0.0349,0.0024,0.1640,0.000,0.000
53.049,-0.0349,0.0024,0.1640,0.000,0.000
53.058,-0.0349,0.0024,0.1640,0.000,0.000
53.066,-0.0349,0.0024,0.1640,0.000,0.000
53.074,-0.0349,0.0024,0.1640,0.000,0.000
53.082,-0.0349,0.0024,0.1640,0.000,0.000
53.090,-0.0349,0.0024,0.1640,0.000,0.000
53.098,-0.0349,0.0024,0.1640,0.000,0.000
53.106,-0.0349,0.0024,0.1640,0.000,0.000
53.114,-0.0349,0.0024,0.1640,0.000,0.000
53.121,-0.0349,0.0024,0.1640,0.000,0.000
53.129,-0.0349,0.0024,0.1640,0.000,0.000
53.136,-0.0349,0.0024,0.1640,0.000,0.000
53.144,-0.0349,0.0024,0.1640,0.000,0.000
53.151,-0.0349,0.0024,0.1640,0.000,0.000
53.158,-0.0349,0.0024,0.1640,0.000,0.000
53.166,-0.0349,0.0024,0.1640,0.000,0.000
53.173,-0.0349,0.0024,0.1640,0.000,0.000
53.181,-0.0349,0.0024,0.1640,0.000,0.000
53.188,-0.0349,0.0024,0.1640,0.000,0.000
53.197,-0.0349,0.0024,0.1640,0.000,0.000
53.204,-0.0349,0.0024,0.1640,0.000,0.000
53.212,-0.0349,0.0024,0.1640,0.000,0.000
53.219,-0.0349,0.0024,0.1640,0.000,0.000
53.227,-0.0349,0.0024,0.1640,0.000,0.000
53.235,-0.0349,0.0024,0.1640,0.000,0.000
53.243,-0.0349,0.0024,0.1640,0.000,0.000
53.251,-0.0349,0.0024,0.1640,0.000,0.000
53.258,-0.0349,0.0024,0.1640,0.000,0.000
53.266,-0.0349,0.0024,0.1640,0.000,0.000
53.273,-0.0349,0.0024,0.1640,0.000,0.000
53.282,-0.0349,0.0024,0.1640,0.000,0.000
53.289,-0.0349,0.0024,0.1640,0.000,0.000
53.296,-0.0349,0.0024,0.1640,0.000,0.000
53.303,-0.0349,0.0024,0.1640,0.000,0.000
53.311,-0.0349,0.0024,0.1640,0.000,0.000
53.319,-0.0349,0.0024,0.1640,0.000,0.000
53.326,-0.0349,0.0024,0.1640,0.000,0.000
53.334,-0.0349,0.0024,0.1640,0.000,0.000
53.342,-0.0349,0.0024,0.1640,0.000,0.000
53.351,-0.0349,0.0024,0.1640,0.000,0.000
53.359,-0.0349,0.0024,0.1640,0.000,0.000
53.368,-0.0349,0.0024,0.1640,0.000,0.000
53.376,-0.0349,0.0024,0.1640,0.000,0.000
53.383,-0.0349,0.0024,0.1640,0.000,0.000
53.391,-0.0349,0.0024,0.1640,0.000,0.000
53.400,-0.0349,0.0024,0.1640,0.000,0.000
53.408,-0.0349,0.0024,0.1640,0.000,0.000
53.416,-0.0349,0.0024,0.1640,0.000,0.000
53.424,-0.0349,0.0024,0.1640,0.000,0.000
53.431,-0.0349,0.0024,0.1640,0.000,0.000
53.439,-0.0349,0.0024,0.1640,0.000,0.000
53.447,-0.0349,0.0024,0.1640,0.000,0.000
53.455,-0.0349,0.0024,0.1640,0.000,0.000
53.463,-0.0349,0.0024,0.1640,0.000,0.000
53.471,-0.0349,0.0024,0.1640,0.000,0.000
53.479,-0.0349,0.0024,0.1640,0.000,0.000
53.488,-0.0349,0.0024,0.1640,0.000,0.000
53.496,-0.0349,0.0024,0.1640,0.000,0.000
53.504,-0.0349,0.0024,0.1640,0.000,0.000
53.514,-0.0349,0.0024,0.1640,0.000,0.000
53.522,-0.0349,0.0024,0.1640,0.000,0.000
53.529,-0.0349,0.0024,0.1640,0.000,0.000
53.536,-0.0349,0.0024,0.1640,0.000,0.000
53.544,-0.0349,0.0024,0.1640,0.000,0.000
53.552,-0.0349,0.0024,0.1640,0.000,0.000
53.560,-0.0349,0.0024,0.1640,0.000,0.000
53.568,-0.0349,0.0024,0.1640,0.000,0.000
53.576,-0.0349,0.0024,0.1640,0.000,0.000
53.585,-0.0349,0.0024,0.1640,0.000,0.000
53.594,-0.0349,0.0024,0.1640,0.000,0.000
53.602,-0.0349,0.0024,0.1640,0.000,0.000
53.609,-0.0349,0.0024,0.1640,0.000,0.000
53.617,-0.0349,0.0024,0.1640,0.000,0.000
53.624,-0.0349,0.0024,0.1640,0.000,0.000
53.632,-0.0349,0.0024,0.1640,0.000,0.000
53.640,-0.0349,0.0024,0.1640,0.000,0.000
53.647,-0.0349,0.0024,0.1640,0.000,0.000
53.655,-0.0349,0.0024,0.1640,0.000,0.000
53.663,-0.0349,0.0024,0.1640,0.000,0.000
53.673,-0.0349,0.0024,0.1640,0.000,0.000
53.681,-0.0349,0.0024,0.1640,0.000,0.000
53.688,-0.0349,0.0024,0.1640,0.000,0.000
53.696,-0.0349,0.0024,0.1640,0.000,0.000
53.703,-0.0349,0.0024,0.1640,0.000,0.000
53.711,-0.0349,0.0024,0.1640,0.000,0.000
53.720,-0.0349,0.0024,0.1640,0.000,0.000
53.728,-0.0349,0.0024,0.1640,0.000,0.000
53.736,-0.0349,0.0024,0.1640,0.000,0.000
53.743,-0.0349,0.0024,0.1640,0.000,0.000
53.750,-0.0349,0.0024,0.1640,0.000,0.000
53.757,-0.0349,0.0024,0.1640,0.000,0.000
53.764,-0.0349,0.0024,0.1640,0.000,0.000
53.772,-0.0349,0.0024,0.1640,0.000,0.000
53.779,-0.0349,0.0024,0.1640,0.000,0.000
53.788,-0.0349,0.0024,0.1640,0.000,0.000
53.797,-0.0349,0.0024,0.1640,0.000,0.000
53.804,-0.0349,0.0024,0.1640,0.000,0.000
53.811,-0.0349,0.0024,0.1640,0.000,0.000
53.820,-0.0349,0.0024,0.1640,0.000,0.000
53.828,-0.0349,0.0024,0.1640,0.000,0.000
53.837,-0.0349,0.0024,0.1640,0.000,0.000
53.845,-0.0349,0.0024,0.1640,0.000,0.000
53.852,-0.0349,0.0024,0.1640,0.000,0.000
53.861,-0.0349,0.0024,0.1640,0.000,0.000
53.869,-0.0349,0.0024,0.1640,0.000,0.000
53.877,-0.0349,0.0024,0.1640,0.000,0.000
53.885,-0.0349,0.0024,0.1640,0.000,0.000
53.893,-0.0349,0.0024,0.1640,0.000,0.000
53.902,-0.0349,0.0024,0.1640,0.000,0.000
53.910,-0.0349,0.0024,0.1640,0.000,0.000
53.918,-0.0349,0.0024,0.1640,0.000,0.000
53.926,-0.0349,0.0024,0.1640,0.000,0.000
53.935,-0.0349,0.0024,0.1640,0.000,0.000
53.942,-0.0349,0.0024,0.1640,0.000,0.000
53.951,-0.0349,0.0024,0.1640,0.000,0.000
53.960,-0.0349,0.0024,0.1640,0.000,0.000
53.968,-0.0349,0.0024,0.1640,0.000,0.000
53.976,-0.0349,0.0024,0.1640,0.000,0.000
53.984,-0.0349,0.0024,0.1640,0.000,0.000
53.992,-0.0349,0.0024,0.1640,0.000,0.000
54.001,-0.0349,0.0024,0.1640,0.000,0.000
54.009,-0.0349,0.0024,0.1640,0.000,0.000
54.017,-0.0349,0.0024,0.1640,0.000,0.000
54.024,-0.0349,0.0024,0.1640,0.000,0.000
54.032,-0.0349,0.0024,0.1640,0.000,0.000
54.039,-0.0349,0.0024,0.1640,0.000,0.000
54.047,-0.0349,0.0024,0.1640,0.000,0.000
54.054,-0.0349,0.0024,0.1640,0.000,0.000
54.062,-0.0349,0.0024,0.1640,0.000,0.000
54.070,-0.0349,0.0024,0.1640,0.000,0.000
54.078,-0.0349,0.0024,0.1640,0.000,0.000
54.086,-0.0349,0.0024,0.1640,0.000,0.000
54.094,-0.0349,0.0024,0.1640,0.000,0.000
54.102,-0.0349,0.0024,0.1640,0.000,0.000
54.109,-0.0349,0.0024,0.1640,0.000,0.000
54.117,-0.0349,0.0024,0.1640,0.000,0.000
54.124,-0.0349,0.0024,0.1640,0.000,0.000
54.131,-0.0349,0.0024,0.1640,0.000,0.000
54.139,-0.0349,0.0024,0.1640,0.000,0.000
54.146,-0.0349,0.0024,0.1640,0.000,0.000
54.155,-0.0349,0.0024,0.1640,0.000,0.000
54.163,-0.0349,0.0024,0.1640,0.000,0.000
54.170,-0.0349,0.0024,0.1640,0.000,0.000
54.177,-0.0349,0.0024,0.1640,0.000,0.000
54.184,-0.0349,0.0024,0.1640,0.000,0.000
54.192,-0.0349,0.0024,0.1640,0.000,0.000
54.199,-0.0349,0.0024,0.1640,0.000,0.000
54.207,-0.0349,0.0024,0.1640,0.000,0.000
54.214,-0.0349,0.0024,0.1640,0.000,0.000
54.222,-0.0349,0.0024,0.1640,0.000,0.000
54.230,-0.0349,0.0024,0.1640,0.000,0.000
54.237,-0.0349,0.0024,0.1640,0.000,0.000
54.244,-0.0349,0.0024,0.1640,0.000,0.000
54.252,-0.0349,0.0024,0.1640,0.000,0.000
54.260,-0.0349,0.0024,0.1640,0.000,0.000
54.268,-0.0349,0.0024,0.1640,0.000,0.000
54.276,-0.0349,0.0024,0.1640,0.000,0.000
54.284,-0.0349,0.0024,0.1640,0.000,0.000
54.292,-0.0349,0.0024,0.1640,0.000,0.000
54.299,-0.0349,0.0024,0.1640,0.000,0.000
54.308,-0.0349,0.0024,0.1640,0.000,0.000
54.316,-0.0349,0.0024,0.1640,0.000,0.000
54.323,-0.0349,0.0024,0.1640,0.000,0.000
54.331,-0.0349,0.0024,0.1640,0.000,0.000
54.339,-0.0349,0.0024,0.1640,0.000,0.000
54.346,-0.0349,0.0024,0.1640,0.000,0.000
54.354,-0.0349,0.0024,0.1640,0.000,0.000
54.362,-0.0349,0.0024,0.1640,0.000,0.000
54.369,-0.0349,0.0024,0.1640,0.000,0.000
54.377,-0.0349,0.0024,0.1640,0.000,0.000
54.385,-0.0349,0.0024,0.1640,0.000,0.000
54.391,-0.0349,0.0024,0.1640,0.000,0.000
54.397,-0.0349,0.0024,0.1640,0.000,0.000
54.404,-0.0349,0.0024,0.1640,0.000,0.000
54.412,-0.0349,0.0024,0.1640,0.000,0.000
54.420,-0.0349,0.0024,0.1640,0.000,0.000
54.428,-0.0349,0.0024,0.1640,0.000,0.000
54.436,-0.0349,0.0024,0.1640,0.000,0.000
54.444,-0.0349,0.0024,0.1640,0.000,0.000
54.452,-0.0349,0.0024,0.1640,0.000,0.000
54.462,-0.0349,0.0024,0.1640,0.000,0.000
54.470,-0.0349,0.0024,0.1640,0.000,0.000
54.477,-0.0349,0.0024,0.1640,0.000,0.000
54.484,-0.0349,0.0024,0.1640,0.000,0.000
54.493,-0.0349,0.0024,0.1640,0.000,0.000
54.501,-0.0349,0.0024,0.1640,0.000,0.000
54.508,-0.0349,0.0024,0.1640,0.000,0.000
54.516,-0.0349,0.0024,0.1640,0.000,0.000
54.523,-0.0349,0.0024,0.1640,0.000,0.000
54.530,-0.0349,0.0024,0.1640,0.000,0.000
54.537,-0.0349,0.0024,0.1640,0.000,0.000
54.545,-0.0349,0.0024,0.1640,0.000,0.000
54.552,-0.0349,0.0024,0.1640,0.000,0.000
54.559,-0.0349,0.0024,0.1640,0.000,0.000
54.566,-0.0349,0.0024,0.1640,0.000,0.000
54.574,-0.0349,0.0024,0.1640,0.000,0.000
54.583,-0.0349,0.0024,0.1640,0.000,0.000
54.591,-0.0349,0.0024,0.1640,0.000,0.000
54.598,-0.0349,0.0024,0.1640,0.000,0.000
54.606,-0.0349,0.0024,0.1640,0.000,0.000
54.615,-0.0349,0.0024,0.1640,0.000,0.000
54.623,-0.0349,0.0024,0.1640,0.000,0.000
54.631,-0.0349,0.0024,0.1640,0.000,0.000
54.638,-0.0349,0.0024,0.1640,0.000,0.000
54.645,-0.0349,0.0024,0.1640,0.000,0.000
54.653,-0.0349,0.0024,0.1640,0.000,0.000
54.661,-0.0349,0.0024,0.1640,0.000,0.000
54.669,-0.0349,0.0024,0.1640,0.000,0.000
54.677,-0.0349,0.0024,0.1640,0.000,0.000
54.684,-0.0349,0.0024,0.1640,0.000,0.000
54.692,-0.0349,0.0024,0.1640,0.000,0.000
54.700,-0.0349,0.0024,0.1640,0.000,0.000
54.708,-0.0349,0.0024,0.1640,0.000,0.000
54.716,-0.0349,0.0024,0.1640,0.000,0.000
54.723,-0.0349,0.0024,0.1640,0.000,0.000
54.730,-0.0349,0.0024,0.1640,0.000,0.000
54.738,-0.0349,0.0024,0.1640,0.000,0.000
54.745,-0.0349,0.0024,0.1640,0.000,0.000
54.752,-0.0349,0.0024,0.1640,0.000,0.000
54.760,-0.0349,0.0024,0.1640,0.000,0.000
54.768,-0.0349,0.0024,0.1640,0.000,0.000
54.776,-0.0349,0.0024,0.1640,0.000,0.000
54.784,-0.0349,0.0024,0.1640,0.000,0.000
54.791,-0.0349,0.0024,0.1640,0.000,0.000
54.800,-0.0349,0.0024,0.1640,0.000,0.000
54.808,-0.0349,0.0024,0.1640,0.000,0.000
54.815,-0.0349,0.0024,0.1640,0.000,0.000
54.823,-0.0349,0.0024,0.1640,0.000,0.000
54.831,-0.0349,0.0024,0.1640,0.000,0.000
54.838,-0.0349,0.0024,0.1640,0.000,0.000
54.846,-0.0349,0.0024,0.1640,0.000,0.000
54.854,-0.0349,0.0024,0.1640,0.000,0.000
54.863,-0.0349,0.0024,0.1640,0.000,0.000
54.871,-0.0349,0.0024,0.1640,0.000,0.000
54.878,-0.0349,0.0024,0.1640,0.000,0.000
54.886,-0.0349,0.0024,0.1640,0.000,0.000
54.894,-0.0349,0.0024,0.1640,0.000,0.000
54.902,-0.0349,0.0024,0.1640,0.000,0.000
54.909,-0.0349,0.0024,0.1640,0.000,0.000
54.916,-0.0349,0.0024,0.1640,0.000,0.000
54.924,-0.0349,0.0024,0.1640,0.000,0.000
54.932,-0.0349,0.0024,0.1640,0.000,0.000
54.940,-0.0349,0.0024,0.1640,0.000,0.000
54.947,-0.0349,0.0024,0.1640,0.000,0.000
54.954,-0.0349,0.0024,0.1640,0.000,0.000
54.962,-0.0349,0.0024,0.1640,0.000,0.000
54.969,-0.0349,0.0024,0.1640,0.000,0.000
54.976,-0.0349,0.0024,0.1640,0.000,0.000
54.983,-0.0349,0.0024,0.1640,0.000,0.000
54.991,-0.0349,0.0024,0.1640,0.000,0.000
54.999,-0.0349,0.0024,0.1640,0.000,0.000
55.006,-0.0349,0.0024,0.1640,0.000,0.000
55.013,-0.0349,0.0024,0.1640,0.000,0.000
55.021,-0.0349,0.0024,0.1640,0.000,0.000
55.028,-0.0349,0.0024,0.1640,0.000,0.000
55.036,-0.0349,0.0024,0.1640,0.000,0.000
55.043,-0.0349,0.0024,0.1640,0.000,0.000
55.051,-0.0349,0.0024,0.1640,0.000,0.000
55.058,-0.0349,0.0024,0.1640,0.000,0.000
55.066,-0.0349,0.0024,0.1640,0.000,0.000
55.075,-0.0349,0.0024,0.1640,0.000,0.000
55.083,-0.0349,0.0024,0.1640,0.000,0.000
55.091,-0.0349,0.0024,0.1640,0.000,0.000
55.099,-0.0349,0.0024,0.1640,0.000,0.000
55.107,-0.0349,0.0024,0.1640,0.000,0.000
55.115,-0.0349,0.0024,0.1640,0.000,0.000
55.122,-0.0349,0.0024,0.1640,0.000,0.000
55.130,-0.0349,0.0024,0.1640,0.000,0.000
55.137,-0.0349,0.0024,0.1640,0.000,0.000
55.145,-0.0349,0.0024,0.1640,0.000,0.000
55.152,-0.0349,0.0024,0.1640,0.000,0.000
55.159,-0.0349,0.0024,0.1640,0.000,0.000
55.166,-0.0349,0.0024,0.1640,0.000,0.000
55.174,-0.0349,0.0024,0.1640,0.000,0.000
55.181,-0.0349,0.0024,0.1640,0.000,0.000
55.189,-0.0349,0.0024,0.1640,0.000,0.000
55.196,-0.0349,0.0024,0.1640,0.000,0.000
55.203,-0.0349,0.0024,0.1640,0.000,0.000
55.211,-0.0349,0.0024,0.1640,0.000,0.000
55.218,-0.0349,0.0024,0.1640,0.000,0.000
55.225,-0.0349,0.0024,0.1640,0.000,0.000
55.233,-0.0349,0.0024,0.1640,0.000,0.000
55.241,-0.0349,0.0024,0.1640,0.000,0.000
55.247,-0.0349,0.0024,0.1640,0.000,0.000
55.254,-0.0349,0.0024,0.1640,0.000,0.000
55.262,-0.0349,0.0024,0.1640,0.000,0.000
55.269,-0.0349,0.0024,0.1640,0.000,0.000
55.276,-0.0349,0.0024,0.1640,0.000,0.000
55.283,-0.0349,0.0024,0.1640,0.000,0.000
55.291,-0.0349,0.0024,0.1640,0.000,0.000
55.298,-0.0349,0.0024,0.1640,0.000,0.000
55.306,-0.0349,0.0024,0.1640,0.000,0.000
55.313,-0.0349,0.0024,0.1640,0.000,0.000
55.322,-0.0349,0.0024,0.1640,0.000,0.000
55.329,-0.0349,0.0024,0.1640,0.000,0.000
55.337,-0.0349,0.0024,0.1640,0.000,0.000
55.345,-0.0349,0.0024,0.1640,0.000,0.000
55.353,-0.0349,0.0024,0.1640,0.000,0.000
55.362,-0.0349,0.0024,0.1640,0.000,0.000
55.370,-0.0349,0.0024,0.1640,0.000,0.000
55.378,-0.0349,0.0024,0.1640,0.000,0.000
55.385,-0.0349,0.0024,0.1640,0.000,0.000
55.394,-0.0349,0.0024,0.1640,0.000,0.000
55.402,-0.0349,0.0024,0.1640,0.000,0.000
55.410,-0.0349,0.0024,0.1640,0.000,0.000
55.417,-0.0349,0.0024,0.1640,0.000,0.000
55.424,-0.0349,0.0024,0.1640,0.000,0.000
55.431,-0.0349,0.0024,0.1640,0.000,0.000
55.438,-0.0349,0.0024,0.1640,0.000,0.000
55.446,-0.0349,0.0024,0.1640,0.000,0.000
55.454,-0.0349,0.0024,0.1640,0.000,0.000
55.461,-0.0349,0.0024,0.1640,0.000,0.000
55.469,-0.0349,0.0024,0.1640,0.000,0.000
55.476,-0.0349,0.0024,0.1640,0.000,0.000
55.483,-0.0349,0.0024,0.1640,0.000,0.000
55.491,-0.0349,0.0024,0.1640,0.000,0.000
55.499,-0.0349,0.0024,0.1640,0.000,0.000
55.506,-0.0349,0.0024,0.1640,0.000,0.000
55.513,-0.0349,0.0024,0.1640,0.000,0.000
55.521,-0.0349,0.0024,0.1640,0.000,0.000
55.528,-0.0349,0.0024,0.1640,0.000,0.000
55.536,-0.0349,0.0024,0.1640,0.000,0.000
55.544,-0.0349,0.0024,0.1640,0.000,0.000
55.553,-0.0349,0.0024,0.1640,0.000,0.000
55.561,-0.0349,0.0024,0.1640,0.000,0.000
55.569,-0.0349,0.0024,0.1640,0.000,0.000
55.579,-0.0349,0.0024,0.1640,0.000,0.000
55.589,-0.0349,0.0024,0.1640,0.000,0.000
55.599,-0.0349,0.0024,0.1640,0.000,0.000
55.606,-0.0349,0.0024,0.1640,0.000,0.000
55.615,-0.0349,0.0024,0.1640,0.000,0.000
55.623,-0.0349,0.0024,0.1640,0.000,0.000
55.632,-0.0349,0.0024,0.1640,0.000,0.000
55.640,-0.0349,0.0024,0.1640,0.000,0.000
55.648,-0.0349,0.0024,0.1640,0.000,0.000
55.657,-0.0349,0.0024,0.1640,0.000,0.000
55.665,-0.0349,0.0024,0.1640,0.000,0.000
55.673,-0.0349,0.0024,0.1640,0.000,0.000
55.680,-0.0349,0.0024,0.1640,0.000,0.000
55.689,-0.0349,0.0024,0.1640,0.000,0.000
55.697,-0.0349,0.0024,0.1640,0.000,0.000
55.704,-0.0349,0.0024,0.1640,0.000,0.000
55.713,-0.0349,0.0024,0.1640,0.000,0.000
55.721,-0.0349,0.0024,0.1640,0.000,0.000
55.729,-0.0349,0.0024,0.1640,0.000,0.000
55.736,-0.0349,0.0024,0.1640,0.000,0.000
55.744,-0.0349,0.0024,0.1640,0.000,0.000
55.752,-0.0349,0.0024,0.1640,0.000,0.000
55.759,-0.0349,0.0024,0.1640,0.000,0.000
55.767,-0.0349,0.0024,0.1640,0.000,0.000
55.775,-0.0349,0.0024,0.1640,0.000,0.000
55.782,-0.0349,0.0024,0.1640,0.000,0.000
55.790,-0.0349,0.0024,0.1640,0.000,0.000
55.797,-0.0349,0.0024,0.1640,0.000,0.000
55.804,-0.0349,0.0024,0.1640,0.000,0.000
55.812,-0.0349,0.0024,0.1640,0.000,0.000
55.820,-0.0349,0.0024,0.1640,0.000,0.000
55.829,-0.0349,0.0024,0.1640,0.000,0.000
55.837,-0.0349,0.0024,0.1640,0.000,0.000
55.846,-0.0349,0.0024,0.1640,0.000,0.000
55.855,-0.0349,0.0024,0.1640,0.000,0.000
55.862,-0.0349,0.0024,0.1640,0.000,0.000
55.872,-0.0349,0.0024,0.1640,0.000,0.000
55.880,-0.0349,0.0024,0.1640,0.000,0.000
55.888,-0.0349,0.0024,0.1640,0.000,0.000
55.896,-0.0349,0.0024,0.1640,0.000,0.000
55.905,-0.0349,0.0024,0.1640,0.000,0.000
55.913,-0.0349,0.0024,0.1640,0.000,0.000
55.920,-0.0349,0.0024,0.1640,0.000,0.000
55.928,-0.0349,0.0024,0.1640,0.000,0.000
55.937,-0.0349,0.0024,0.1640,0.000,0.000
55.944,-0.0349,0.0024,0.1640,0.000,0.000
55.952,-0.0349,0.0024,0.1640,0.000,0.000
55.960,-0.0349,0.0024,0.1640,0.000,0.000
55.969,-0.0349,0.0024,0.1640,0.000,0.000
55.977,-0.0349,0.0024,0.1640,0.000,0.000
55.985,-0.0349,0.0024,0.1640,0.000,0.000
55.992,-0.0349,0.0024,0.1640,0.000,0.000
56.000,-0.0349,0.0024,0.1640,0.000,0.000
56.008,-0.0349,0.0024,0.1640,0.000,0.000
56.016,-0.0349,0.0024,0.1640,0.000,0.000
56.024,-0.0349,0.0024,0.1640,0.000,0.000
56.033,-0.0349,0.0024,0.1640,0.000,0.000
56.041,-0.0349,0.0024,0.1640,0.000,0.000
56.050,-0.0349,0.0024,0.1640,0.000,0.000
56.058,-0.0349,0.0024,0.1640,0.000,0.000
56.066,-0.0349,0.0024,0.1640,0.000,0.000
56.073,-0.0349,0.0024,0.1640,0.000,0.000
56.083,-0.0349,0.0024,0.1640,0.000,0.000
56.092,-0.0349,0.0024,0.1640,0.000,0.000
56.100,-0.0349,0.0024,0.1640,0.000,0.000
56.108,-0.0349,0.0024,0.1640,0.000,0.000
56.116,-0.0349,0.0024,0.1640,0.000,0.000
56.124,-0.0349,0.0024,0.1640,0.000,0.000
56.131,-0.0349,0.0024,0.1640,0.000,0.000
56.139,-0.0349,0.0024,0.1640,0.000,0.000
56.147,-0.0349,0.0024,0.1640,0.000,0.000
56.154,-0.0349,0.0024,0.1640,0.000,0.000
56.161,-0.0349,0.0024,0.1640,0.000,0.000
56.169,-0.0349,0.0024,0.1640,0.000,0.000
56.176,-0.0349,0.0024,0.1640,0.000,0.000
56.184,-0.0349,0.0024,0.1640,0.000,0.000
56.193,-0.0349,0.0024,0.1640,0.000,0.000
56.201,-0.0349,0.0024,0.1640,0.000,0.000
56.209,-0.0349,0.0024,0.1640,0.000,0.000
56.216,-0.0349,0.0024,0.1640,0.000,0.000
56.224,-0.0349,0.0024,0.1640,0.000,0.000
56.232,-0.0349,0.0024,0.1640,0.000,0.000
56.239,-0.0349,0.0024,0.1640,0.000,0.000
56.246,-0.0349,0.0024,0.1640,0.000,0.000
56.255,-0.0349,0.0024,0.1640,0.000,0.000
56.262,-0.0349,0.0024,0.1640,0.000,0.000
56.269,-0.0349,0.0024,0.1640,0.000,0.000
56.277,-0.0349,0.0024,0.1640,0.000,0.000
56.284,-0.0349,0.0024,0.1640,0.000,0.000
56.292,-0.0349,0.0024,0.1640,0.000,0.000
56.301,-0.0349,0.0024,0.1640,0.000,0.000
56.308,-0.0349,0.0024,0.1640,0.000,0.000
56.316,-0.0349,0.0024,0.1640,0.000,0.000
56.324,-0.0349,0.0024,0.1640,0.000,0.000
56.333,-0.0349,0.0024,0.1640,0.000,0.000
56.342,-0.0349,0.0024,0.1640,0.000,0.000
56.354,-0.0349,0.0024,0.1640,0.000,0.000
56.362,-0.0349,0.0024,0.1640,0.000,0.000
56.369,-0.0349,0.0024,0.1640,0.000,0.000
56.377,-0.0349,0.0024,0.1640,0.000,0.000
56.384,-0.0349,0.0024,0.1640,0.000,0.000
56.392,-0.0349,0.0024,0.1640,0.000,0.000
56.400,-0.0349,0.0024,0.1640,0.000,0.000
56.407,-0.0349,0.0024,0.1640,0.000,0.000
56.415,-0.0349,0.0024,0.1640,0.000,0.000
56.422,-0.0349,0.0024,0.1640,0.000,0.000
56.430,-0.0349,0.0024,0.1640,0.000,0.000
56.438,-0.0349,0.0024,0.1640,0.000,0.000
56.445,-0.0349,0.0024,0.1640,0.000,0.000
56.454,-0.0349,0.0024,0.1640,0.000,0.000
56.462,-0.0349,0.0024,0.1640,0.000,0.000
56.470,-0.0349,0.0024,0.1640,0.000,0.000
56.478,-0.0349,0.0024,0.1640,0.000,0.000
56.485,-0.0349,0.0024,0.1640,0.000,0.000
56.492,-0.0349,0.0024,0.1640,0.000,0.000
56.500,-0.0349,0.0024,0.1640,0.000,0.000
56.508,-0.0349,0.0024,0.1640,0.000,0.000
56.516,-0.0349,0.0024,0.1640,0.000,0.000
56.523,-0.0349,0.0024,0.1640,0.000,0.000
56.530,-0.0349,0.0024,0.1640,0.000,0.000
56.537,-0.0349,0.0024,0.1640,0.000,0.000
56.545,-0.0349,0.0024,0.1640,0.000,0.000
56.553,-0.0349,0.0024,0.1640,0.000,0.000
56.560,-0.0349,0.0024,0.1640,0.000,0.000
56.568,-0.0349,0.0024,0.1640,0.000,0.000
56.580,-0.0349,0.0024,0.1640,0.000,0.000
56.589,-0.0349,0.0024,0.1640,0.000,0.000
56.598,-0.0349,0.0024,0.1640,0.000,0.000
56.605,-0.0349,0.0024,0.1640,0.000,0.000
56.613,-0.0349,0.0024,0.1640,0.000,0.000
56.622,-0.0349,0.0024,0.1640,0.000,0.000
56.629,-0.0349,0.0024,0.1640,0.000,0.000
56.638,-0.0349,0.0024,0.1640,0.000,0.000
56.645,-0.0349,0.0024,0.1640,0.000,0.000
56.653,-0.0349,0.0024,0.1640,0.000,0.000
56.662,-0.0349,0.0024,0.1640,0.000,0.000
56.670,-0.0349,0.0024,0.1640,0.000,0.000
56.678,-0.0349,0.0024,0.1640,0.000,0.000
56.686,-0.0349,0.0024,0.1640,0.000,0.000
56.694,-0.0349,0.0024,0.1640,0.000,0.000
56.702,-0.0349,0.0024,0.1640,0.000,0.000
56.709,-0.0349,0.0024,0.1640,0.000,0.000
56.716,-0.0349,0.0024,0.1640,0.000,0.000
56.724,-0.0349,0.0024,0.1640,0.000,0.000
56.732,-0.0349,0.0024,0.1640,0.000,0.000
56.739,-0.0349,0.0024,0.1640,0.000,0.000
56.748,-0.0349,0.0024,0.1640,0.000,0.000
56.756,-0.0349,0.0024,0.1640,0.000,0.000
56.763,-0.0349,0.0024,0.1640,0.000,0.000
56.771,-0.0349,0.0024,0.1640,0.000,0.000
56.778,-0.0349,0.0024,0.1640,0.000,0.000
56.786,-0.0349,0.0024,0.1640,0.000,0.000
56.793,-0.0349,0.0024,0.1640,0.000,0.000
56.801,-0.0349,0.0024,0.1640,0.000,0.000
56.809,-0.0349,0.0024,0.1640,0.000,0.000
56.817,-0.0349,0.0024,0.1640,0.000,0.000
56.824,-0.0349,0.0024,0.1640,0.000,0.000
56.834,-0.0349,0.0024,0.1640,0.000,0.000
56.842,-0.0349,0.0024,0.1640,0.000,0.000
56.850,-0.0349,0.0024,0.1640,0.000,0.000
56.858,-0.0349,0.0024,0.1640,0.000,0.000
56.866,-0.0349,0.0024,0.1640,0.000,0.000
56.874,-0.0349,0.0024,0.1640,0.000,0.000
56.881,-0.0349,0.0024,0.1640,0.000,0.000
56.888,-0.0349,0.0024,0.1640,0.000,0.000
56.894,-0.0349,0.0024,0.1640,0.000,0.000
56.902,-0.0349,0.0024,0.1640,0.000,0.000
56.910,-0.0349,0.0024,0.1640,0.000,0.000
56.918,-0.0349,0.0024,0.1640,0.000,0.000
56.926,-0.0349,0.0024,0.1640,0.000,0.000
56.934,-0.0349,0.0024,0.1640,0.000,0.000
56.942,-0.0349,0.0024,0.1640,0.000,0.000
56.949,-0.0349,0.0024,0.1640,0.000,0.000
56.957,-0.0349,0.0024,0.1640,0.000,0.000
56.964,-0.0349,0.0024,0.1640,0.000,0.000
56.971,-0.0349,0.0024,0.1640,0.000,0.000
56.979,-0.0349,0.0024,0.1640,0.000,0.000
56.988,-0.0349,0.0024,0.1640,0.000,0.000
56.995,-0.0349,0.0024,0.1640,0.000,0.000
57.002,-0.0349,0.0024,0.1640,0.000,0.000
57.010,-0.0349,0.0024,0.1640,0.000,0.000
57.018,-0.0349,0.0024,0.1640,0.000,0.000
57.025,-0.0349,0.0024,0.1640,0.000,0.000
57.032,-0.0349,0.0024,0.1640,0.000,0.000
57.039,-0.0349,0.0024,0.1640,0.000,0.000
57.047,-0.0349,0.0024,0.1640,0.000,0.000
57.056,-0.0349,0.0024,0.1640,0.000,0.000
57.063,-0.0349,0.0024,0.1640,0.000,0.000
57.071,-0.0349,0.0024,0.1640,0.000,0.000
57.079,-0.0349,0.0024,0.1640,0.000,0.000
57.087,-0.0349,0.0024,0.1640,0.000,0.000
57.095,-0.0349,0.0024,0.1640,0.000,0.000
57.103,-0.0349,0.0024,0.1640,0.000,0.000
57.111,-0.0349,0.0024,0.1640,0.000,0.000
57.118,-0.0349,0.0024,0.1640,0.000,0.000
57.126,-0.0349,0.0024,0.1640,0.000,0.000
57.133,-0.0349,0.0024,0.1640,0.000,0.000
57.142,-0.0349,0.0024,0.1640,0.000,0.000
57.150,-0.0349,0.0024,0.1640,0.000,0.000
57.157,-0.0349,0.0024,0.1640,0.000,0.000
57.164,-0.0349,0.0024,0.1640,0.000,0.000
57.172,-0.0349,0.0024,0.1640,0.000,0.000
57.179,-0.0349,0.0024,0.1640,0.000,0.000
57.186,-0.0349,0.0024,0.1640,0.000,0.000
57.192,-0.0349,0.0024,0.1640,0.000,0.000
57.194,-0.0349,0.0024,0.1640,0.000,0.000
57.196,-0.0349,0.0024,0.1640,0.000,0.000
57.203,-0.0349,0.0024,0.1640,0.000,0.000
57.211,-0.0349,0.0024,0.1640,0.000,0.000
57.218,-0.0349,0.0024,0.1640,0.000,0.000
57.226,-0.0349,0.0024,0.1640,0.000,0.000
57.233,-0.0349,0.0024,0.1640,0.000,0.000
57.240,-0.0349,0.0024,0.1640,0.000,0.000
57.247,-0.0349,0.0024,0.1640,0.000,0.000
57.255,-0.0349,0.0024,0.1640,0.000,0.000
57.263,-0.0349,0.0024,0.1640,0.000,0.000
57.271,-0.0349,0.0024,0.1640,0.000,0.000
57.278,-0.0349,0.0024,0.1640,0.000,0.000
57.286,-0.0349,0.0024,0.1640,0.000,0.000
57.294,-0.0349,0.0024,0.1640,0.000,0.000
57.302,-0.0349,0.0024,0.1640,0.000,0.000
57.309,-0.0349,0.0024,0.1640,0.000,0.000
57.316,-0.0349,0.0024,0.1640,0.000,0.000
57.324,-0.0349,0.0024,0.1640,0.000,0.000
57.332,-0.0349,0.0024,0.1640,0.000,0.000
57.340,-0.0349,0.0024,0.1640,0.000,0.000
57.347,-0.0349,0.0024,0.1640,0.000,0.000
57.355,-0.0349,0.0024,0.1640,0.000,-0.002
57.363,-0.0349,0.0024,0.1640,0.000,-0.002
57.371,-0.0349,0.0024,0.1639,0.000,-0.002
57.378,-0.0349,0.0024,0.1639,-0.001,-0.008
57.386,-0.0349,0.0024,0.1638,-0.001,-0.008
57.393,-0.0349,0.0024,0.1637,0.000,-0.012
57.401,-0.0349,0.0024,0.1636,0.000,-0.012
57.408,-0.0349,0.0024,0.1636,0.000,-0.012
57.416,-0.0349,0.0024,0.1635,0.001,-0.012
57.423,-0.0349,0.0024,0.1634,0.001,-0.012
57.431,-0.0349,0.0024,0.1633,0.001,-0.012
57.440,-0.0349,0.0024,0.1632,0.000,-0.014
57.447,-0.0349,0.0024,0.1630,0.000,-0.014
57.456,-0.0349,0.0024,0.1629,0.000,-0.016
57.463,-0.0349,0.0024,0.1628,0.000,-0.016
57.470,-0.0349,0.0024,0.1627,0.000,-0.016
57.478,-0.0349,0.0024,0.1625,0.000,-0.018
57.485,-0.0349,0.0024,0.1624,0.000,-0.018
57.492,-0.0349,0.0024,0.1623,0.000,-0.018
57.500,-0.0349,0.0024,0.1621,0.000,-0.019
57.508,-0.0349,0.0024,0.1620,0.000,-0.019
57.515,-0.0349,0.0024,0.1618,0.001,-0.022
57.523,-0.0349,0.0024,0.1617,0.001,-0.022
57.530,-0.0349,0.0024,0.1615,0.001,-0.022
57.537,-0.0349,0.0024,0.1613,0.000,-0.023
57.544,-0.0349,0.0024,0.1612,0.000,-0.023
57.552,-0.0349,0.0024,0.1610,0.000,-0.023
57.559,-0.0349,0.0024,0.1608,0.000,-0.025
57.566,-0.0349,0.0024,0.1606,0.000,-0.025
57.574,-0.0349,0.0024,0.1604,0.000,-0.025
57.582,-0.0349,0.0024,0.1602,0.000,-0.025
57.591,-0.0349,0.0024,0.1600,0.000,-0.025
57.600,-0.0349,0.0024,0.1598,0.000,-0.023
57.607,-0.0349,0.0024,0.1597,0.000,-0.023
57.614,-0.0349,0.0024,0.1595,0.000,-0.021
57.623,-0.0349,0.0024,0.1593,0.000,-0.021
57.630,-0.0349,0.0024,0.1592,0.000,-0.021
57.637,-0.0349,0.0024,0.1590,0.000,-0.019
57.645,-0.0349,0.0024,0.1589,0.000,-0.019
57.652,-0.0349,0.0024,0.1588,0.000,-0.019
57.660,-0.0349,0.0024,0.1586,0.000,-0.017
57.667,-0.0349,0.0024,0.1585,0.000,-0.017
57.674,-0.0349,0.0024,0.1584,0.000,-0.015
57.682,-0.0349,0.0024,0.1583,0.000,-0.015
57.690,-0.0349,0.0024,0.1581,0.000,-0.015
57.698,-0.0349,0.0024,0.1580,0.000,-0.015
57.705,-0.0349,0.0024,0.1579,0.000,-0.015
57.713,-0.0349,0.0024,0.1578,0.000,-0.015
57.721,-0.0349,0.0024,0.1577,0.000,-0.013
57.728,-0.0349,0.0024,0.1576,0.000,-0.013
57.736,-0.0349,0.0024,0.1575,0.000,-0.009
57.744,-0.0349,0.0024,0.1575,0.000,-0.009
57.751,-0.0349,0.0024,0.1574,0.000,-0.009
57.759,-0.0349,0.0024,0.1573,0.000,-0.008
57.766,-0.0349,0.0024,0.1573,0.000,-0.008
57.774,-0.0349,0.0024,0.1572,0.001,-0.007
57.782,-0.0349,0.0024,0.1572,0.001,-0.007
57.789,-0.0349,0.0024,0.1571,0.001,-0.007
57.797,-0.0348,0.0024,0.1571,0.001,-0.004
57.804,-0.0348,0.0024,0.1571,0.001,-0.004
57.812,-0.0348,0.0024,0.1570,0.001,-0.004
57.819,-0.0348,0.0024,0.1570,0.000,-0.002
57.827,-0.0348,0.0024,0.1570,0.000,-0.002
57.834,-0.0348,0.0024,0.1570,0.000,0.000
57.842,-0.0348,0.0024,0.1570,0.000,0.000
57.849,-0.0348,0.0024,0.1570,0.000,0.000
57.857,-0.0348,0.0024,0.1570,0.000,0.000
57.864,-0.0348,0.0024,0.1570,0.000,0.000
57.871,-0.0348,0.0024,0.1570,0.000,0.000
57.878,-0.0348,0.0024,0.1570,0.000,0.000
57.884,-0.0348,0.0024,0.1570,0.000,0.000
57.891,-0.0348,0.0024,0.1570,0.000,0.000
57.898,-0.0348,0.0024,0.1570,0.000,0.000
57.906,-0.0348,0.0024,0.1570,0.000,0.000
57.913,-0.0348,0.0024,0.1570,0.000,0.000
57.921,-0.0348,0.0024,0.1570,0.000,0.000
57.928,-0.0348,0.0024,0.1570,0.000,0.000
57.935,-0.0348,0.0024,0.1570,0.000,0.000
57.942,-0.0348,0.0024,0.1570,0.000,0.000
57.949,-0.0348,0.0024,0.1570,0.000,0.000
57.957,-0.0348,0.0024,0.1570,0.000,0.000
57.964,-0.0348,0.0024,0.1570,0.000,0.000
57.971,-0.0348,0.0024,0.1570,0.000,0.000
57.980,-0.0348,0.0024,0.1570,0.000,0.000
57.987,-0.0348,0.0024,0.1570,0.000,0.000
57.996,-0.0348,0.0024,0.1570,0.000,0.000
58.004,-0.0348,0.0024,0.1570,0.000,0.000
58.012,-0.0348,0.0024,0.1570,0.000,0.000
58.020,-0.0348,0.0024,0.1570,0.000,0.000
58.028,-0.0348,0.0024,0.1570,0.000,0.000
58.036,-0.0348,0.0024,0.1570,0.000,0.000
58.044,-0.0348,0.0024,0.1570,0.000,0.000
58.051,-0.0348,0.0024,0.1570,0.000,0.000
58.058,-0.0348,0.0024,0.1570,0.000,0.000
58.066,-0.0348,0.0024,0.1570,0.000,0.000
58.074,-0.0348,0.0024,0.1570,0.000,0.000
58.082,-0.0348,0.0024,0.1570,0.000,0.000
58.089,-0.0348,0.0024,0.1570,0.000,0.000
58.098,-0.0348,0.0024,0.1570,0.000,0.000
58.105,-0.0348,0.0024,0.1570,0.000,0.000
58.114,-0.0348,0.0024,0.1570,0.000,0.000
58.122,-0.0348,0.0024,0.1570,0.000,0.000
58.129,-0.0348,0.0024,0.1570,0.000,0.000
58.136,-0.0348,0.0024,0.1570,0.000,0.000
58.143,-0.0348,0.0024,0.1570,0.000,0.000
58.150,-0.0348,0.0024,0.1570,0.000,0.000
58.158,-0.0348,0.0024,0.1570,0.000,0.000
58.165,-0.0348,0.0024,0.1570,0.000,0.000
58.173,-0.0348,0.0024,0.1570,0.000,0.000
58.181,-0.0348,0.0024,0.1570,0.000,0.000
58.188,-0.0348,0.0024,0.1570,0.000,0.000
58.199,-0.0348,0.0024,0.1570,0.000,0.000
58.207,-0.0348,0.0024,0.1570,0.000,0.000
58.213,-0.0348,0.0024,0.1570,0.000,0.000
58.220,-0.0348,0.0024,0.1570,0.000,0.000
58.227,-0.0348,0.0024,0.1570,0.000,0.000
58.233,-0.0348,0.0024,0.1570,0.000,0.000
58.240,-0.0348,0.0024,0.1570,0.000,0.000
58.247,-0.0348,0.0024,0.1570,0.000,0.000
58.256,-0.0348,0.0024,0.1570,0.000,0.000
58.263,-0.0348,0.0024,0.1570,0.000,0.000
58.270,-0.0348,0.0024,0.1570,0.000,0.000
58.277,-0.0348,0.0024,0.1570,0.000,0.000
58.285,-0.0348,0.0024,0.1570,0.000,0.000
58.292,-0.0348,0.0024,0.1570,0.000,0.000
58.300,-0.0348,0.0024,0.1570,0.000,0.000
58.307,-0.0348,0.0024,0.1570,0.000,0.000
58.315,-0.0348,0.0024,0.1570,0.000,0.000
58.323,-0.0348,0.0024,0.1570,0.000,0.000
58.331,-0.0348,0.0024,0.1570,0.000,0.000
58.339,-0.0348,0.0024,0.1570,0.000,0.000
58.346,-0.0348,0.0024,0.1570,0.000,0.000
58.357,-0.0348,0.0024,0.1570,0.000,0.000
58.365,-0.0348,0.0024,0.1570,0.000,0.000
58.372,-0.0348,0.0024,0.1570,0.000,0.000
58.379,-0.0348,0.0024,0.1570,0.000,0.000
58.387,-0.0348,0.0024,0.1570,0.000,0.000
58.394,-0.0348,0.0024,0.1570,0.000,0.000
58.403,-0.0348,0.0024,0.1570,0.000,0.000
58.411,-0.0348,0.0024,0.1570,0.000,0.000
58.419,-0.0348,0.0024,0.1570,0.000,0.000
58.427,-0.0348,0.0024,0.1570,0.000,0.000
58.434,-0.0348,0.0024,0.1570,0.000,0.000
58.443,-0.0348,0.0024,0.1570,0.000,0.000
58.450,-0.0348,0.0024,0.1570,0.000,0.000
58.458,-0.0348,0.0024,0.1570,0.000,0.000
58.465,-0.0348,0.0024,0.1570,0.000,0.000
58.472,-0.0348,0.0024,0.1570,0.000,0.000
58.481,-0.0348,0.0024,0.1570,0.000,0.000
58.488,-0.0348,0.0024,0.1570,0.000,0.000
58.495,-0.0348,0.0024,0.1570,0.000,0.000
58.503,-0.0348,0.0024,0.1570,0.000,0.000
58.512,-0.0348,0.0024,0.1570,0.000,0.000
58.519,-0.0348,0.0024,0.1570,0.000,0.000
58.527,-0.0348,0.0024,0.1570,0.000,0.000
58.534,-0.0348,0.0024,0.1570,0.000,0.000
58.542,-0.0348,0.0024,0.1570,0.000,0.000
58.549,-0.0348,0.0024,0.1570,0.000,0.000
58.557,-0.0348,0.0024,0.1570,0.000,0.000
58.564,-0.0348,0.0024,0.1570,0.000,0.000
58.572,-0.0348,0.0024,0.1570,0.000,0.000
58.580,-0.0348,0.0024,0.1570,0.000,0.000
58.588,-0.0348,0.0024,0.1570,0.000,0.000
58.597,-0.0348,0.0024,0.1570,0.000,0.000
58.604,-0.0348,0.0024,0.1570,0.000,0.000
58.613,-0.0348,0.0024,0.1570,0.000,0.000
58.621,-0.0348,0.0024,0.1570,0.000,0.000
58.629,-0.0348,0.0024,0.1570,0.000,0.000
58.636,-0.0348,0.0024,0.1570,0.000,0.000
58.644,-0.0348,0.0024,0.1570,0.000,0.000
58.651,-0.0348,0.0024,0.1570,0.000,0.000
58.660,-0.0348,0.0024,0.1570,0.000,0.000
58.668,-0.0348,0.0024,0.1570,0.000,0.000
58.677,-0.0348,0.0024,0.1570,0.000,0.000
58.684,-0.0348,0.0024,0.1570,0.000,0.000
58.692,-0.0348,0.0024,0.1570,0.000,0.000
58.700,-0.0348,0.0024,0.1570,0.000,0.000
58.707,-0.0348,0.0024,0.1570,0.000,0.000
58.715,-0.0348,0.0024,0.1570,0.000,0.000
58.723,-0.0348,0.0024,0.1570,0.000,0.000
58.730,-0.0348,0.0024,0.1570,0.000,0.000
58.738,-0.0348,0.0024,0.1570,0.000,0.000
58.745,-0.0348,0.0024,0.1570,0.000,0.000
58.754,-0.0348,0.0024,0.1570,0.000,0.000
58.762,-0.0348,0.0024,0.1570,0.000,0.000
58.769,-0.0348,0.0024,0.1570,0.000,0.000
58.777,-0.0348,0.0024,0.1570,0.000,0.000
58.785,-0.0348,0.0024,0.1570,0.000,0.000
58.793,-0.0348,0.0024,0.1570,0.000,0.000
58.801,-0.0348,0.0024,0.1570,0.000,0.000
58.808,-0.0348,0.0024,0.1570,0.000,0.000
58.816,-0.0348,0.0024,0.1570,0.000,0.000
58.824,-0.0348,0.0024,0.1570,0.000,0.000
58.831,-0.0348,0.0024,0.1570,0.000,0.000
58.838,-0.0348,0.0024,0.1570,0.000,0.000
58.845,-0.0348,0.0024,0.1570,0.000,0.000
58.852,-0.0348,0.0024,0.1570,0.000,0.000
58.860,-0.0348,0.0024,0.1570,0.000,0.000
58.867,-0.0348,0.0024,0.1570,0.000,0.000
58.875,-0.0348,0.0024,0.1570,0.000,0.000
58.882,-0.0348,0.0024,0.1570,0.000,0.000
58.889,-0.0348,0.0024,0.1570,0.000,0.000
58.895,-0.0348,0.0024,0.1570,0.000,0.000
58.902,-0.0348,0.0024,0.1570,0.000,0.000
58.909,-0.0348,0.0024,0.1570,0.000,0.000
58.917,-0.0348,0.0024,0.1570,0.000,0.000
58.924,-0.0348,0.0024,0.1570,0.000,0.000
58.931,-0.0348,0.0024,0.1570,0.000,0.000
58.938,-0.0348,0.0024,0.1570,0.000,0.000
58.945,-0.0348,0.0024,0.1570,0.000,0.000
58.953,-0.0348,0.0024,0.1570,0.000,0.000
58.961,-0.0348,0.0024,0.1570,0.000,0.000
58.968,-0.0348,0.0024,0.1570,0.000,0.000
58.977,-0.0348,0.0024,0.1570,0.000,0.000
58.984,-0.0348,0.0024,0.1570,0.000,0.000
58.992,-0.0348,0.0024,0.1570,0.000,0.000
58.999,-0.0348,0.0024,0.1570,0.000,0.000
59.007,-0.0348,0.0024,0.1570,0.000,0.000
59.015,-0.0348,0.0024,0.1570,0.000,0.000
59.022,-0.0348,0.0024,0.1570,0.000,0.000
59.029,-0.0348,0.0024,0.1570,0.000,0.000
59.036,-0.0348,0.0024,0.1570,0.000,0.000
59.044,-0.0348,0.0024,0.1570,0.000,0.000
59.051,-0.0348,0.0024,0.1570,0.000,0.000
59.059,-0.0348,0.0024,0.1570,0.000,0.000
59.066,-0.0348,0.0024,0.1570,0.000,0.000
59.075,-0.0348,0.0024,0.1570,0.000,0.000
59.083,-0.0348,0.0024,0.1570,0.000,0.000
59.091,-0.0348,0.0024,0.1570,0.000,0.000
59.100,-0.0348,0.0024,0.1570,0.000,0.000
59.108,-0.0348,0.0024,0.1570,0.000,0.000
59.117,-0.0348,0.0024,0.1570,0.000,0.000
59.125,-0.0348,0.0024,0.1570,0.000,0.000
59.133,-0.0348,0.0024,0.1570,0.000,0.000
59.142,-0.0348,0.0024,0.1570,0.000,0.000
59.149,-0.0348,0.0024,0.1570,0.000,0.000
59.156,-0.0348,0.0024,0.1570,0.000,0.000
59.163,-0.0348,0.0024,0.1570,0.000,0.000
59.170,-0.0348,0.0024,0.1570,0.000,0.000
59.178,-0.0348,0.0024,0.1570,0.000,0.000
59.185,-0.0348,0.0024,0.1570,0.000,0.000
59.193,-0.0348,0.0024,0.1570,0.000,0.000
59.200,-0.0348,0.0024,0.1570,0.000,0.000
59.207,-0.0348,0.0024,0.1570,0.000,0.000
59.214,-0.0348,0.0024,0.1570,0.000,0.000
59.222,-0.0348,0.0024,0.1570,0.000,0.000
59.230,-0.0348,0.0024,0.1570,0.000,0.000
59.236,-0.0348,0.0024,0.1570,0.000,0.000
59.244,-0.0348,0.0024,0.1570,0.000,0.000
59.251,-0.0348,0.0024,0.1570,0.000,0.000
59.258,-0.0348,0.0024,0.1570,0.000,0.000
59.267,-0.0348,0.0024,0.1570,0.000,0.000
59.274,-0.0348,0.0024,0.1570,0.000,0.000
59.282,-0.0348,0.0024,0.1570,0.000,0.000
59.289,-0.0348,0.0024,0.1570,0.000,0.000
59.297,-0.0348,0.0024,0.1570,0.000,0.000
59.304,-0.0348,0.0024,0.1570,0.000,0.000
59.312,-0.0348,0.0024,0.1570,0.000,0.000
59.319,-0.0348,0.0024,0.1570,0.000,0.000
59.326,-0.0348,0.0024,0.1570,0.000,0.000
59.334,-0.0348,0.0024,0.1570,0.000,0.000
59.342,-0.0348,0.0024,0.1570,0.000,0.000
59.349,-0.0348,0.0024,0.1570,0.000,0.000
59.357,-0.0348,0.0024,0.1570,0.000,0.000
59.364,-0.0348,0.0024,0.1570,0.000,0.000
59.372,-0.0348,0.0024,0.1570,0.000,0.000
59.380,-0.0348,0.0024,0.1570,0.000,0.000
59.388,-0.0348,0.0024,0.1570,0.000,0.000
59.396,-0.0348,0.0024,0.1570,0.000,0.000
59.403,-0.0348,0.0024,0.1570,0.000,0.000
59.412,-0.0348,0.0024,0.1570,0.000,0.000
59.420,-0.0348,0.0024,0.1570,0.000,0.000
59.427,-0.0348,0.0024,0.1570,0.000,0.000
59.437,-0.0348,0.0024,0.1570,0.000,0.000
59.445,-0.0348,0.0024,0.1570,0.000,0.000
59.452,-0.0348,0.0024,0.1570,0.000,0.000
59.460,-0.0348,0.0024,0.1570,0.000,0.000
59.468,-0.0348,0.0024,0.1570,0.000,0.000
59.476,-0.0348,0.0024,0.1570,0.000,0.000
59.484,-0.0348,0.0024,0.1570,0.000,0.000
59.492,-0.0348,0.0024,0.1570,0.000,0.000
59.500,-0.0348,0.0024,0.1570,0.000,0.000
59.507,-0.0348,0.0024,0.1570,0.000,0.000
59.515,-0.0348,0.0024,0.1570,0.000,0.000
59.522,-0.0348,0.0024,0.1570,0.000,0.000
59.530,-0.0348,0.0024,0.1570,0.000,0.000
59.537,-0.0348,0.0024,0.1570,0.000,0.000
59.545,-0.0348,0.0024,0.1570,0.000,0.000
59.552,-0.0348,0.0024,0.1570,0.000,0.000
59.560,-0.0348,0.0024,0.1570,0.000,0.000
59.568,-0.0348,0.0024,0.1570,0.000,0.000
59.576,-0.0348,0.0024,0.1570,0.000,0.000
59.584,-0.0348,0.0024,0.1570,0.000,0.000
59.593,-0.0348,0.0024,0.1570,0.000,0.000
59.601,-0.0348,0.0024,0.1570,0.000,0.000
59.608,-0.0348,0.0024,0.1570,0.000,0.000
59.617,-0.0348,0.0024,0.1570,0.000,0.000
59.625,-0.0348,0.0024,0.1570,0.000,0.000
59.633,-0.0348,0.0024,0.1570,0.000,0.000
59.641,-0.0348,0.0024,0.1570,0.000,0.000
59.649,-0.0348,0.0024,0.1570,0.000,0.000
59.656,-0.0348,0.0024,0.1570,0.000,0.000
59.664,-0.0348,0.0024,0.1570,0.000,0.000
59.672,-0.0348,0.0024,0.1570,0.000,0.000
59.680,-0.0348,0.0024,0.1570,0.000,0.000
59.687,-0.0348,0.0024,0.1570,0.000,0.000
59.695,-0.0348,0.0024,0.1570,0.000,0.000
59.702,-0.0348,0.0024,0.1570,0.000,0.000
59.710,-0.0348,0.0024,0.1570,0.000,0.000
59.718,-0.0348,0.0024,0.1570,0.000,0.000
59.725,-0.0348,0.0024,0.1570,0.000,0.000
59.733,-0.0348,0.0024,0.1570,0.000,0.000
59.741,-0.0348,0.0024,0.1570,0.000,0.000
59.749,-0.0348,0.0024,0.1570,0.000,0.000
59.757,-0.0348,0.0024,0.1570,0.000,0.000
59.764,-0.0348,0.0024,0.1570,0.000,0.000
59.771,-0.0348,0.0024,0.1570,0.000,0.000
59.778,-0.0348,0.0024,0.1570,0.000,0.000
59.786,-0.0348,0.0024,0.1570,0.000,0.000
59.794,-0.0348,0.0024,0.1570,0.000,0.000
59.803,-0.0348,0.0024,0.1570,0.000,0.000
59.811,-0.0348,0.0024,0.1570,0.000,0.000
59.819,-0.0348,0.0024,0.1570,0.000,0.000
59.826,-0.0348,0.0024,0.1570,0.000,0.000
59.833,-0.0348,0.0024,0.1570,0.000,0.000
59.842,-0.0348,0.0024,0.1570,0.000,0.000
59.849,-0.0348,0.0024,0.1570,0.000,0.000
59.856,-0.0348,0.0024,0.1570,0.000,0.000
59.864,-0.0348,0.0024,0.1570,0.000,0.000
59.872,-0.0348,0.0024,0.1570,0.000,0.000
59.880,-0.0348,0.0024,0.1570,0.000,0.000
59.888,-0.0348,0.0024,0.1570,0.000,0.000
59.896,-0.0348,0.0024,0.1570,0.000,0.000
59.904,-0.0348,0.0024,0.1570,0.000,0.000
59.911,-0.0348,0.0024,0.1570,0.000,0.000
59.917,-0.0348,0.0024,0.1570,0.000,0.000
59.925,-0.0348,0.0024,0.1570,0.000,0.000
59.932,-0.0348,0.0024,0.1570,0.000,0.000
59.939,-0.0348,0.0024,0.1570,0.000,0.000
59.946,-0.0348,0.0024,0.1570,0.000,0.000
59.953,-0.0348,0.0024,0.1570,0.000,0.000
59.960,-0.0348,0.0024,0.1570,0.000,0.000
59.967,-0.0348,0.0024,0.1570,0.000,0.000
59.975,-0.0348,0.0024,0.1570,0.000,0.000
59.982,-0.0348,0.0024,0.1570,0.000,0.000
59.989,-0.0348,0.0024,0.1570,0.000,0.000
59.997,-0.0348,0.0024,0.1570,0.000,0.000
60.004,-0.0348,0.0024,0.1570,0.000,0.000
60.011,-0.0348,0.0024,0.1570,0.000,0.000
60.018,-0.0348,0.0024,0.1570,0.000,0.000
60.026,-0.0348,0.0024,0.1570,0.000,0.000
60.033,-0.0348,0.0024,0.1570,0.000,0.000
60.041,-0.0348,0.0024,0.1570,0.000,0.000
60.051,-0.0348,0.0024,0.1570,0.000,0.000
60.058,-0.0348,0.0024,0.1570,0.000,0.000
60.065,-0.0348,0.0024,0.1570,0.000,0.000
60.073,-0.0348,0.0024,0.1570,0.000,0.000
60.080,-0.0348,0.0024,0.1570,0.000,0.000
60.087,-0.0348,0.0024,0.1570,0.000,0.000
60.094,-0.0348,0.0024,0.1570,0.000,0.000
60.102,-0.0348,0.0024,0.1570,0.000,0.000
60.111,-0.0348,0.0024,0.1570,0.000,0.000
60.119,-0.0348,0.0024,0.1570,0.000,0.000
60.126,-0.0348,0.0024,0.1570,0.000,0.000
60.134,-0.0348,0.0024,0.1570,0.000,0.000
60.142,-0.0348,0.0024,0.1570,0.000,0.000
60.149,-0.0348,0.0024,0.1570,0.000,0.000
60.157,-0.0348,0.0024,0.1570,0.000,0.000
60.164,-0.0348,0.0024,0.1570,0.000,0.000
60.171,-0.0348,0.0024,0.1570,0.000,0.000
60.178,-0.0348,0.0024,0.1570,0.000,0.000
60.185,-0.0348,0.0024,0.1570,0.000,0.000
60.193,-0.0348,0.0024,0.1570,0.000,0.000
60.200,-0.0348,0.0024,0.1570,0.000,0.000
60.208,-0.0348,0.0024,0.1570,0.000,0.000
60.216,-0.0348,0.0024,0.1570,0.000,0.000
60.224,-0.0348,0.0024,0.1570,0.000,0.000
60.231,-0.0348,0.0024,0.1570,0.000,0.000
60.239,-0.0348,0.0024,0.1570,0.000,0.000
60.246,-0.0348,0.0024,0.1570,0.000,0.000
60.254,-0.0348,0.0024,0.1570,0.000,0.000
60.263,-0.0348,0.0024,0.1570,0.000,0.000
60.271,-0.0348,0.0024,0.1570,0.000,0.000
60.279,-0.0348,0.0024,0.1570,0.000,0.000
60.286,-0.0348,0.0024,0.1570,0.000,0.000
60.294,-0.0348,0.0024,0.1570,0.000,0.000
60.303,-0.0348,0.0024,0.1570,0.000,0.000
60.310,-0.0348,0.0024,0.1570,0.000,0.000
60.318,-0.0348,0.0024,0.1570,0.000,0.000
60.326,-0.0348,0.0024,0.1570,0.000,0.000
60.333,-0.0348,0.0024,0.1570,0.000,0.000
60.341,-0.0348,0.0024,0.1570,0.000,0.000
60.348,-0.0348,0.0024,0.1570,0.000,0.000
60.357,-0.0348,0.0024,0.1570,0.000,0.000
60.365,-0.0348,0.0024,0.1570,0.000,0.000
60.373,-0.0348,0.0024,0.1570,0.000,0.000
60.382,-0.0348,0.0024,0.1570,0.000,0.000
60.390,-0.0348,0.0024,0.1570,0.000,0.000
60.398,-0.0348,0.0024,0.1570,0.000,0.000
60.405,-0.0348,0.0024,0.1570,0.000,0.000
60.413,-0.0348,0.0024,0.1570,0.000,0.000
60.419,-0.0348,0.0024,0.1570,0.000,0.000
60.426,-0.0348,0.0024,0.1570,0.000,0.000
60.433,-0.0348,0.0024,0.1570,0.000,0.000
60.442,-0.0348,0.0024,0.1570,0.000,0.000
60.450,-0.0348,0.0024,0.1570,0.000,0.000
60.458,-0.0348,0.0024,0.1570,0.000,0.000
60.466,-0.0348,0.0024,0.1570,0.000,0.000
60.474,-0.0348,0.0024,0.1570,0.000,0.000
60.482,-0.0348,0.0024,0.1570,0.000,0.000
60.489,-0.0348,0.0024,0.1570,0.000,0.000
60.497,-0.0348,0.0024,0.1570,0.000,0.000
60.504,-0.0348,0.0024,0.1570,0.000,0.000
60.512,-0.0348,0.0024,0.1570,0.000,0.000
60.520,-0.0348,0.0024,0.1570,0.000,0.000
60.527,-0.0348,0.0024,0.1570,0.000,0.000
60.535,-0.0348,0.0024,0.1570,0.000,0.000
60.542,-0.0348,0.0024,0.1570,0.000,0.000
60.550,-0.0348,0.0024,0.1570,0.000,0.000
60.558,-0.0348,0.0024,0.1570,0.000,0.000
60.566,-0.0348,0.0024,0.1570,0.000,0.000
60.573,-0.0348,0.0024,0.1570,0.000,0.000
60.581,-0.0348,0.0024,0.1570,0.000,0.000
60.589,-0.0348,0.0024,0.1570,0.000,0.000
60.597,-0.0348,0.0024,0.1570,0.000,0.000
60.604,-0.0348,0.0024,0.1570,0.000,0.000
60.612,-0.0348,0.0024,0.1570,0.000,0.000
60.620,-0.0348,0.0024,0.1570,0.000,0.000
60.628,-0.0348,0.0024,0.1570,0.000,0.000
60.636,-0.0348,0.0024,0.1570,0.000,0.000
60.643,-0.0348,0.0024,0.1570,0.000,0.000
60.650,-0.0348,0.0024,0.1570,0.000,0.000
60.658,-0.0348,0.0024,0.1570,0.000,0.000
60.665,-0.0348,0.0024,0.1570,0.000,0.000
60.672,-0.0348,0.0024,0.1570,0.000,0.000
60.682,-0.0348,0.0024,0.1570,0.000,0.000
60.689,-0.0348,0.0024,0.1570,0.000,0.000
60.696,-0.0348,0.0024,0.1570,0.000,0.000
60.703,-0.0348,0.0024,0.1570,0.000,0.000
60.711,-0.0348,0.0024,0.1570,0.000,0.000
60.719,-0.0348,0.0024,0.1570,0.000,0.000
60.726,-0.0348,0.0024,0.1570,0.000,0.000
60.734,-0.0348,0.0024,0.1570,0.000,0.000
60.742,-0.0348,0.0024,0.1570,0.000,0.000
60.749,-0.0348,0.0024,0.1570,0.000,0.000
60.757,-0.0348,0.0024,0.1570,0.000,0.000
60.765,-0.0348,0.0024,0.1570,0.000,0.000
60.772,-0.0348,0.0024,0.1570,0.000,0.000
60.780,-0.0348,0.0024,0.1570,0.000,0.000
60.787,-0.0348,0.0024,0.1570,0.000,0.000
60.795,-0.0348,0.0024,0.1570,0.000,0.000
60.803,-0.0348,0.0024,0.1570,0.000,0.000
60.810,-0.0348,0.0024,0.1570,0.000,0.000
60.817,-0.0348,0.0024,0.1570,0.000,0.000
60.824,-0.0348,0.0024,0.1570,0.000,0.000
60.832,-0.0348,0.0024,0.1570,0.000,0.000
60.841,-0.0348,0.0024,0.1570,0.000,0.000
60.850,-0.0348,0.0024,0.1570,0.000,0.000
60.858,-0.0348,0.0024,0.1570,0.000,0.000
60.866,-0.0348,0.0024,0.1570,0.000,0.000
60.875,-0.0348,0.0024,0.1570,0.000,0.000
60.883,-0.0348,0.0024,0.1570,0.000,0.000
60.891,-0.0348,0.0024,0.1570,0.000,0.000
60.898,-0.0348,0.0024,0.1570,0.000,0.000
60.906,-0.0348,0.0024,0.1570,0.000,0.000
60.913,-0.0348,0.0024,0.1570,0.000,0.000
60.920,-0.0348,0.0024,0.1570,0.000,0.000
60.928,-0.0348,0.0024,0.1570,0.000,0.000
60.936,-0.0348,0.0024,0.1570,0.000,0.000
60.943,-0.0348,0.0024,0.1570,0.000,0.000
60.951,-0.0348,0.0024,0.1570,0.000,0.000
60.959,-0.0348,0.0024,0.1570,0.000,0.000
60.966,-0.0348,0.0024,0.1570,0.000,0.000
60.974,-0.0348,0.0024,0.1570,0.000,0.000
60.982,-0.0348,0.0024,0.1570,0.000,0.000
60.990,-0.0348,0.0024,0.1570,0.000,0.000
60.998,-0.0348,0.0024,0.1570,0.000,0.000
61.005,-0.0348,0.0024,0.1570,0.000,0.000
61.013,-0.0348,0.0024,0.1570,0.000,0.000
61.020,-0.0348,0.0024,0.1570,0.000,0.000
61.027,-0.0348,0.0024,0.1570,0.000,0.000
61.035,-0.0348,0.0024,0.1570,0.000,0.000
61.043,-0.0348,0.0024,0.1570,0.000,0.000
61.051,-0.0348,0.0024,0.1570,0.000,0.000
61.058,-0.0348,0.0024,0.1570,0.000,0.000
61.066,-0.0348,0.0024,0.1570,0.000,0.000
61.074,-0.0348,0.0024,0.1570,0.000,0.000
61.082,-0.0348,0.0024,0.1570,0.000,0.000
61.089,-0.0348,0.0024,0.1570,0.000,0.000
61.096,-0.0348,0.0024,0.1570,0.000,0.000
61.104,-0.0348,0.0024,0.1570,0.000,0.000
61.112,-0.0348,0.0024,0.1570,0.000,0.000
61.120,-0.0348,0.0024,0.1570,0.000,0.000
61.128,-0.0348,0.0024,0.1570,0.000,0.000
61.136,-0.0348,0.0024,0.1570,0.000,0.000
61.144,-0.0348,0.0024,0.1570,0.000,0.000
61.151,-0.0348,0.0024,0.1570,0.000,0.000
61.158,-0.0348,0.0024,0.1570,0.000,0.000
61.165,-0.0348,0.0024,0.1570,0.000,0.000
61.173,-0.0348,0.0024,0.1570,0.000,0.000
61.181,-0.0348,0.0024,0.1570,0.000,0.000
61.188,-0.0348,0.0024,0.1570,0.000,0.000
61.196,-0.0348,0.0024,0.1570,0.000,0.000
61.203,-0.0348,0.0024,0.1570,0.000,0.000
61.210,-0.0348,0.0024,0.1570,0.000,0.000
61.217,-0.0348,0.0024,0.1570,0.000,0.000
61.224,-0.0348,0.0024,0.1570,0.000,0.000
61.231,-0.0348,0.0024,0.1570,0.000,0.000
61.239,-0.0348,0.0024,0.1570,0.000,0.000
61.246,-0.0348,0.0024,0.1570,0.000,0.000
61.253,-0.0348,0.0024,0.1570,0.000,0.000
61.261,-0.0348,0.0024,0.1570,0.000,0.000
61.268,-0.0348,0.0024,0.1570,0.000,0.000
61.276,-0.0348,0.0024,0.1570,0.000,0.000
61.284,-0.0348,0.0024,0.1570,0.000,0.000
61.295,-0.0348,0.0024,0.1570,0.000,0.000
61.304,-0.0348,0.0024,0.1570,0.000,0.000
61.314,-0.0348,0.0024,0.1570,0.000,0.000
61.324,-0.0348,0.0024,0.1570,0.000,0.000
61.331,-0.0348,0.0024,0.1570,0.000,0.000
61.339,-0.0348,0.0024,0.1570,0.000,0.000
61.347,-0.0348,0.0024,0.1570,0.000,0.000
61.355,-0.0348,0.0024,0.1570,0.000,0.000
61.363,-0.0348,0.0024,0.1570,0.000,0.000
61.371,-0.0348,0.0024,0.1570,0.000,0.000
61.379,-0.0348,0.0024,0.1570,0.000,0.000
61.386,-0.0348,0.0024,0.1570,0.000,0.000
61.394,-0.0348,0.0024,0.1570,0.000,0.000
61.404,-0.0348,0.0024,0.1570,0.000,0.000
61.412,-0.0348,0.0024,0.1570,0.000,0.000
61.420,-0.0348,0.0024,0.1570,0.000,0.000
61.428,-0.0348,0.0024,0.1570,0.000,0.000
61.436,-0.0348,0.0024,0.1570,0.000,0.000
61.444,-0.0348,0.0024,0.1570,0.000,0.000
61.451,-0.0348,0.0024,0.1570,0.000,0.000
61.462,-0.0348,0.0024,0.1570,0.000,0.000
61.470,-0.0348,0.0024,0.1570,0.000,0.000
61.479,-0.0348,0.0024,0.1570,0.000,0.000
61.487,-0.0348,0.0024,0.1570,0.000,0.000
61.495,-0.0348,0.0024,0.1570,0.000,0.000
61.503,-0.0348,0.0024,0.1570,0.000,0.000
61.511,-0.0348,0.0024,0.1570,0.000,0.000
61.519,-0.0348,0.0024,0.1570,0.000,0.000
61.527,-0.0348,0.0024,0.1570,0.000,0.000
61.535,-0.0348,0.0024,0.1570,0.000,0.000
61.543,-0.0348,0.0024,0.1570,0.000,0.000
61.552,-0.0348,0.0024,0.1570,0.000,0.000
61.560,-0.0348,0.0024,0.1570,0.000,0.000
61.568,-0.0348,0.0024,0.1570,0.000,0.000
61.576,-0.0348,0.0024,0.1570,0.000,0.000
61.584,-0.0348,0.0024,0.1570,0.000,0.000
61.592,-0.0348,0.0024,0.1570,0.000,0.000
61.599,-0.0348,0.0024,0.1570,0.000,0.000
61.607,-0.0348,0.0024,0.1570,0.000,0.000
61.616,-0.0348,0.0024,0.1570,0.000,0.000
61.625,-0.0348,0.0024,0.1570,0.000,0.000
61.632,-0.0348,0.0024,0.1570,0.000,0.000
61.640,-0.0348,0.0024,0.1570,0.000,0.000
61.649,-0.0348,0.0024,0.1570,0.000,0.000
61.658,-0.0348,0.0024,0.1570,0.000,0.000
61.665,-0.0348,0.0024,0.1570,0.000,0.000
61.673,-0.0348,0.0024,0.1570,0.000,0.000
61.681,-0.0348,0.0024,0.1570,0.000,0.000
61.689,-0.0348,0.0024,0.1570,0.000,0.000
61.697,-0.0348,0.0024,0.1570,0.000,0.000
61.705,-0.0348,0.0024,0.1570,0.000,0.000
61.713,-0.0348,0.0024,0.1570,0.000,0.000
61.721,-0.0348,0.0024,0.1570,0.000,0.000
61.729,-0.0348,0.0024,0.1570,0.000,0.000
61.737,-0.0348,0.0024,0.1570,0.000,0.000
61.745,-0.0348,0.0024,0.1570,0.000,0.000
61.752,-0.0348,0.0024,0.1570,0.000,0.000
61.760,-0.0348,0.0024,0.1570,0.000,0.000
61.767,-0.0348,0.0024,0.1570,0.000,0.000
61.776,-0.0348,0.0024,0.1570,0.000,0.000
61.785,-0.0348,0.0024,0.1570,0.000,0.000
61.794,-0.0348,0.0024,0.1570,0.000,0.000
61.802,-0.0348,0.0024,0.1570,0.000,0.000
61.810,-0.0348,0.0024,0.1570,0.000,0.000
61.818,-0.0348,0.0024,0.1570,0.000,0.000
61.826,-0.0348,0.0024,0.1570,0.000,0.000
61.833,-0.0348,0.0024,0.1570,0.000,0.000
61.842,-0.0348,0.0024,0.1570,0.000,0.000
61.850,-0.0348,0.0024,0.1570,0.000,0.000
61.860,-0.0348,0.0024,0.1570,0.000,0.000
61.867,-0.0348,0.0024,0.1570,0.000,0.000
61.875,-0.0348,0.0024,0.1570,0.000,0.000
61.883,-0.0348,0.0024,0.1570,0.000,0.000
61.891,-0.0348,0.0024,0.1570,0.000,0.000
61.899,-0.0348,0.0024,0.1570,0.000,0.000
61.906,-0.0348,0.0024,0.1570,0.000,0.000
61.914,-0.0348,0.0024,0.1570,0.000,0.000
61.923,-0.0348,0.0024,0.1570,0.000,0.000
61.931,-0.0348,0.0024,0.1570,0.000,0.000
61.938,-0.0348,0.0024,0.1570,0.000,0.000
61.948,-0.0348,0.0024,0.1570,0.000,0.000
61.956,-0.0348,0.0024,0.1570,0.000,0.000
61.963,-0.0348,0.0024,0.1570,0.000,0.000
61.971,-0.0348,0.0024,0.1570,0.000,0.000
61.979,-0.0348,0.0024,0.1570,0.000,0.000
61.987,-0.0348,0.0024,0.1570,0.000,0.000
61.995,-0.0348,0.0024,0.1570,0.000,0.000
62.004,-0.0348,0.0024,0.1570,0.000,0.000
62.011,-0.0348,0.0024,0.1570,0.000,0.000
62.019,-0.0348,0.0024,0.1570,0.000,0.000
62.028,-0.0348,0.0024,0.1570,0.000,0.000
62.036,-0.0348,0.0024,0.1570,0.000,0.000
62.044,-0.0348,0.0024,0.1570,0.000,0.000
62.051,-0.0348,0.0024,0.1570,0.000,0.000
62.059,-0.0348,0.0024,0.1570,0.000,0.000
62.066,-0.0348,0.0024,0.1570,0.000,0.000
62.074,-0.0348,0.0024,0.1570,0.000,0.000
62.083,-0.0348,0.0024,0.1570,0.000,0.000
62.091,-0.0348,0.0024,0.1570,0.000,0.000
62.100,-0.0348,0.0024,0.1570,0.000,0.000
62.110,-0.0348,0.0024,0.1570,0.000,0.000
62.117,-0.0348,0.0024,0.1570,0.000,0.000
62.125,-0.0348,0.0024,0.1570,0.000,0.000
62.132,-0.0348,0.0024,0.1570,0.000,0.000
62.140,-0.0348,0.0024,0.1570,0.000,0.000
62.148,-0.0348,0.0024,0.1570,0.000,0.000
62.157,-0.0348,0.0024,0.1570,0.000,0.000
62.164,-0.0348,0.0024,0.1570,0.000,0.000
62.172,-0.0348,0.0024,0.1570,0.000,0.000
62.179,-0.0348,0.0024,0.1570,0.000,0.000
62.187,-0.0348,0.0024,0.1570,0.000,0.000
62.195,-0.0348,0.0024,0.1570,0.000,0.000
62.203,-0.0348,0.0024,0.1570,0.000,0.000
62.211,-0.0348,0.0024,0.1570,0.000,0.000
62.219,-0.0348,0.0024,0.1570,0.000,0.000
62.226,-0.0348,0.0024,0.1570,0.000,0.000
62.234,-0.0348,0.0024,0.1570,0.000,0.000
62.243,-0.0348,0.0024,0.1570,0.000,0.000
62.251,-0.0348,0.0024,0.1570,0.000,0.000
62.260,-0.0348,0.0024,0.1570,0.000,0.000
62.269,-0.0348,0.0024,0.1570,0.000,0.000
62.277,-0.0348,0.0024,0.1570,0.000,0.000
62.285,-0.0348,0.0024,0.1570,0.000,0.000
62.293,-0.0348,0.0024,0.1570,0.000,0.000
62.301,-0.0348,0.0024,0.1570,0.000,0.000
62.308,-0.0348,0.0024,0.1570,0.000,0.000
62.317,-0.0348,0.0024,0.1570,0.000,0.000
62.325,-0.0348,0.0024,0.1570,0.000,0.000
62.333,-0.0348,0.0024,0.1570,0.000,0.000
62.341,-0.0348,0.0024,0.1570,0.000,0.000
62.350,-0.0348,0.0024,0.1570,0.000,0.000
62.359,-0.0348,0.0024,0.1570,0.000,0.000
62.367,-0.0348,0.0024,0.1570,0.000,0.000
62.375,-0.0348,0.0024,0.1570,0.000,0.000
62.383,-0.0348,0.0024,0.1570,0.000,0.000
62.392,-0.0348,0.0024,0.1570,0.000,0.000
62.400,-0.0348,0.0024,0.1570,0.000,0.000
62.407,-0.0348,0.0024,0.1570,0.000,0.000
62.414,-0.0348,0.0024,0.1570,0.000,0.000
62.422,-0.0348,0.0024,0.1570,0.000,0.000
62.431,-0.0348,0.0024,0.1570,0.000,0.000
62.439,-0.0348,0.0024,0.1570,0.000,0.000
62.447,-0.0348,0.0024,0.1570,0.000,0.000
62.455,-0.0348,0.0024,0.1570,0.000,0.000
62.463,-0.0348,0.0024,0.1570,0.000,0.000
62.470,-0.0348,0.0024,0.1570,0.000,0.000
62.478,-0.0348,0.0024,0.1570,0.000,0.000
62.486,-0.0348,0.0024,0.1570,0.000,0.000
62.494,-0.0348,0.0024,0.1570,0.000,0.000
62.502,-0.0348,0.0024,0.1570,0.000,0.000
62.510,-0.0348,0.0024,0.1570,0.000,0.000
62.518,-0.0348,0.0024,0.1570,0.000,0.000
62.526,-0.0348,0.0024,0.1570,0.000,0.000
62.534,-0.0348,0.0024,0.1570,0.000,0.000
62.543,-0.0348,0.0024,0.1570,0.000,0.000
62.550,-0.0348,0.0024,0.1570,0.000,0.000
62.559,-0.0348,0.0024,0.1570,0.000,0.000
62.567,-0.0348,0.0024,0.1570,0.000,0.000
62.574,-0.0348,0.0024,0.1570,0.000,0.000
62.583,-0.0348,0.0024,0.1570,0.000,0.000
62.591,-0.0348,0.0024,0.1570,0.000,0.000
62.599,-0.0348,0.0024,0.1570,0.000,0.000
62.606,-0.0348,0.0024,0.1570,0.000,0.000
62.613,-0.0348,0.0024,0.1570,0.000,0.000
62.621,-0.0348,0.0024,0.1570,0.000,0.000
62.629,-0.0348,0.0024,0.1570,0.000,0.000
62.636,-0.0348,0.0024,0.1570,0.000,0.000
62.644,-0.0348,0.0024,0.1570,0.000,0.000
62.652,-0.0348,0.0024,0.1570,0.000,0.000
62.659,-0.0348,0.0024,0.1570,0.000,0.000
62.666,-0.0348,0.0024,0.1570,0.000,0.000
62.674,-0.0348,0.0024,0.1570,0.000,0.000
62.683,-0.0348,0.0024,0.1570,0.000,0.000
62.691,-0.0348,0.0024,0.1570,0.000,0.000
62.699,-0.0348,0.0024,0.1570,0.000,0.000
62.705,-0.0348,0.0024,0.1570,0.000,0.000
62.713,-0.0348,0.0024,0.1570,0.000,0.000
62.720,-0.0348,0.0024,0.1570,0.000,0.000
62.727,-0.0348,0.0024,0.1570,0.000,0.000
62.735,-0.0348,0.0024,0.1570,0.000,0.000
62.743,-0.0348,0.0024,0.1570,0.000,0.000
62.749,-0.0348,0.0024,0.1570,0.000,0.000
62.756,-0.0348,0.0024,0.1570,0.000,0.000
62.764,-0.0348,0.0024,0.1570,0.000,0.000
62.771,-0.0348,0.0024,0.1570,0.000,0.000
62.778,-0.0348,0.0024,0.1570,0.000,0.000
62.785,-0.0348,0.0024,0.1570,0.000,0.000
62.791,-0.0348,0.0024,0.1570,0.000,0.000
62.798,-0.0348,0.0024,0.1570,0.000,0.000
62.804,-0.0348,0.0024,0.1570,0.000,0.000
62.811,-0.0348,0.0024,0.1570,0.000,0.000
62.818,-0.0348,0.0024,0.1570,0.000,0.000
62.824,-0.0348,0.0024,0.1570,0.000,0.000
62.831,-0.0348,0.0024,0.1570,0.000,0.000
62.838,-0.0348,0.0024,0.1570,0.000,0.000
62.845,-0.0348,0.0024,0.1570,0.000,0.000
62.852,-0.0348,0.0024,0.1570,0.000,0.000
62.860,-0.0348,0.0024,0.1570,0.000,0.000
62.868,-0.0348,0.0024,0.1570,0.000,0.000
62.876,-0.0348,0.0024,0.1570,0.000,0.000
62.886,-0.0348,0.0024,0.1570,0.000,0.000
62.894,-0.0348,0.0024,0.1570,0.000,0.000
62.902,-0.0348,0.0024,0.1570,0.000,0.000
62.910,-0.0348,0.0024,0.1570,0.000,0.000
62.918,-0.0348,0.0024,0.1570,0.000,0.000
62.926,-0.0348,0.0024,0.1570,0.000,0.000
62.934,-0.0348,0.0024,0.1570,0.000,0.000
62.940,-0.0348,0.0024,0.1570,0.000,0.000
62.947,-0.0348,0.0024,0.1570,0.000,0.000
62.956,-0.0348,0.0024,0.1570,0.000,0.000
62.964,-0.0348,0.0024,0.1570,0.000,0.000
62.972,-0.0348,0.0024,0.1570,0.000,0.000
62.980,-0.0348,0.0024,0.1570,0.000,0.000
62.987,-0.0348,0.0024,0.1570,0.000,0.000
62.995,-0.0348,0.0024,0.1570,0.000,0.000
63.004,-0.0348,0.0024,0.1570,0.000,0.000
63.011,-0.0348,0.0024,0.1570,0.000,0.000
63.019,-0.0348,0.0024,0.1570,0.000,0.000
63.028,-0.0348,0.0024,0.1570,0.000,0.000
63.036,-0.0348,0.0024,0.1570,0.000,0.000
63.045,-0.0348,0.0024,0.1570,0.000,0.000
63.053,-0.0348,0.0024,0.1570,0.000,0.000
63.061,-0.0348,0.0024,0.1570,0.000,0.000
63.069,-0.0348,0.0024,0.1570,0.000,0.000
63.077,-0.0348,0.0024,0.1570,0.000,0.000
63.085,-0.0348,0.0024,0.1570,0.000,0.000
63.093,-0.0348,0.0024,0.1570,0.000,0.000
63.101,-0.0348,0.0024,0.1570,0.000,0.000
63.108,-0.0348,0.0024,0.1570,0.000,0.000
63.116,-0.0348,0.0024,0.1570,0.000,0.000
63.124,-0.0348,0.0024,0.1570,0.000,0.000
63.132,-0.0348,0.0024,0.1570,0.000,0.000
63.141,-0.0348,0.0024,0.1570,0.000,0.000
63.149,-0.0348,0.0024,0.1570,0.000,0.000
63.156,-0.0348,0.0024,0.1570,0.000,0.000
63.164,-0.0348,0.0024,0.1570,0.000,0.000
63.171,-0.0348,0.0024,0.1570,0.000,0.000
63.179,-0.0348,0.0024,0.1570,0.000,0.000
63.186,-0.0348,0.0024,0.1570,0.000,0.000
63.194,-0.0348,0.0024,0.1570,0.000,0.000
63.203,-0.0348,0.0024,0.1570,0.000,0.000
63.210,-0.0348,0.0024,0.1570,0.000,0.000
63.219,-0.0348,0.0024,0.1570,0.000,0.000
63.226,-0.0348,0.0024,0.1570,0.000,0.000
63.234,-0.0348,0.0024,0.1570,0.000,0.000
63.241,-0.0348,0.0024,0.1570,0.000,0.000
63.249,-0.0348,0.0024,0.1570,0.000,0.000
63.256,-0.0348,0.0024,0.1570,0.000,0.000
63.264,-0.0348,0.0024,0.1570,0.000,0.000
63.271,-0.0348,0.0024,0.1570,0.000,0.000
63.280,-0.0348,0.0024,0.1570,0.000,0.000
63.288,-0.0348,0.0024,0.1570,0.000,0.000
63.296,-0.0348,0.0024,0.1570,0.000,0.000
63.304,-0.0348,0.0024,0.1570,0.000,0.000
63.311,-0.0348,0.0024,0.1570,0.000,0.000
63.318,-0.0348,0.0024,0.1570,0.000,0.000
63.326,-0.0348,0.0024,0.1570,0.000,0.000
63.333,-0.0348,0.0024,0.1570,0.000,0.000
63.341,-0.0348,0.0024,0.1570,0.000,0.000
63.348,-0.0348,0.0024,0.1570,0.000,0.000
63.356,-0.0348,0.0024,0.1570,0.000,0.000
63.364,-0.0348,0.0024,0.1570,0.000,0.000
63.371,-0.0348,0.0024,0.1570,0.000,0.000
63.379,-0.0348,0.0024,0.1570,0.000,0.000
63.386,-0.0348,0.0024,0.1570,0.000,0.000
63.393,-0.0348,0.0024,0.1570,0.000,0.000
63.401,-0.0348,0.0024,0.1570,0.000,0.000
63.408,-0.0348,0.0024,0.1570,0.000,0.000
63.415,-0.0348,0.0024,0.1570,0.000,0.000
63.423,-0.0348,0.0024,0.1570,0.000,0.000
63.430,-0.0348,0.0024,0.1570,0.000,0.000
63.437,-0.0348,0.0024,0.1570,0.000,0.000
63.445,-0.0348,0.0024,0.1570,0.000,0.000
63.452,-0.0348,0.0024,0.1570,0.000,0.000
63.460,-0.0348,0.0024,0.1570,0.000,0.000
63.468,-0.0348,0.0024,0.1570,0.000,0.000
63.476,-0.0348,0.0024,0.1570,0.000,0.000
63.484,-0.0348,0.0024,0.1570,0.000,0.000
63.491,-0.0348,0.0024,0.1570,0.000,0.000
63.499,-0.0348,0.0024,0.1570,0.000,0.000
63.507,-0.0348,0.0024,0.1570,0.000,0.000
63.515,-0.0348,0.0024,0.1570,0.000,0.000
63.523,-0.0348,0.0024,0.1570,0.000,0.000
63.530,-0.0348,0.0024,0.1570,0.000,0.000
63.538,-0.0348,0.0024,0.1570,0.000,0.000
63.546,-0.0348,0.0024,0.1570,0.000,0.000
63.553,-0.0348,0.0024,0.1570,0.000,0.000
63.563,-0.0348,0.0024,0.1570,0.000,0.000
63.570,-0.0348,0.0024,0.1570,0.000,0.000
63.578,-0.0348,0.0024,0.1570,0.000,0.000
63.586,-0.0348,0.0024,0.1570,0.000,0.000
63.593,-0.0348,0.0024,0.1570,0.000,0.000
63.602,-0.0348,0.0024,0.1570,0.000,0.000
63.609,-0.0348,0.0024,0.1570,0.000,0.000
63.618,-0.0348,0.0024,0.1570,0.000,0.000
63.626,-0.0348,0.0024,0.1570,0.000,0.000
63.633,-0.0348,0.0024,0.1570,0.000,0.000
63.641,-0.0348,0.0024,0.1570,0.000,0.000
63.649,-0.0348,0.0024,0.1570,0.000,0.000
63.656,-0.0348,0.0024,0.1570,0.000,0.000
63.665,-0.0348,0.0024,0.1570,0.000,0.000
63.672,-0.0348,0.0024,0.1570,0.000,0.000
63.680,-0.0348,0.0024,0.1570,0.000,0.000
63.687,-0.0348,0.0024,0.1570,0.000,0.000
63.696,-0.0348,0.0024,0.1570,0.000,0.000
63.704,-0.0348,0.0024,0.1570,0.000,0.000
63.712,-0.0348,0.0024,0.1570,0.000,0.000
63.720,-0.0348,0.0024,0.1570,0.000,0.000
63.727,-0.0348,0.0024,0.1570,0.000,0.000
63.734,-0.0348,0.0024,0.1570,0.000,0.000
63.742,-0.0348,0.0024,0.1570,0.000,0.000
63.750,-0.0348,0.0024,0.1570,0.000,0.000
63.757,-0.0348,0.0024,0.1570,0.000,0.000
63.766,-0.0348,0.0024,0.1570,0.000,0.000
63.773,-0.0348,0.0024,0.1570,0.000,0.000
63.781,-0.0348,0.0024,0.1570,0.000,0.000
63.788,-0.0348,0.0024,0.1570,0.000,0.000
63.797,-0.0348,0.0024,0.1570,0.000,0.000
63.805,-0.0348,0.0024,0.1570,0.000,0.000
63.811,-0.0348,0.0024,0.1570,0.000,0.000
63.820,-0.0348,0.0024,0.1570,0.000,0.000
63.828,-0.0348,0.0024,0.1570,0.000,0.000
63.835,-0.0348,0.0024,0.1570,0.000,0.000
63.843,-0.0348,0.0024,0.1570,0.000,0.000
63.851,-0.0348,0.0024,0.1570,0.000,0.000
63.859,-0.0348,0.0024,0.1570,0.000,0.000
63.866,-0.0348,0.0024,0.1570,0.000,0.000
63.873,-0.0348,0.0024,0.1570,0.000,0.000
63.882,-0.0348,0.0024,0.1570,0.000,0.000
63.889,-0.0348,0.0024,0.1570,0.000,0.000
63.897,-0.0348,0.0024,0.1570,0.000,0.000
63.905,-0.0348,0.0024,0.1570,0.000,0.000
63.912,-0.0348,0.0024,0.1570,0.000,0.000
63.919,-0.0348,0.0024,0.1570,0.000,0.000
63.927,-0.0348,0.0024,0.1570,0.000,0.000
63.934,-0.0348,0.0024,0.1570,0.000,0.000
63.942,-0.0348,0.0024,0.1570,0.000,0.000
63.949,-0.0348,0.0024,0.1570,0.000,0.000
63.956,-0.0348,0.0024,0.1570,0.000,0.000
63.964,-0.0348,0.0024,0.1570,0.000,0.000
63.972,-0.0348,0.0024,0.1570,0.000,0.000
63.981,-0.0348,0.0024,0.1570,0.000,0.000
63.989,-0.0348,0.0024,0.1570,0.000,0.000
63.997,-0.0348,0.0024,0.1570,0.000,0.000
64.005,-0.0348,0.0024,0.1570,0.000,0.000
64.012,-0.0348,0.0024,0.1570,0.000,0.000
64.020,-0.0348,0.0024,0.1570,0.000,0.000
64.028,-0.0348,0.0024,0.1570,0.000,0.000
64.035,-0.0348,0.0024,0.1570,0.000,0.000
64.043,-0.0348,0.0024,0.1570,0.000,0.000
64.050,-0.0348,0.0024,0.1570,0.000,0.000
64.058,-0.0348,0.0024,0.1570,0.000,0.000
64.066,-0.0348,0.0024,0.1570,0.000,0.000
64.073,-0.0348,0.0024,0.1570,0.000,0.000
64.081,-0.0348,0.0024,0.1570,0.000,0.000
64.088,-0.0348,0.0024,0.1570,0.000,0.000
64.096,-0.0348,0.0024,0.1570,0.000,0.000
64.103,-0.0348,0.0024,0.1570,0.000,0.000
64.111,-0.0348,0.0024,0.1570,0.000,0.000
64.119,-0.0348,0.0024,0.1570,0.000,0.000
64.126,-0.0348,0.0024,0.1570,0.000,0.000
64.134,-0.0348,0.0024,0.1570,0.000,0.000
64.143,-0.0348,0.0024,0.1570,0.000,0.000
64.152,-0.0348,0.0024,0.1570,0.000,0.000
64.162,-0.0348,0.0024,0.1570,0.000,0.000
64.170,-0.0348,0.0024,0.1570,0.000,0.000
64.178,-0.0348,0.0024,0.1570,0.000,0.000
64.186,-0.0348,0.0024,0.1570,0.000,0.000
64.193,-0.0348,0.0024,0.1570,0.000,0.000
64.202,-0.0348,0.0024,0.1570,0.000,0.000
64.209,-0.0348,0.0024,0.1570,0.000,0.000
64.217,-0.0348,0.0024,0.1570,0.000,0.000
64.226,-0.0348,0.0024,0.1570,0.000,0.000
64.234,-0.0348,0.0024,0.1570,0.000,0.000
64.242,-0.0348,0.0024,0.1570,0.000,0.000
64.250,-0.0348,0.0024,0.1570,0.000,0.000
64.258,-0.0348,0.0024,0.1570,0.000,0.000
64.266,-0.0348,0.0024,0.1570,0.000,0.000
64.274,-0.0348,0.0024,0.1570,0.000,0.000
64.283,-0.0348,0.0024,0.1570,0.000,0.000
64.292,-0.0348,0.0024,0.1570,0.000,0.000
64.302,-0.0348,0.0024,0.1570,0.000,0.000
64.309,-0.0348,0.0024,0.1570,0.000,0.000
64.318,-0.0348,0.0024,0.1570,0.000,0.000
64.326,-0.0348,0.0024,0.1570,0.000,0.000
64.333,-0.0348,0.0024,0.1570,0.000,0.000
64.342,-0.0348,0.0024,0.1570,0.000,0.000
64.349,-0.0348,0.0024,0.1570,0.000,0.000
64.357,-0.0348,0.0024,0.1570,0.000,0.000
64.365,-0.0348,0.0024,0.1570,0.000,0.000
64.373,-0.0348,0.0024,0.1570,0.000,0.000
64.380,-0.0348,0.0024,0.1570,0.000,0.000
64.388,-0.0348,0.0024,0.1570,0.000,0.000
64.397,-0.0348,0.0024,0.1570,0.000,0.000
64.405,-0.0348,0.0024,0.1570,0.000,0.000
64.413,-0.0348,0.0024,0.1570,0.000,0.000
64.420,-0.0348,0.0024,0.1570,0.000,0.000
64.427,-0.0348,0.0024,0.1570,0.000,0.000
64.435,-0.0348,0.0024,0.1570,0.000,0.000
64.444,-0.0348,0.0024,0.1570,0.000,0.000
64.451,-0.0348,0.0024,0.1570,0.000,0.000
64.458,-0.0348,0.0024,0.1570,0.000,0.000
64.466,-0.0348,0.0024,0.1570,0.000,0.000
64.473,-0.0348,0.0024,0.1570,0.000,0.000
64.482,-0.0348,0.0024,0.1570,0.000,0.000
64.489,-0.0348,0.0024,0.1570,0.000,0.000
64.497,-0.0348,0.0024,0.1570,0.000,0.000
64.505,-0.0348,0.0024,0.1570,0.000,0.000
64.512,-0.0348,0.0024,0.1570,0.000,0.000
64.520,-0.0348,0.0024,0.1570,0.000,0.000
64.528,-0.0348,0.0024,0.1570,0.000,0.000
64.536,-0.0348,0.0024,0.1570,0.000,0.000
64.544,-0.0348,0.0024,0.1570,0.000,0.000
64.551,-0.0348,0.0024,0.1570,0.000,0.000
64.560,-0.0348,0.0024,0.1570,0.000,0.000
64.568,-0.0348,0.0024,0.1570,0.000,0.000
64.576,-0.0348,0.0024,0.1570,0.000,0.000
64.584,-0.0348,0.0024,0.1570,0.000,0.000
64.592,-0.0348,0.0024,0.1570,0.000,0.000
64.600,-0.0348,0.0024,0.1570,0.000,0.000
64.607,-0.0348,0.0024,0.1570,0.000,0.000
64.615,-0.0348,0.0024,0.1570,0.000,0.000
64.625,-0.0348,0.0024,0.1570,0.000,0.000
64.632,-0.0348,0.0024,0.1570,0.000,0.000
64.640,-0.0348,0.0024,0.1570,0.000,0.000
64.649,-0.0348,0.0024,0.1570,0.000,0.000
64.658,-0.0348,0.0024,0.1570,0.000,0.000
64.666,-0.0348,0.0024,0.1570,0.000,0.000
64.673,-0.0348,0.0024,0.1570,0.000,0.000
64.682,-0.0348,0.0024,0.1570,0.000,0.000
64.689,-0.0348,0.0024,0.1570,0.000,0.000
64.698,-0.0348,0.0024,0.1570,0.000,0.000
64.705,-0.0348,0.0024,0.1570,0.000,0.000
64.713,-0.0348,0.0024,0.1570,0.000,0.000
64.720,-0.0348,0.0024,0.1570,0.000,0.000
64.728,-0.0348,0.0024,0.1570,0.000,0.000
64.735,-0.0348,0.0024,0.1570,0.000,0.000
64.743,-0.0348,0.0024,0.1570,0.000,0.000
64.751,-0.0348,0.0024,0.1570,0.000,0.000
64.759,-0.0348,0.0024,0.1570,0.000,0.000
64.767,-0.0348,0.0024,0.1570,0.000,0.000
64.774,-0.0348,0.0024,0.1570,0.000,0.000
64.784,-0.0348,0.0024,0.1570,0.000,0.000
64.792,-0.0348,0.0024,0.1570,0.000,0.000
64.800,-0.0348,0.0024,0.1570,0.000,0.000
64.808,-0.0348,0.0024,0.1570,0.000,0.000
64.815,-0.0348,0.0024,0.1570,0.000,0.000
64.823,-0.0348,0.0024,0.1570,0.000,0.000
64.831,-0.0348,0.0024,0.1570,0.000,0.000
64.838,-0.0348,0.0024,0.1570,0.000,0.000
64.846,-0.0348,0.0024,0.1570,0.000,0.000
64.853,-0.0348,0.0024,0.1570,0.000,0.000
64.862,-0.0348,0.0024,0.1570,0.000,0.000
64.870,-0.0348,0.0024,0.1570,0.000,0.000
64.877,-0.0348,0.0024,0.1570,0.000,0.000
64.885,-0.0348,0.0024,0.1570,0.000,0.000
64.892,-0.0348,0.0024,0.1570,0.000,0.000
64.901,-0.0348,0.0024,0.1570,0.000,0.000
64.911,-0.0348,0.0024,0.1570,0.000,0.000
64.920,-0.0348,0.0024,0.1570,0.000,0.000
64.928,-0.0348,0.0024,0.1570,0.000,0.000
64.936,-0.0348,0.0024,0.1570,0.000,0.000
64.946,-0.0348,0.0024,0.1570,0.000,0.000
64.953,-0.0348,0.0024,0.1570,0.000,0.000
64.961,-0.0348,0.0024,0.1570,0.000,0.000
64.968,-0.0348,0.0024,0.1570,0.000,0.000
64.976,-0.0348,0.0024,0.1570,0.000,0.000
64.983,-0.0348,0.0024,0.1570,0.000,0.000
64.991,-0.0348,0.0024,0.1570,0.000,0.000
64.998,-0.0348,0.0024,0.1570,0.000,0.000
65.006,-0.0348,0.0024,0.1570,0.000,0.000
65.014,-0.0348,0.0024,0.1570,0.000,0.000
65.021,-0.0348,0.0024,0.1570,0.000,0.000
65.029,-0.0348,0.0024,0.1570,0.000,0.000
65.037,-0.0348,0.0024,0.1570,0.000,0.000
65.044,-0.0348,0.0024,0.1570,0.000,0.000
65.052,-0.0348,0.0024,0.1570,0.000,0.000
65.059,-0.0348,0.0024,0.1570,0.000,0.000
65.066,-0.0348,0.0024,0.1570,0.000,0.000
65.074,-0.0348,0.0024,0.1570,0.000,0.000
65.082,-0.0348,0.0024,0.1570,0.000,0.000
65.089,-0.0348,0.0024,0.1570,0.000,0.000
65.098,-0.0348,0.0024,0.1570,0.000,0.000
65.106,-0.0348,0.0024,0.1570,0.000,0.000
65.113,-0.0348,0.0024,0.1570,0.000,0.000
65.120,-0.0348,0.0024,0.1570,0.000,0.000
65.127,-0.0348,0.0024,0.1570,0.000,0.000
65.136,-0.0348,0.0024,0.1570,0.000,0.000
65.144,-0.0348,0.0024,0.1570,0.000,0.000
65.151,-0.0348,0.0024,0.1570,0.000,0.000
65.158,-0.0348,0.0024,0.1570,0.000,0.000
65.165,-0.0348,0.0024,0.1570,0.000,0.000
65.172,-0.0348,0.0024,0.1570,0.000,0.000
65.180,-0.0348,0.0024,0.1570,0.000,0.000
65.188,-0.0348,0.0024,0.1570,0.000,0.000
65.195,-0.0348,0.0024,0.1570,0.000,0.000
65.204,-0.0348,0.0024,0.1570,0.000,0.000
65.212,-0.0348,0.0024,0.1570,0.000,0.000
65.220,-0.0348,0.0024,0.1570,0.000,0.000
65.227,-0.0348,0.0024,0.1570,0.000,0.000
65.235,-0.0348,0.0024,0.1570,0.000,0.000
65.244,-0.0348,0.0024,0.1570,0.000,0.000
65.252,-0.0348,0.0024,0.1570,0.000,0.000
65.259,-0.0348,0.0024,0.1570,0.000,0.000
65.267,-0.0348,0.0024,0.1570,0.000,0.000
65.274,-0.0348,0.0024,0.1570,0.000,0.000
65.282,-0.0348,0.0024,0.1570,0.000,0.000
65.290,-0.0348,0.0024,0.1570,0.000,0.000
65.299,-0.0348,0.0024,0.1570,0.000,0.000
65.307,-0.0348,0.0024,0.1570,0.000,0.000
65.314,-0.0348,0.0024,0.1570,0.000,0.000
65.322,-0.0348,0.0024,0.1570,0.000,0.000
65.330,-0.0348,0.0024,0.1570,0.000,0.000
65.337,-0.0348,0.0024,0.1570,0.000,0.000
65.344,-0.0348,0.0024,0.1570,0.000,0.000
65.352,-0.0348,0.0024,0.1570,0.000,0.000
65.359,-0.0348,0.0024,0.1570,0.000,0.000
65.367,-0.0348,0.0024,0.1570,0.000,0.000
65.374,-0.0348,0.0024,0.1570,0.000,0.000
65.383,-0.0348,0.0024,0.1570,0.000,0.000
65.391,-0.0348,0.0024,0.1570,0.000,0.000
65.399,-0.0348,0.0024,0.1570,0.000,0.000
65.407,-0.0348,0.0024,0.1570,0.000,0.000
65.414,-0.0348,0.0024,0.1570,0.000,0.000
65.421,-0.0348,0.0024,0.1570,0.000,0.000
65.428,-0.0348,0.0024,0.1570,0.000,0.000
65.435,-0.0348,0.0024,0.1570,0.000,0.000
65.444,-0.0348,0.0024,0.1570,0.000,0.000
65.451,-0.0348,0.0024,0.1570,0.000,0.000
65.458,-0.0348,0.0024,0.1570,0.000,0.000
65.467,-0.0348,0.0024,0.1570,0.000,0.000
65.474,-0.0348,0.0024,0.1570,0.000,0.000
65.482,-0.0348,0.0024,0.1570,0.000,0.000
65.489,-0.0348,0.0024,0.1570,0.000,0.000
65.496,-0.0348,0.0024,0.1570,0.000,0.000
65.503,-0.0348,0.0024,0.1570,0.000,0.000
65.511,-0.0348,0.0024,0.1570,0.000,0.000
65.519,-0.0348,0.0024,0.1570,0.000,0.000
65.527,-0.0348,0.0024,0.1570,0.000,0.000
65.534,-0.0348,0.0024,0.1570,0.000,0.000
65.543,-0.0348,0.0024,0.1570,0.000,0.000
65.550,-0.0348,0.0024,0.1570,0.000,0.000
65.559,-0.0348,0.0024,0.1570,0.000,0.000
65.567,-0.0348,0.0024,0.1570,0.000,0.000
65.575,-0.0348,0.0024,0.1570,0.000,0.000
65.583,-0.0348,0.0024,0.1570,0.000,0.000
65.590,-0.0348,0.0024,0.1570,0.000,0.000
65.598,-0.0348,0.0024,0.1570,0.000,0.000
65.606,-0.0348,0.0024,0.1570,0.000,0.000
65.613,-0.0348,0.0024,0.1570,0.000,0.000
65.621,-0.0348,0.0024,0.1570,0.000,0.000
65.629,-0.0348,0.0024,0.1570,0.000,0.000
65.636,-0.0348,0.0024,0.1570,0.000,0.000
65.644,-0.0348,0.0024,0.1570,0.000,0.000
65.652,-0.0348,0.0024,0.1570,0.000,0.000
65.660,-0.0348,0.0024,0.1570,0.000,0.000
65.668,-0.0348,0.0024,0.1570,0.000,0.000
65.676,-0.0348,0.0024,0.1570,0.000,0.000
65.684,-0.0348,0.0024,0.1570,0.000,0.000
65.692,-0.0348,0.0024,0.1570,0.000,0.000
65.700,-0.0348,0.0024,0.1570,0.000,0.000
65.708,-0.0348,0.0024,0.1570,0.000,0.000
65.718,-0.0348,0.0024,0.1570,0.000,0.000
65.726,-0.0348,0.0024,0.1570,0.000,0.000
65.733,-0.0348,0.0024,0.1570,0.000,0.000
65.741,-0.0348,0.0024,0.1570,0.000,0.000
65.749,-0.0348,0.0024,0.1570,0.000,0.000
65.756,-0.0348,0.0024,0.1570,0.000,0.000
65.764,-0.0348,0.0024,0.1570,0.000,0.000
65.771,-0.0348,0.0024,0.1570,0.000,0.000
65.779,-0.0348,0.0024,0.1570,0.000,0.000
65.787,-0.0348,0.0024,0.1570,0.000,0.000
65.794,-0.0348,0.0024,0.1570,0.000,0.000
65.803,-0.0348,0.0024,0.1570,0.000,0.000
65.811,-0.0348,0.0024,0.1570,0.000,0.000
65.818,-0.0348,0.0024,0.1570,0.000,0.000
65.825,-0.0348,0.0024,0.1570,0.000,0.000
65.833,-0.0348,0.0024,0.1570,0.000,0.000
65.840,-0.0348,0.0024,0.1570,0.000,0.000
65.848,-0.0348,0.0024,0.1570,0.000,0.000
65.855,-0.0348,0.0024,0.1570,0.000,0.000
65.864,-0.0348,0.0024,0.1570,0.000,0.000
65.954,-0.0348,0.0024,0.1570,0.000,0.000
65.961,-0.0348,0.0024,0.1570,0.000,0.000
65.968,-0.0348,0.0024,0.1570,0.000,0.000
65.974,-0.0348,0.0024,0.1570,0.000,0.000
65.980,-0.0348,0.0024,0.1570,0.000,0.000
65.987,-0.0348,0.0024,0.1570,0.000,0.000
65.994,-0.0348,0.0024,0.1570,0.000,0.000
66.001,-0.0348,0.0024,0.1570,0.000,0.000
66.008,-0.0348,0.0024,0.1570,0.000,0.000
66.015,-0.0348,0.0024,0.1570,0.000,0.000
66.023,-0.0348,0.0024,0.1570,0.000,0.000
66.030,-0.0348,0.0024,0.1570,0.000,0.000
66.037,-0.0348,0.0024,0.1570,0.000,0.000
66.046,-0.0348,0.0024,0.1570,0.000,0.000
66.054,-0.0348,0.0024,0.1570,0.000,0.000
66.063,-0.0348,0.0024,0.1570,0.000,0.000
66.071,-0.0348,0.0024,0.1570,0.000,0.000
66.079,-0.0348,0.0024,0.1570,0.000,0.000
66.087,-0.0348,0.0024,0.1570,0.000,0.000
66.094,-0.0348,0.0024,0.1570,0.000,0.000
66.102,-0.0348,0.0024,0.1570,0.000,0.000
66.111,-0.0348,0.0024,0.1570,0.000,0.000
66.119,-0.0348,0.0024,0.1570,0.000,0.000
66.127,-0.0348,0.0024,0.1570,0.000,0.000
66.135,-0.0348,0.0024,0.1570,0.000,0.000
66.143,-0.0348,0.0024,0.1570,0.000,0.000
66.151,-0.0348,0.0024,0.1570,0.000,0.000
66.158,-0.0348,0.0024,0.1570,0.000,0.000
66.166,-0.0348,0.0024,0.1570,0.000,0.000
66.174,-0.0348,0.0024,0.1570,0.000,0.000
66.182,-0.0348,0.0024,0.1570,0.000,0.000
66.190,-0.0348,0.0024,0.1570,0.000,0.000
66.200,-0.0348,0.0024,0.1570,0.000,0.000
66.207,-0.0348,0.0024,0.1570,0.000,0.000
66.214,-0.0348,0.0024,0.1570,0.000,0.000
66.223,-0.0348,0.0024,0.1570,0.000,0.000
66.230,-0.0348,0.0024,0.1570,0.000,0.000
66.238,-0.0348,0.0024,0.1570,0.000,0.000
66.246,-0.0348,0.0024,0.1570,0.000,0.000
66.252,-0.0348,0.0024,0.1570,0.000,0.000
66.260,-0.0348,0.0024,0.1570,0.000,0.000
66.268,-0.0348,0.0024,0.1570,0.000,0.000
66.277,-0.0348,0.0024,0.1570,0.000,0.000
66.285,-0.0348,0.0024,0.1570,0.000,0.000
66.293,-0.0348,0.0024,0.1570,0.000,0.000
66.300,-0.0348,0.0024,0.1570,0.000,0.000
66.308,-0.0348,0.0024,0.1570,0.000,0.000
66.315,-0.0348,0.0024,0.1570,0.000,0.000
66.323,-0.0348,0.0024,0.1570,0.000,0.000
66.331,-0.0348,0.0024,0.1570,0.000,0.000
66.339,-0.0348,0.0024,0.1570,0.000,0.000
66.348,-0.0348,0.0024,0.1570,0.000,0.000
66.357,-0.0348,0.0024,0.1570,0.000,0.000
66.364,-0.0348,0.0024,0.1570,0.000,0.000
66.371,-0.0348,0.0024,0.1570,0.000,0.000
66.380,-0.0348,0.0024,0.1570,0.000,0.000
66.387,-0.0348,0.0024,0.1570,0.000,0.000
66.395,-0.0348,0.0024,0.1570,0.000,0.000
66.403,-0.0348,0.0024,0.1570,0.000,0.000
66.410,-0.0348,0.0024,0.1570,0.000,0.000
66.418,-0.0348,0.0024,0.1570,0.000,0.000
66.426,-0.0348,0.0024,0.1570,0.000,0.000
66.434,-0.0348,0.0024,0.1570,0.000,0.000
66.443,-0.0348,0.0024,0.1570,0.000,0.000
66.451,-0.0348,0.0024,0.1570,0.000,0.000
66.458,-0.0348,0.0024,0.1570,0.000,0.000
66.466,-0.0348,0.0024,0.1570,0.000,0.000
66.473,-0.0348,0.0024,0.1570,0.000,0.000
66.481,-0.0348,0.0024,0.1570,0.000,0.000
66.489,-0.0348,0.0024,0.1570,0.000,0.000
66.496,-0.0348,0.0024,0.1570,0.000,0.000
66.505,-0.0348,0.0024,0.1570,0.000,0.000
66.512,-0.0348,0.0024,0.1570,0.000,0.000
66.520,-0.0348,0.0024,0.1570,0.000,0.000
66.528,-0.0348,0.0024,0.1570,0.000,0.000
66.536,-0.0348,0.0024,0.1570,0.000,0.000
66.544,-0.0348,0.0024,0.1570,0.000,0.000
66.552,-0.0348,0.0024,0.1570,0.000,0.000
66.561,-0.0348,0.0024,0.1570,0.000,0.000
66.569,-0.0348,0.0024,0.1570,0.000,0.000
66.576,-0.0348,0.0024,0.1570,0.000,0.000
66.584,-0.0348,0.0024,0.1570,0.000,0.000
66.592,-0.0348,0.0024,0.1570,0.000,0.000
66.601,-0.0348,0.0024,0.1570,0.000,0.000
66.609,-0.0348,0.0024,0.1570,0.000,0.000
66.616,-0.0348,0.0024,0.1570,0.000,0.000
66.624,-0.0348,0.0024,0.1570,0.000,0.000
66.631,-0.0348,0.0024,0.1570,0.000,0.000
66.639,-0.0348,0.0024,0.1570,0.000,0.000
66.648,-0.0348,0.0024,0.1570,0.000,0.000
76.979,-0.0348,0.0024,0.1570,0.000,0.000
76.987,-0.0348,0.0024,0.1570,0.000,0.000
76.995,-0.0348,0.0024,0.1570,0.000,0.000
77.003,-0.0348,0.0024,0.1570,0.000,0.000
77.011,-0.0348,0.0024,0.1570,0.000,0.000
77.018,-0.0348,0.0024,0.1570,0.000,0.000
77.025,-0.0348,0.0024,0.1570,0.000,0.000
77.033,-0.0348,0.0024,0.1570,0.000,0.000
77.040,-0.0348,0.0024,0.1570,0.000,0.000
77.048,-0.0348,0.0024,0.1570,0.000,0.000
77.055,-0.0348,0.0024,0.1570,0.000,0.000
77.064,-0.0348,0.0024,0.1570,0.000,0.000
77.071,-0.0348,0.0024,0.1570,0.000,0.000
77.079,-0.0348,0.0024,0.1570,0.000,0.000
77.086,-0.0348,0.0024,0.1570,0.000,0.000
77.093,-0.0348,0.0024,0.1570,0.000,0.000
77.101,-0.0348,0.0024,0.1570,0.000,0.000
77.108,-0.0348,0.0024,0.1570,0.000,0.000
77.116,-0.0348,0.0024,0.1570,0.000,0.000
77.124,-0.0348,0.0024,0.1570,0.000,0.000
77.132,-0.0348,0.0024,0.1570,0.000,0.000
77.139,-0.0348,0.0024,0.1570,0.000,0.000
77.148,-0.0348,0.0024,0.1570,0.000,0.000
77.155,-0.0348,0.0024,0.1570,0.000,0.000
77.162,-0.0348,0.0024,0.1570,0.000,0.000
77.169,-0.0348,0.0024,0.1570,0.000,0.000
77.177,-0.0348,0.0024,0.1570,0.000,0.000
77.184,-0.0348,0.0024,0.1570,0.000,0.000
77.190,-0.0348,0.0024,0.1570,0.000,0.000
77.198,-0.0348,0.0024,0.1570,0.000,0.000
77.205,-0.0348,0.0024,0.1570,0.000,0.000
77.212,-0.0348,0.0024,0.1570,0.000,0.000
77.219,-0.0348,0.0024,0.1570,0.000,0.000
77.226,-0.0348,0.0024,0.1570,0.000,0.000
77.234,-0.0348,0.0024,0.1570,0.000,0.000
77.241,-0.0348,0.0024,0.1570,0.000,0.000
77.249,-0.0348,0.0024,0.1570,0.000,0.000
77.256,-0.0348,0.0024,0.1570,0.000,0.000
77.264,-0.0348,0.0024,0.1570,0.000,0.000
77.272,-0.0348,0.0024,0.1570,0.000,0.000
77.280,-0.0348,0.0024,0.1570,0.000,0.000
77.288,-0.0348,0.0024,0.1570,0.000,0.000
77.296,-0.0348,0.0024,0.1570,0.000,0.000
77.305,-0.0348,0.0024,0.1570,0.000,0.000
77.313,-0.0348,0.0024,0.1570,0.000,0.000
77.321,-0.0348,0.0024,0.1570,0.000,0.000
77.329,-0.0348,0.0024,0.1570,0.000,0.000
77.336,-0.0348,0.0024,0.1570,0.000,0.000
77.344,-0.0348,0.0024,0.1570,0.000,0.000
77.352,-0.0348,0.0024,0.1570,0.000,0.000
77.359,-0.0348,0.0024,0.1570,0.000,0.000
77.367,-0.0348,0.0024,0.1570,0.000,0.000
77.374,-0.0348,0.0024,0.1570,0.000,0.000
77.381,-0.0348,0.0024,0.1570,0.000,0.000
77.388,-0.0348,0.0024,0.1570,0.000,0.000
77.397,-0.0348,0.0024,0.1570,0.000,0.000
77.404,-0.0348,0.0024,0.1570,0.000,0.000
77.412,-0.0348,0.0024,0.1570,0.000,0.000
77.420,-0.0348,0.0024,0.1570,0.000,0.000
77.427,-0.0348,0.0024,0.1570,0.000,0.000
77.435,-0.0348,0.0024,0.1570,0.000,0.000
77.443,-0.0348,0.0024,0.1570,0.000,0.000
77.451,-0.0348,0.0024,0.1570,0.000,0.000
77.459,-0.0348,0.0024,0.1570,0.000,0.000
77.466,-0.0348,0.0024,0.1570,0.000,0.000
77.474,-0.0348,0.0024,0.1570,0.000,0.000
77.481,-0.0348,0.0024,0.1570,0.000,0.000
77.488,-0.0348,0.0024,0.1570,0.000,0.000
77.496,-0.0348,0.0024,0.1570,0.000,0.000
77.504,-0.0348,0.0024,0.1570,0.000,0.000
77.511,-0.0348,0.0024,0.1570,0.000,0.000
77.519,-0.0348,0.0024,0.1570,0.000,0.000
77.527,-0.0348,0.0024,0.1570,0.000,0.000
77.535,-0.0348,0.0024,0.1570,0.000,0.000
77.543,-0.0348,0.0024,0.1570,0.000,0.000
77.551,-0.0348,0.0024,0.1570,0.000,0.000
77.559,-0.0348,0.0024,0.1570,0.000,0.000
77.567,-0.0348,0.0024,0.1570,0.000,0.000
77.575,-0.0348,0.0024,0.1570,0.000,0.000
77.583,-0.0348,0.0024,0.1570,0.000,0.000
77.591,-0.0348,0.0024,0.1570,0.000,0.000
77.598,-0.0348,0.0024,0.1570,0.000,0.000
77.605,-0.0348,0.0024,0.1570,0.000,0.000
77.614,-0.0348,0.0024,0.1570,0.000,0.000
77.622,-0.0348,0.0024,0.1570,0.000,0.000
77.629,-0.0348,0.0024,0.1570,0.000,0.000
77.636,-0.0348,0.0024,0.1570,0.000,0.000
77.644,-0.0348,0.0024,0.1570,0.000,0.000
77.651,-0.0348,0.0024,0.1570,0.000,0.000
77.658,-0.0348,0.0024,0.1570,0.000,0.000
77.665,-0.0348,0.0024,0.1570,0.000,0.000
77.673,-0.0348,0.0024,0.1570,0.000,0.000
77.680,-0.0348,0.0024,0.1570,0.000,0.000
77.687,-0.0348,0.0024,0.1570,0.000,0.000
77.694,-0.0348,0.0024,0.1570,0.000,0.000
77.702,-0.0348,0.0024,0.1570,0.000,0.000
77.709,-0.0348,0.0024,0.1570,0.000,0.000
77.717,-0.0348,0.0024,0.1570,0.000,0.000
77.724,-0.0348,0.0024,0.1570,0.000,0.000
77.732,-0.0348,0.0024,0.1570,0.000,0.000
77.740,-0.0348,0.0024,0.1570,0.000,0.000
77.747,-0.0348,0.0024,0.1570,0.000,0.000
77.755,-0.0348,0.0024,0.1570,0.000,0.000
77.763,-0.0348,0.0024,0.1570,0.000,0.000
77.770,-0.0348,0.0024,0.1570,0.000,0.000
77.778,-0.0348,0.0024,0.1570,0.000,0.000
77.785,-0.0348,0.0024,0.1570,0.000,0.000
77.792,-0.0348,0.0024,0.1570,0.000,0.000
77.799,-0.0348,0.0024,0.1570,0.000,0.000
77.806,-0.0348,0.0024,0.1570,0.000,0.000
77.814,-0.0348,0.0024,0.1570,0.000,0.000
77.821,-0.0348,0.0024,0.1570,0.000,0.000
77.828,-0.0348,0.0024,0.1570,0.000,0.000
77.835,-0.0348,0.0024,0.1570,0.000,0.000
77.843,-0.0348,0.0024,0.1570,0.000,0.000
77.850,-0.0348,0.0024,0.1570,0.000,0.000
77.857,-0.0348,0.0024,0.1570,0.000,0.000
77.864,-0.0348,0.0024,0.1570,0.000,0.000
77.871,-0.0348,0.0024,0.1570,0.000,0.000
77.878,-0.0348,0.0024,0.1570,0.000,0.000
77.885,-0.0348,0.0024,0.1570,0.000,0.000
77.893,-0.0348,0.0024,0.1570,0.000,0.000
77.900,-0.0348,0.0024,0.1570,0.000,0.000
77.907,-0.0348,0.0024,0.1570,0.000,0.000
77.914,-0.0348,0.0024,0.1570,0.000,0.000
77.921,-0.0348,0.0024,0.1570,0.000,0.000
77.927,-0.0348,0.0024,0.1570,0.000,0.000
77.934,-0.0348,0.0024,0.1570,0.000,0.000
77.940,-0.0348,0.0024,0.1570,0.000,0.000
77.947,-0.0348,0.0024,0.1570,0.000,0.000
77.954,-0.0348,0.0024,0.1570,0.000,0.000
77.961,-0.0348,0.0024,0.1570,0.000,0.000
77.968,-0.0348,0.0024,0.1570,0.000,0.000
77.975,-0.0348,0.0024,0.1570,0.000,0.000
77.983,-0.0348,0.0024,0.1570,0.000,0.000
77.989,-0.0348,0.0024,0.1570,0.000,0.000
77.996,-0.0348,0.0024,0.1570,0.000,0.000
78.003,-0.0348,0.0024,0.1570,0.000,0.000
78.011,-0.0348,0.0024,0.1570,0.000,0.000
78.018,-0.0348,0.0024,0.1570,0.000,0.000
78.025,-0.0348,0.0024,0.1570,0.000,0.000
78.031,-0.0348,0.0024,0.1570,0.000,0.000
78.039,-0.0348,0.0024,0.1570,0.000,0.000
78.046,-0.0348,0.0024,0.1570,0.000,0.000
78.053,-0.0348,0.0024,0.1570,0.000,0.000
78.059,-0.0348,0.0024,0.1570,0.000,0.000
78.065,-0.0348,0.0024,0.1570,0.000,0.000
78.071,-0.0348,0.0024,0.1570,0.000,0.000
78.077,-0.0348,0.0024,0.1570,0.000,0.000
78.083,-0.0348,0.0024,0.1570,0.000,0.000
78.090,-0.0348,0.0024,0.1570,0.000,0.000
78.096,-0.0348,0.0024,0.1570,0.000,0.000
78.103,-0.0348,0.0024,0.1570,0.000,0.000
78.110,-0.0348,0.0024,0.1570,0.000,0.000
78.118,-0.0348,0.0024,0.1570,0.000,0.000
78.125,-0.0348,0.0024,0.1570,0.000,0.000
78.134,-0.0348,0.0024,0.1570,0.000,0.000
78.141,-0.0348,0.0024,0.1570,0.000,0.000
78.148,-0.0348,0.0024,0.1570,0.000,0.000
78.157,-0.0348,0.0024,0.1570,0.000,0.000
78.164,-0.0348,0.0024,0.1570,0.000,0.000
78.172,-0.0348,0.0024,0.1570,0.000,0.000
78.180,-0.0348,0.0024,0.1570,0.000,0.000
78.188,-0.0348,0.0024,0.1570,0.000,0.000
78.197,-0.0348,0.0024,0.1570,0.000,0.000
78.205,-0.0348,0.0024,0.1570,0.000,0.000
78.212,-0.0348,0.0024,0.1570,0.000,0.000
78.221,-0.0348,0.0024,0.1570,0.000,0.000
78.229,-0.0348,0.0024,0.1570,0.000,0.000
78.237,-0.0348,0.0024,0.1570,0.000,0.000
78.245,-0.0348,0.0024,0.1570,0.000,0.000
78.253,-0.0348,0.0024,0.1570,0.000,0.000
78.261,-0.0348,0.0024,0.1570,0.000,0.000
78.268,-0.0348,0.0024,0.1570,0.000,0.000
78.276,-0.0348,0.0024,0.1570,0.000,0.000
78.284,-0.0348,0.0024,0.1570,0.000,0.000
78.292,-0.0348,0.0024,0.1570,0.000,0.000
78.299,-0.0348,0.0024,0.1570,0.000,0.000
78.306,-0.0348,0.0024,0.1570,0.000,0.000
78.315,-0.0348,0.0024,0.1570,0.000,0.000
78.323,-0.0348,0.0024,0.1570,0.000,0.000
78.331,-0.0348,0.0024,0.1570,0.000,0.000
78.338,-0.0348,0.0024,0.1570,0.000,0.000
78.346,-0.0348,0.0024,0.1570,0.000,0.000
78.355,-0.0348,0.0024,0.1570,0.000,0.000
78.363,-0.0348,0.0024,0.1570,0.000,0.000
78.370,-0.0348,0.0024,0.1570,0.000,0.000
78.378,-0.0348,0.0024,0.1570,0.000,0.000
78.385,-0.0348,0.0024,0.1570,0.000,0.000
78.392,-0.0348,0.0024,0.1570,0.000,0.000
78.400,-0.0348,0.0024,0.1570,0.000,0.000
78.407,-0.0348,0.0024,0.1570,0.000,0.000
78.416,-0.0348,0.0024,0.1570,0.000,0.000
78.424,-0.0348,0.0024,0.1570,0.000,0.000
78.433,-0.0348,0.0024,0.1570,0.000,0.000
78.440,-0.0348,0.0024,0.1570,0.000,0.000
78.448,-0.0348,0.0024,0.1570,0.000,0.000
78.456,-0.0348,0.0024,0.1570,0.000,0.000
78.464,-0.0348,0.0024,0.1570,0.000,0.000
78.472,-0.0348,0.0024,0.1570,0.000,0.000
78.480,-0.0348,0.0024,0.1570,0.000,0.000
78.487,-0.0348,0.0024,0.1570,0.000,0.000
78.495,-0.0348,0.0024,0.1570,0.000,0.000
78.503,-0.0348,0.0024,0.1570,0.000,0.000
78.514,-0.0348,0.0024,0.1570,0.000,0.000
78.523,-0.0348,0.0024,0.1570,0.000,0.000
78.532,-0.0348,0.0024,0.1570,0.000,0.000
78.539,-0.0348,0.0024,0.1570,0.000,0.000
78.547,-0.0348,0.0024,0.1570,0.000,0.000
78.555,-0.0348,0.0024,0.1570,0.000,0.000
78.563,-0.0348,0.0024,0.1570,0.000,0.000
78.571,-0.0348,0.0024,0.1570,0.000,0.000
78.578,-0.0348,0.0024,0.1570,0.000,0.000
78.586,-0.0348,0.0024,0.1570,0.000,0.000
78.594,-0.0348,0.0024,0.1570,0.000,0.000
78.601,-0.0348,0.0024,0.1570,0.000,0.000
78.609,-0.0348,0.0024,0.1570,0.000,0.000
78.617,-0.0348,0.0024,0.1570,0.000,0.000
78.625,-0.0348,0.0024,0.1570,0.000,0.000
78.634,-0.0348,0.0024,0.1570,0.000,0.000
78.641,-0.0348,0.0024,0.1570,0.000,0.000
78.648,-0.0348,0.0024,0.1570,0.000,0.000
78.657,-0.0348,0.0024,0.1570,0.000,0.000
78.664,-0.0348,0.0024,0.1570,0.000,0.000
78.673,-0.0348,0.0024,0.1570,0.000,0.000
78.680,-0.0348,0.0024,0.1570,0.000,0.000
78.687,-0.0348,0.0024,0.1570,0.000,0.000
78.694,-0.0348,0.0024,0.1570,0.000,0.000
78.701,-0.0348,0.0024,0.1570,0.000,0.000
78.709,-0.0348,0.0024,0.1570,0.000,0.000
78.717,-0.0348,0.0024,0.1570,0.000,0.000
78.725,-0.0348,0.0024,0.1570,0.000,0.000
78.733,-0.0348,0.0024,0.1570,0.000,0.000
78.741,-0.0348,0.0024,0.1570,0.000,0.000
78.749,-0.0348,0.0024,0.1570,0.000,0.000
78.756,-0.0348,0.0024,0.1570,0.000,0.000
78.764,-0.0348,0.0024,0.1570,0.000,0.000
78.772,-0.0348,0.0024,0.1570,0.000,0.000
78.779,-0.0348,0.0024,0.1570,0.000,0.000
78.787,-0.0348,0.0024,0.1570,0.000,0.000
78.794,-0.0348,0.0024,0.1570,0.000,0.000
78.801,-0.0348,0.0024,0.1570,0.000,0.000
78.809,-0.0348,0.0024,0.1570,0.000,0.000
78.818,-0.0348,0.0024,0.1570,0.000,0.000
78.826,-0.0348,0.0024,0.1570,0.000,0.000
78.834,-0.0348,0.0024,0.1570,0.000,0.000
78.841,-0.0348,0.0024,0.1570,0.000,0.000
78.848,-0.0348,0.0024,0.1570,0.000,0.000
78.856,-0.0348,0.0024,0.1570,0.000,0.000
78.864,-0.0348,0.0024,0.1570,0.000,0.000
78.872,-0.0348,0.0024,0.1570,0.000,0.000
78.879,-0.0348,0.0024,0.1570,0.000,0.000
78.887,-0.0348,0.0024,0.1570,0.000,0.000
78.895,-0.0348,0.0024,0.1570,0.000,0.000
78.903,-0.0348,0.0024,0.1570,0.000,0.000
78.912,-0.0348,0.0024,0.1570,0.000,0.000
78.920,-0.0348,0.0024,0.1570,0.000,0.000
78.927,-0.0348,0.0024,0.1570,0.000,0.000
78.935,-0.0348,0.0024,0.1570,0.000,0.000
78.943,-0.0348,0.0024,0.1570,0.000,0.000
78.951,-0.0348,0.0024,0.1570,0.000,0.000
78.959,-0.0348,0.0024,0.1570,0.000,0.000
78.967,-0.0348,0.0024,0.1570,0.000,0.000
78.976,-0.0348,0.0024,0.1570,0.000,0.000
78.986,-0.0348,0.0024,0.1570,0.000,0.000
78.994,-0.0348,0.0024,0.1570,0.000,0.000
79.002,-0.0348,0.0024,0.1570,0.000,0.000
79.010,-0.0348,0.0024,0.1570,0.000,0.000
79.016,-0.0348,0.0024,0.1570,0.000,0.000
79.024,-0.0348,0.0024,0.1570,0.000,0.000
79.031,-0.0348,0.0024,0.1570,0.000,0.000
79.039,-0.0348,0.0024,0.1570,0.000,0.000
79.046,-0.0348,0.0024,0.1570,0.000,0.000
79.052,-0.0348,0.0024,0.1570,0.000,0.000
79.060,-0.0348,0.0024,0.1570,0.000,0.000
79.067,-0.0348,0.0024,0.1570,0.000,0.000
79.074,-0.0348,0.0024,0.1570,0.000,0.000
79.080,-0.0348,0.0024,0.1570,0.000,0.000
79.087,-0.0348,0.0024,0.1570,0.000,0.000
79.095,-0.0348,0.0024,0.1570,0.000,0.000
79.103,-0.0348,0.0024,0.1570,0.000,0.000
79.112,-0.0348,0.0024,0.1570,0.000,0.000
79.119,-0.0348,0.0024,0.1570,0.000,0.000
79.126,-0.0348,0.0024,0.1570,0.000,0.000
79.136,-0.0348,0.0024,0.1570,0.000,0.000
79.144,-0.0348,0.0024,0.1570,0.000,0.000
79.154,-0.0348,0.0024,0.1570,0.000,0.000
79.161,-0.0348,0.0024,0.1570,0.000,0.000
79.168,-0.0348,0.0024,0.1570,0.000,0.000
79.176,-0.0348,0.0024,0.1570,0.000,0.000
79.185,-0.0348,0.0024,0.1570,0.000,0.000
79.193,-0.0348,0.0024,0.1570,0.000,0.000
79.201,-0.0348,0.0024,0.1570,0.000,0.000
79.209,-0.0348,0.0024,0.1570,0.000,0.000
79.216,-0.0348,0.0024,0.1570,0.000,0.000
79.225,-0.0348,0.0024,0.1570,0.000,0.000
79.235,-0.0348,0.0024,0.1570,0.000,0.000
79.243,-0.0348,0.0024,0.1570,0.000,0.000
79.251,-0.0348,0.0024,0.1570,0.000,0.000
79.260,-0.0348,0.0024,0.1570,0.000,0.000
79.268,-0.0348,0.0024,0.1570,0.000,0.000
79.277,-0.0348,0.0024,0.1570,0.000,0.000
79.285,-0.0348,0.0024,0.1570,0.000,0.000
79.294,-0.0348,0.0024,0.1570,0.000,0.000
79.303,-0.0348,0.0024,0.1570,0.000,0.000
79.312,-0.0348,0.0024,0.1570,0.000,0.000
79.319,-0.0348,0.0024,0.1570,0.000,0.000
79.327,-0.0348,0.0024,0.1570,0.000,0.000
79.335,-0.0348,0.0024,0.1570,0.000,0.000
79.342,-0.0348,0.0024,0.1570,0.000,0.000
79.350,-0.0348,0.0024,0.1570,0.000,0.000
79.358,-0.0348,0.0024,0.1570,0.000,0.000
79.365,-0.0348,0.0024,0.1570,0.000,0.000
79.373,-0.0348,0.0024,0.1570,0.000,0.000
79.381,-0.0348,0.0024,0.1570,0.000,0.000
79.388,-0.0348,0.0024,0.1570,0.000,0.000
79.397,-0.0348,0.0024,0.1570,0.000,0.000
79.405,-0.0348,0.0024,0.1570,0.000,0.000
79.413,-0.0348,0.0024,0.1570,0.000,0.000
79.421,-0.0348,0.0024,0.1570,0.000,0.000
79.428,-0.0348,0.0024,0.1570,0.000,0.000
79.436,-0.0348,0.0024,0.1570,0.000,0.000
79.444,-0.0348,0.0024,0.1570,0.000,0.000
79.453,-0.0348,0.0024,0.1570,0.000,0.000
79.462,-0.0348,0.0024,0.1570,0.000,0.000
79.471,-0.0348,0.0024,0.1570,0.000,0.000
79.479,-0.0348,0.0024,0.1570,0.000,0.000
79.486,-0.0348,0.0024,0.1570,0.000,0.000
79.494,-0.0348,0.0024,0.1570,0.000,0.000
79.503,-0.0348,0.0024,0.1570,0.000,0.000
79.510,-0.0348,0.0024,0.1570,0.000,0.000
79.518,-0.0348,0.0024,0.1570,0.000,0.000
79.526,-0.0348,0.0024,0.1570,0.000,0.000
79.535,-0.0348,0.0024,0.1570,0.000,0.000
79.543,-0.0348,0.0024,0.1570,0.000,0.000
79.551,-0.0348,0.0024,0.1570,0.000,0.000
79.559,-0.0348,0.0024,0.1570,0.000,0.000
79.566,-0.0348,0.0024,0.1570,0.000,0.000
79.575,-0.0348,0.0024,0.1570,0.000,0.000
79.583,-0.0348,0.0024,0.1570,0.000,0.000
79.591,-0.0348,0.0024,0.1570,0.000,0.000
79.598,-0.0348,0.0024,0.1570,0.000,0.000
79.605,-0.0348,0.0024,0.1570,0.000,0.000
79.613,-0.0348,0.0024,0.1570,0.000,0.000
79.621,-0.0348,0.0024,0.1570,0.000,0.000
79.629,-0.0348,0.0024,0.1570,0.000,0.000
79.636,-0.0348,0.0024,0.1570,0.000,0.000
79.643,-0.0348,0.0024,0.1570,0.000,0.000
79.650,-0.0348,0.0024,0.1570,0.000,0.000
79.658,-0.0348,0.0024,0.1570,0.000,0.000
79.664,-0.0348,0.0024,0.1570,0.000,0.000
79.672,-0.0348,0.0024,0.1570,0.000,0.000
79.679,-0.0348,0.0024,0.1570,0.000,0.000
79.686,-0.0348,0.0024,0.1570,0.000,0.000
79.694,-0.0348,0.0024,0.1570,0.000,0.000
79.701,-0.0348,0.0024,0.1570,0.000,0.000
79.709,-0.0348,0.0024,0.1570,0.000,0.000
79.716,-0.0348,0.0024,0.1570,0.000,0.000
79.724,-0.0348,0.0024,0.1570,0.000,0.000
79.733,-0.0348,0.0024,0.1570,0.000,0.000
79.741,-0.0348,0.0024,0.1570,0.000,0.000
79.749,-0.0348,0.0024,0.1570,0.000,0.000
79.756,-0.0348,0.0024,0.1570,0.000,0.000
79.764,-0.0348,0.0024,0.1570,0.000,0.000
79.773,-0.0348,0.0024,0.1570,0.000,0.000
79.780,-0.0348,0.0024,0.1570,0.000,0.000
79.787,-0.0348,0.0024,0.1570,0.000,0.000
79.795,-0.0348,0.0024,0.1570,0.000,0.000
79.803,-0.0348,0.0024,0.1570,0.000,0.000
79.810,-0.0348,0.0024,0.1570,0.000,0.000
79.818,-0.0348,0.0024,0.1570,0.000,0.000
79.825,-0.0348,0.0024,0.1570,0.000,0.000
79.833,-0.0348,0.0024,0.1570,0.000,0.000
79.841,-0.0348,0.0024,0.1570,0.000,0.000
79.849,-0.0348,0.0024,0.1570,0.000,0.000
79.857,-0.0348,0.0024,0.1570,0.000,0.000
79.866,-0.0348,0.0024,0.1570,0.000,0.000
79.874,-0.0348,0.0024,0.1570,0.000,0.000
79.882,-0.0348,0.0024,0.1570,0.000,0.000
79.890,-0.0348,0.0024,0.1570,0.000,0.000
79.898,-0.0348,0.0024,0.1570,0.000,0.000
79.905,-0.0348,0.0024,0.1570,0.000,0.000
79.913,-0.0348,0.0024,0.1570,0.000,0.000
79.921,-0.0348,0.0024,0.1570,0.000,0.000
79.929,-0.0348,0.0024,0.1570,0.000,0.000
79.936,-0.0348,0.0024,0.1570,0.000,0.000
79.945,-0.0348,0.0024,0.1570,0.000,0.000
79.952,-0.0348,0.0024,0.1570,0.000,0.000
79.959,-0.0348,0.0024,0.1570,0.000,0.000
79.967,-0.0348,0.0024,0.1570,0.000,0.000
79.975,-0.0348,0.0024,0.1570,0.000,0.000
79.982,-0.0348,0.0024,0.1570,0.000,0.000
79.990,-0.0348,0.0024,0.1570,0.000,0.000
79.998,-0.0348,0.0024,0.1570,0.000,0.000
80.005,-0.0348,0.0024,0.1570,0.000,0.000
80.013,-0.0348,0.0024,0.1570,0.000,0.000
80.021,-0.0348,0.0024,0.1570,0.000,0.000
80.028,-0.0348,0.0024,0.1570,0.000,0.000
80.036,-0.0348,0.0024,0.1570,0.000,0.000
80.045,-0.0348,0.0024,0.1570,0.000,0.000
80.051,-0.0348,0.0024,0.1570,0.000,0.000
80.059,-0.0348,0.0024,0.1570,0.000,0.000
80.065,-0.0348,0.0024,0.1570,0.000,0.000
80.072,-0.0348,0.0024,0.1570,0.000,0.000
80.082,-0.0348,0.0024,0.1570,0.000,0.000
80.089,-0.0348,0.0024,0.1570,0.000,0.000
80.097,-0.0348,0.0024,0.1570,0.000,0.000
80.104,-0.0348,0.0024,0.1570,0.000,0.000
80.112,-0.0348,0.0024,0.1570,0.000,0.000
80.120,-0.0348,0.0024,0.1570,0.000,0.000
80.127,-0.0348,0.0024,0.1570,0.000,0.000
80.135,-0.0348,0.0024,0.1570,0.000,0.000
80.143,-0.0348,0.0024,0.1570,0.000,0.000
80.151,-0.0348,0.0024,0.1570,0.000,0.000
80.158,-0.0348,0.0024,0.1570,0.000,0.000
80.166,-0.0348,0.0024,0.1570,0.000,0.000
80.174,-0.0348,0.0024,0.1570,0.000,0.000
80.181,-0.0348,0.0024,0.1570,0.000,0.000
80.189,-0.0348,0.0024,0.1570,0.000,0.000
80.196,-0.0348,0.0024,0.1570,0.000,0.000
80.204,-0.0348,0.0024,0.1570,0.000,0.000
80.212,-0.0348,0.0024,0.1570,0.000,0.000
80.220,-0.0348,0.0024,0.1570,0.000,0.000
80.227,-0.0348,0.0024,0.1570,0.000,0.000
80.236,-0.0348,0.0024,0.1570,0.000,0.000
80.244,-0.0348,0.0024,0.1570,0.000,0.000
80.252,-0.0348,0.0024,0.1570,0.000,0.000
80.260,-0.0348,0.0024,0.1570,0.000,0.000
80.268,-0.0348,0.0024,0.1570,0.000,0.000
80.276,-0.0348,0.0024,0.1570,0.000,0.000
80.284,-0.0348,0.0024,0.1570,0.000,0.000
80.292,-0.0348,0.0024,0.1570,0.000,0.000
80.299,-0.0348,0.0024,0.1570,0.000,0.000
80.307,-0.0348,0.0024,0.1570,0.000,0.000
80.314,-0.0348,0.0024,0.1570,0.000,0.000
80.322,-0.0348,0.0024,0.1570,0.000,0.000
80.329,-0.0348,0.0024,0.1570,0.000,0.000
80.337,-0.0348,0.0024,0.1570,0.000,0.000
80.345,-0.0348,0.0024,0.1570,0.000,0.000
80.353,-0.0348,0.0024,0.1570,0.000,0.000
80.360,-0.0348,0.0024,0.1570,0.000,0.000
80.368,-0.0348,0.0024,0.1570,0.000,0.000
80.376,-0.0348,0.0024,0.1570,0.000,0.000
80.385,-0.0348,0.0024,0.1570,0.000,0.000
80.396,-0.0348,0.0024,0.1570,0.000,0.000
80.404,-0.0348,0.0024,0.1570,0.000,0.000
80.411,-0.0348,0.0024,0.1570,0.000,0.000
80.419,-0.0348,0.0024,0.1570,0.000,0.000
80.427,-0.0348,0.0024,0.1570,0.000,0.000
80.435,-0.0348,0.0024,0.1570,0.000,0.000
80.443,-0.0348,0.0024,0.1570,0.000,0.000
80.451,-0.0348,0.0024,0.1570,0.000,0.000
80.459,-0.0348,0.0024,0.1570,0.000,0.000
80.467,-0.0348,0.0024,0.1570,0.000,0.000
80.475,-0.0348,0.0024,0.1570,0.000,0.000
80.482,-0.0348,0.0024,0.1570,0.000,0.000
80.490,-0.0348,0.0024,0.1570,0.000,0.000
80.498,-0.0348,0.0024,0.1570,0.000,0.000
80.506,-0.0348,0.0024,0.1570,0.000,0.000
80.514,-0.0348,0.0024,0.1570,0.000,0.000
80.523,-0.0348,0.0024,0.1570,0.000,0.000
80.531,-0.0348,0.0024,0.1570,0.000,0.000
80.539,-0.0348,0.0024,0.1570,0.000,0.000
80.547,-0.0348,0.0024,0.1570,0.000,0.000
80.556,-0.0348,0.0024,0.1570,0.000,0.000
80.565,-0.0348,0.0024,0.1570,0.000,0.000
80.573,-0.0348,0.0024,0.1570,0.000,0.000
80.581,-0.0348,0.0024,0.1570,0.000,0.000
80.589,-0.0348,0.0024,0.1570,0.000,0.000
80.596,-0.0348,0.0024,0.1570,0.000,0.000
80.605,-0.0348,0.0024,0.1570,0.000,0.000
80.613,-0.0348,0.0024,0.1570,0.000,0.000
80.620,-0.0348,0.0024,0.1570,0.000,0.000
80.628,-0.0348,0.0024,0.1570,0.000,0.000
80.636,-0.0348,0.0024,0.1570,0.000,0.000
80.643,-0.0348,0.0024,0.1570,0.000,0.000
80.651,-0.0348,0.0024,0.1570,0.000,0.000
80.659,-0.0348,0.0024,0.1570,0.000,0.000
80.666,-0.0348,0.0024,0.1570,0.000,0.000
80.674,-0.0348,0.0024,0.1570,0.000,0.000
80.681,-0.0348,0.0024,0.1570,0.000,0.000
80.688,-0.0348,0.0024,0.1570,0.000,0.000
80.696,-0.0348,0.0024,0.1570,0.000,0.000
80.704,-0.0348,0.0024,0.1570,0.000,0.000
80.711,-0.0348,0.0024,0.1570,0.000,0.000
80.720,-0.0348,0.0024,0.1570,0.000,0.000
80.727,-0.0348,0.0024,0.1570,0.000,0.000
80.736,-0.0348,0.0024,0.1570,0.000,0.000
80.744,-0.0348,0.0024,0.1570,0.000,0.000
80.752,-0.0348,0.0024,0.1570,0.000,0.000
80.759,-0.0348,0.0024,0.1570,0.000,0.000
80.766,-0.0348,0.0024,0.1570,0.000,0.000
80.775,-0.0348,0.0024,0.1570,0.000,0.000
80.783,-0.0348,0.0024,0.1570,0.000,0.000
80.791,-0.0348,0.0024,0.1570,0.000,0.000
80.798,-0.0348,0.0024,0.1570,0.000,0.000
80.806,-0.0348,0.0024,0.1570,0.000,0.000
80.814,-0.0348,0.0024,0.1570,0.000,0.000
80.822,-0.0348,0.0024,0.1570,0.000,0.000
80.829,-0.0348,0.0024,0.1570,0.000,0.000
80.837,-0.0348,0.0024,0.1570,0.000,0.000
80.845,-0.0348,0.0024,0.1570,0.000,0.000
80.852,-0.0348,0.0024,0.1570,0.000,0.000
80.861,-0.0348,0.0024,0.1570,0.000,0.000
80.869,-0.0348,0.0024,0.1570,0.000,0.000
80.879,-0.0348,0.0024,0.1570,0.000,0.000
80.887,-0.0348,0.0024,0.1570,0.000,0.000
80.895,-0.0348,0.0024,0.1570,0.000,0.000
80.903,-0.0348,0.0024,0.1570,0.000,0.000
80.910,-0.0348,0.0024,0.1570,0.000,0.000
80.918,-0.0348,0.0024,0.1570,0.000,0.000
80.925,-0.0348,0.0024,0.1570,0.000,0.000
80.934,-0.0348,0.0024,0.1570,0.000,0.000
80.942,-0.0348,0.0024,0.1570,0.000,0.000
80.949,-0.0348,0.0024,0.1570,0.000,0.000
80.958,-0.0348,0.0024,0.1570,0.000,0.000
80.965,-0.0348,0.0024,0.1570,0.000,0.000
80.973,-0.0348,0.0024,0.1570,0.000,0.000
80.981,-0.0348,0.0024,0.1570,0.000,0.000
80.989,-0.0348,0.0024,0.1570,0.000,0.000
80.997,-0.0348,0.0024,0.1570,0.000,0.000
81.005,-0.0348,0.0024,0.1570,0.000,0.000
81.014,-0.0348,0.0024,0.1570,0.000,0.000
81.023,-0.0348,0.0024,0.1570,0.000,0.000
81.031,-0.0348,0.0024,0.1570,0.000,0.000
81.041,-0.0348,0.0024,0.1570,0.000,0.000
81.048,-0.0348,0.0024,0.1570,0.000,0.000
81.056,-0.0348,0.0024,0.1570,0.000,0.000
81.064,-0.0348,0.0024,0.1570,0.000,0.000
81.072,-0.0348,0.0024,0.1570,0.000,0.000
81.080,-0.0348,0.0024,0.1570,0.000,0.000
81.088,-0.0348,0.0024,0.1570,0.000,0.000
81.096,-0.0348,0.0024,0.1570,0.000,0.000
81.105,-0.0348,0.0024,0.1570,0.000,0.000
81.113,-0.0348,0.0024,0.1570,0.000,0.000
81.121,-0.0348,0.0024,0.1570,0.000,0.000
81.129,-0.0348,0.0024,0.1570,0.000,0.000
81.141,-0.0348,0.0024,0.1570,0.000,0.000
81.149,-0.0348,0.0024,0.1570,0.000,0.000
81.158,-0.0348,0.0024,0.1570,0.000,0.000
81.165,-0.0348,0.0024,0.1570,0.000,0.000
81.172,-0.0348,0.0024,0.1570,0.000,0.000
81.180,-0.0348,0.0024,0.1570,0.000,0.000
81.187,-0.0348,0.0024,0.1570,0.000,0.000
81.195,-0.0348,0.0024,0.1570,0.000,0.000
81.204,-0.0348,0.0024,0.1570,0.000,0.000
81.211,-0.0348,0.0024,0.1570,0.000,0.000
81.218,-0.0348,0.0024,0.1570,0.000,0.000
81.226,-0.0348,0.0024,0.1570,0.000,0.000
81.233,-0.0348,0.0024,0.1570,0.000,0.000
81.241,-0.0348,0.0024,0.1570,0.000,0.000
81.248,-0.0348,0.0024,0.1570,0.000,0.000
81.255,-0.0348,0.0024,0.1570,0.000,0.000
81.264,-0.0348,0.0024,0.1570,0.000,0.000
81.271,-0.0348,0.0024,0.1570,0.000,0.000
81.278,-0.0348,0.0024,0.1570,0.000,0.000
81.285,-0.0348,0.0024,0.1570,0.000,0.000
81.292,-0.0348,0.0024,0.1570,0.000,0.000
81.300,-0.0348,0.0024,0.1570,0.000,0.000
81.307,-0.0348,0.0024,0.1570,0.000,0.000
81.314,-0.0348,0.0024,0.1570,0.000,0.000
81.322,-0.0348,0.0024,0.1570,0.000,0.000
81.329,-0.0348,0.0024,0.1570,0.000,0.000
81.336,-0.0348,0.0024,0.1570,0.000,0.000
81.344,-0.0348,0.0024,0.1570,0.000,0.000
81.352,-0.0348,0.0024,0.1570,0.000,0.000
81.359,-0.0348,0.0024,0.1570,0.000,0.000
81.366,-0.0348,0.0024,0.1570,0.000,0.000
81.373,-0.0348,0.0024,0.1570,0.000,0.000
81.381,-0.0348,0.0024,0.1570,0.000,0.000
81.388,-0.0348,0.0024,0.1570,0.000,0.000
81.396,-0.0348,0.0024,0.1570,0.000,0.000
81.404,-0.0348,0.0024,0.1570,0.000,0.000
81.411,-0.0348,0.0024,0.1570,0.000,0.000
81.418,-0.0348,0.0024,0.1570,0.000,0.000
81.425,-0.0348,0.0024,0.1570,0.000,0.000
81.432,-0.0348,0.0024,0.1570,0.000,0.000
81.440,-0.0348,0.0024,0.1570,0.000,0.000
81.447,-0.0348,0.0024,0.1570,0.000,0.000
81.455,-0.0348,0.0024,0.1570,0.000,0.000
81.462,-0.0348,0.0024,0.1570,0.000,0.000
81.469,-0.0348,0.0024,0.1570,0.000,0.000
81.477,-0.0348,0.0024,0.1570,0.000,0.000
81.485,-0.0348,0.0024,0.1570,0.000,0.000
81.492,-0.0348,0.0024,0.1570,0.000,0.000
81.501,-0.0348,0.0024,0.1570,0.000,0.000
81.508,-0.0348,0.0024,0.1570,0.000,0.000
81.515,-0.0348,0.0024,0.1570,0.000,0.000
81.524,-0.0348,0.0024,0.1570,0.000,0.000
81.531,-0.0348,0.0024,0.1570,0.000,0.000
81.539,-0.0348,0.0024,0.1570,0.000,0.000
81.549,-0.0348,0.0024,0.1570,0.000,0.000
81.557,-0.0348,0.0024,0.1570,0.000,0.000
81.565,-0.0348,0.0024,0.1570,0.000,0.000
81.572,-0.0348,0.0024,0.1570,0.000,0.000
81.579,-0.0348,0.0024,0.1570,0.000,0.000
81.587,-0.0348,0.0024,0.1570,0.000,0.000
81.594,-0.0348,0.0024,0.1570,0.000,0.000
81.601,-0.0348,0.0024,0.1570,0.000,0.000
81.609,-0.0348,0.0024,0.1570,0.000,0.000
81.616,-0.0348,0.0024,0.1570,0.000,0.000
81.624,-0.0348,0.0024,0.1570,0.000,0.000
81.632,-0.0348,0.0024,0.1570,0.000,0.000
81.639,-0.0348,0.0024,0.1570,0.000,0.000
81.647,-0.0348,0.0024,0.1570,0.000,0.000
81.655,-0.0348,0.0024,0.1570,0.000,0.000
81.663,-0.0348,0.0024,0.1570,0.000,0.000
81.671,-0.0348,0.0024,0.1570,0.000,0.000
81.679,-0.0348,0.0024,0.1570,0.000,0.000
81.686,-0.0348,0.0024,0.1570,0.000,0.000
81.693,-0.0348,0.0024,0.1570,0.000,0.000
81.701,-0.0348,0.0024,0.1570,0.000,0.000
81.708,-0.0348,0.0024,0.1570,0.000,0.000
81.715,-0.0348,0.0024,0.1570,0.000,0.000
81.723,-0.0348,0.0024,0.1570,0.000,0.000
81.731,-0.0348,0.0024,0.1570,0.000,0.000
81.739,-0.0348,0.0024,0.1570,0.000,0.000
81.747,-0.0348,0.0024,0.1570,0.000,0.000
81.754,-0.0348,0.0024,0.1570,0.000,0.000
81.762,-0.0348,0.0024,0.1570,0.000,0.000
81.769,-0.0348,0.0024,0.1570,0.000,0.000
81.778,-0.0348,0.0024,0.1570,0.000,0.000
81.785,-0.0348,0.0024,0.1570,0.000,0.000
81.792,-0.0348,0.0024,0.1570,0.000,0.000
81.799,-0.0348,0.0024,0.1570,0.000,0.000
81.808,-0.0348,0.0024,0.1570,0.000,0.000
81.815,-0.0348,0.0024,0.1570,0.000,0.000
81.824,-0.0348,0.0024,0.1570,0.000,0.000
81.832,-0.0348,0.0024,0.1570,0.000,0.000
81.840,-0.0348,0.0024,0.1570,0.000,0.000
81.847,-0.0348,0.0024,0.1570,0.000,0.000
81.855,-0.0348,0.0024,0.1570,0.000,0.000
81.862,-0.0348,0.0024,0.1570,0.000,0.000
81.869,-0.0348,0.0024,0.1570,0.000,0.000
81.878,-0.0348,0.0024,0.1570,0.000,0.000
81.886,-0.0348,0.0024,0.1570,0.000,0.000
81.893,-0.0348,0.0024,0.1570,0.000,0.000
81.902,-0.0348,0.0024,0.1570,0.000,0.000
81.910,-0.0348,0.0024,0.1570,0.000,0.000
81.918,-0.0348,0.0024,0.1570,0.000,0.000
81.926,-0.0348,0.0024,0.1570,0.000,0.000
81.933,-0.0348,0.0024,0.1570,0.000,0.000
81.941,-0.0348,0.0024,0.1570,0.000,0.000
81.948,-0.0348,0.0024,0.1570,0.000,0.000
81.955,-0.0348,0.0024,0.1570,0.000,0.000
81.965,-0.0348,0.0024,0.1570,0.000,0.000
81.972,-0.0348,0.0024,0.1570,0.000,0.000
81.979,-0.0348,0.0024,0.1570,0.000,0.000
81.987,-0.0348,0.0024,0.1570,0.000,0.000
81.995,-0.0348,0.0024,0.1570,0.000,0.000
82.003,-0.0348,0.0024,0.1570,0.000,0.000
82.010,-0.0348,0.0024,0.1570,0.000,0.000
82.017,-0.0348,0.0024,0.1570,0.000,0.000
82.025,-0.0348,0.0024,0.1570,0.000,0.000
82.032,-0.0348,0.0024,0.1570,0.000,0.000
82.040,-0.0348,0.0024,0.1570,0.000,0.000
82.048,-0.0348,0.0024,0.1570,0.000,0.000
82.055,-0.0348,0.0024,0.1570,0.000,0.000
82.064,-0.0348,0.0024,0.1570,0.000,0.000
82.072,-0.0348,0.0024,0.1570,0.000,0.000
82.079,-0.0348,0.0024,0.1570,0.000,0.000
82.087,-0.0348,0.0024,0.1570,0.000,0.000
82.095,-0.0348,0.0024,0.1570,0.000,0.000
82.103,-0.0348,0.0024,0.1570,0.000,0.000
82.110,-0.0348,0.0024,0.1570,0.000,0.000
82.120,-0.0348,0.0024,0.1570,0.000,0.000
82.127,-0.0348,0.0024,0.1570,0.000,0.000
82.135,-0.0348,0.0024,0.1570,0.000,0.000
82.142,-0.0348,0.0024,0.1570,0.000,0.000
82.149,-0.0348,0.0024,0.1570,0.000,0.000
82.157,-0.0348,0.0024,0.1570,0.000,0.000
82.165,-0.0348,0.0024,0.1570,0.000,0.000
82.172,-0.0348,0.0024,0.1570,0.000,0.000
82.180,-0.0348,0.0024,0.1570,0.000,0.000
82.187,-0.0348,0.0024,0.1570,0.000,0.000
82.195,-0.0348,0.0024,0.1570,0.000,0.000
82.202,-0.0348,0.0024,0.1570,0.000,0.000
82.210,-0.0348,0.0024,0.1570,0.000,0.000
82.217,-0.0348,0.0024,0.1570,0.000,0.000
82.225,-0.0348,0.0024,0.1570,0.000,0.000
82.232,-0.0348,0.0024,0.1570,0.000,0.000
82.241,-0.0348,0.0024,0.1570,0.000,0.000
82.249,-0.0348,0.0024,0.1570,0.000,0.000
82.257,-0.0348,0.0024,0.1570,0.000,0.000
82.265,-0.0348,0.0024,0.1570,0.000,0.000
82.276,-0.0348,0.0024,0.1570,0.000,0.000
82.284,-0.0348,0.0024,0.1570,0.000,0.000
82.292,-0.0348,0.0024,0.1570,0.000,0.000
82.299,-0.0348,0.0024,0.1570,0.000,0.000
82.307,-0.0348,0.0024,0.1570,0.000,0.000
82.315,-0.0348,0.0024,0.1570,0.000,0.000
82.323,-0.0348,0.0024,0.1570,0.000,0.000
82.331,-0.0348,0.0024,0.1570,0.000,0.000
82.338,-0.0348,0.0024,0.1570,0.000,0.000
82.346,-0.0348,0.0024,0.1570,0.000,0.000
82.354,-0.0348,0.0024,0.1570,0.000,0.000
82.361,-0.0348,0.0024,0.1570,0.000,0.000
82.368,-0.0348,0.0024,0.1570,0.000,0.000
82.376,-0.0348,0.0024,0.1570,0.000,0.000
82.384,-0.0348,0.0024,0.1570,0.000,0.000
82.391,-0.0348,0.0024,0.1570,0.000,0.000
82.399,-0.0348,0.0024,0.1570,0.000,0.000
82.406,-0.0348,0.0024,0.1570,0.000,0.000
82.415,-0.0348,0.0024,0.1570,0.000,0.000
82.422,-0.0348,0.0024,0.1570,0.000,0.000
82.431,-0.0348,0.0024,0.1570,0.000,0.000
82.439,-0.0348,0.0024,0.1570,0.000,0.000
82.447,-0.0348,0.0024,0.1570,0.000,0.000
82.454,-0.0348,0.0024,0.1570,0.000,0.000
82.462,-0.0348,0.0024,0.1570,0.000,0.000
82.470,-0.0348,0.0024,0.1570,0.000,0.000
82.478,-0.0348,0.0024,0.1570,0.000,0.000
82.486,-0.0348,0.0024,0.1570,0.000,0.000
82.494,-0.0348,0.0024,0.1570,0.000,0.000
82.502,-0.0348,0.0024,0.1570,0.000,0.000
82.509,-0.0348,0.0024,0.1570,0.000,0.000
82.516,-0.0348,0.0024,0.1570,0.000,0.000
82.525,-0.0348,0.0024,0.1570,0.000,0.000
82.533,-0.0348,0.0024,0.1570,0.000,0.000
82.541,-0.0348,0.0024,0.1570,0.000,0.000
82.549,-0.0348,0.0024,0.1570,0.000,0.000
82.557,-0.0348,0.0024,0.1570,0.000,0.000
82.566,-0.0348,0.0024,0.1570,0.000,0.000
82.574,-0.0348,0.0024,0.1570,0.000,0.000
82.582,-0.0348,0.0024,0.1570,0.000,0.000
82.591,-0.0348,0.0024,0.1570,0.000,0.000
82.598,-0.0348,0.0024,0.1570,0.000,0.000
82.606,-0.0348,0.0024,0.1570,0.000,0.000
82.613,-0.0348,0.0024,0.1570,0.000,0.000
82.621,-0.0348,0.0024,0.1570,0.000,0.000
82.629,-0.0348,0.0024,0.1570,0.000,0.000
82.638,-0.0348,0.0024,0.1570,0.000,0.000
82.645,-0.0348,0.0024,0.1570,0.000,0.000
82.652,-0.0348,0.0024,0.1570,0.000,0.000
82.661,-0.0348,0.0024,0.1570,0.000,0.000
82.668,-0.0348,0.0024,0.1570,0.000,0.000
82.675,-0.0348,0.0024,0.1570,0.000,0.000
82.683,-0.0348,0.0024,0.1570,0.000,0.000
82.690,-0.0348,0.0024,0.1570,0.000,0.000
82.697,-0.0348,0.0024,0.1570,0.000,0.000
82.705,-0.0348,0.0024,0.1570,0.000,0.000
82.712,-0.0348,0.0024,0.1570,0.000,0.000
82.720,-0.0348,0.0024,0.1570,0.000,0.000
82.728,-0.0348,0.0024,0.1570,0.000,0.000
82.735,-0.0348,0.0024,0.1570,0.000,0.000
82.743,-0.0348,0.0024,0.1570,0.000,0.000
82.751,-0.0348,0.0024,0.1570,0.000,0.000
82.760,-0.0348,0.0024,0.1570,0.000,0.000
82.766,-0.0348,0.0024,0.1570,0.000,0.000
82.773,-0.0348,0.0024,0.1570,0.000,0.000
82.779,-0.0348,0.0024,0.1570,0.000,0.000
82.786,-0.0348,0.0024,0.1570,0.000,0.000
82.792,-0.0348,0.0024,0.1570,0.000,0.000
82.799,-0.0348,0.0024,0.1570,0.000,0.000
82.806,-0.0348,0.0024,0.1570,0.000,0.000
82.813,-0.0348,0.0024,0.1570,0.000,0.000
82.820,-0.0348,0.0024,0.1570,0.000,0.000
82.828,-0.0348,0.0024,0.1570,0.000,0.000
82.835,-0.0348,0.0024,0.1570,0.000,0.000
82.844,-0.0348,0.0024,0.1570,0.000,0.000
82.851,-0.0348,0.0024,0.1570,0.000,0.000
82.858,-0.0348,0.0024,0.1570,0.000,0.000
82.866,-0.0348,0.0024,0.1570,0.000,0.000
82.873,-0.0348,0.0024,0.1570,0.000,0.000
82.881,-0.0348,0.0024,0.1570,0.000,0.000
82.889,-0.0348,0.0024,0.1570,0.000,0.000
82.898,-0.0348,0.0024,0.1570,0.000,0.000
82.906,-0.0348,0.0024,0.1570,0.000,0.000
82.913,-0.0348,0.0024,0.1570,0.000,0.000
82.922,-0.0348,0.0024,0.1570,0.000,0.000
82.929,-0.0348,0.0024,0.1570,0.000,0.000
82.937,-0.0348,0.0024,0.1570,0.000,0.000
83.046,-0.0348,0.0024,0.1570,0.000,0.000
83.055,-0.0348,0.0024,0.1570,0.000,0.000
83.063,-0.0348,0.0024,0.1570,0.000,0.000
83.071,-0.0348,0.0024,0.1570,0.000,0.000
83.080,-0.0348,0.0024,0.1570,0.000,0.000
83.088,-0.0348,0.0024,0.1570,0.000,0.000
83.095,-0.0348,0.0024,0.1570,0.000,0.000
83.104,-0.0348,0.0024,0.1570,0.000,0.000
83.112,-0.0348,0.0024,0.1570,0.000,0.000
83.120,-0.0348,0.0024,0.1570,0.000,0.000
83.128,-0.0348,0.0024,0.1570,0.000,0.000
83.136,-0.0348,0.0024,0.1570,0.000,0.000
83.145,-0.0348,0.0024,0.1570,0.000,0.000
83.153,-0.0348,0.0024,0.1570,0.000,0.000
83.161,-0.0348,0.0024,0.1570,0.000,0.000
83.169,-0.0348,0.0024,0.1570,0.000,0.000
83.177,-0.0348,0.0024,0.1570,0.000,0.000
83.185,-0.0348,0.0024,0.1570,0.000,0.000
83.194,-0.0348,0.0024,0.1570,0.000,0.000
83.201,-0.0348,0.0024,0.1570,0.000,0.000
83.208,-0.0348,0.0024,0.1570,0.000,0.000
83.216,-0.0348,0.0024,0.1570,0.000,0.000
83.225,-0.0348,0.0024,0.1570,0.000,0.000
83.232,-0.0348,0.0024,0.1570,0.000,0.000
83.240,-0.0348,0.0024,0.1570,0.000,0.000
83.248,-0.0348,0.0024,0.1570,0.000,0.000
83.255,-0.0348,0.0024,0.1570,0.000,0.000
83.263,-0.0348,0.0024,0.1570,0.000,0.000
83.270,-0.0348,0.0024,0.1570,0.000,0.000
83.278,-0.0348,0.0024,0.1570,0.000,0.000
83.286,-0.0348,0.0024,0.1570,0.000,0.000
83.293,-0.0348,0.0024,0.1570,0.000,0.000
83.301,-0.0348,0.0024,0.1570,0.000,0.000
83.309,-0.0348,0.0024,0.1570,0.000,0.000
83.317,-0.0348,0.0024,0.1570,0.000,0.000
83.325,-0.0348,0.0024,0.1570,0.000,0.000
83.332,-0.0348,0.0024,0.1570,0.000,0.000
83.340,-0.0348,0.0024,0.1570,0.000,0.000
83.349,-0.0348,0.0024,0.1570,0.000,0.000
83.357,-0.0348,0.0024,0.1570,0.000,0.000
83.365,-0.0348,0.0024,0.1570,0.000,0.000
83.373,-0.0348,0.0024,0.1570,0.000,0.000
83.380,-0.0348,0.0024,0.1570,0.000,0.000
83.388,-0.0348,0.0024,0.1570,0.000,0.000
83.395,-0.0348,0.0024,0.1570,0.000,0.000
83.404,-0.0348,0.0024,0.1570,0.000,0.000
83.412,-0.0348,0.0024,0.1570,0.000,0.000
83.420,-0.0348,0.0024,0.1570,0.000,0.000
83.427,-0.0348,0.0024,0.1570,0.000,0.000
83.434,-0.0348,0.0024,0.1570,0.000,0.000
83.444,-0.0348,0.0024,0.1570,0.000,0.000
83.446,-0.0348,0.0024,0.1570,0.000,0.000
83.475,-0.0348,0.0024,0.1570,0.000,0.000
83.510,-0.0348,0.0024,0.1570,0.000,0.000
83.544,-0.0348,0.0024,0.1570,0.000,0.000
83.577,-0.0348,0.0024,0.1570,0.000,0.000
83.611,-0.0348,0.0024,0.1570,0.000,0.000
83.647,-0.0347,0.0024,0.1569,0.003,-0.002
83.676,-0.0344,0.0025,0.1568,0.012,-0.004
83.708,-0.0339,0.0025,0.1568,0.016,0.000
83.744,-0.0332,0.0026,0.1568,0.018,-0.001
83.776,-0.0325,0.0028,0.1567,0.023,-0.001
83.810,-0.0317,0.0029,0.1567,0.024,-0.002
83.843,-0.0308,0.0030,0.1567,0.028,0.000
83.871,-0.0297,0.0032,0.1566,0.038,-0.001
83.975,-0.0258,0.0038,0.1565,0.038,-0.001
83.983,-0.0255,0.0039,0.1565,0.038,-0.001
83.990,-0.0253,0.0039,0.1565,0.038,-0.001
83.998,-0.0250,0.0039,0.1565,0.038,0.000
84.006,-0.0247,0.0040,0.1565,0.038,0.000
84.015,-0.0243,0.0040,0.1565,0.038,0.000
84.022,-0.0241,0.0041,0.1565,0.040,0.000
84.029,-0.0238,0.0041,0.1565,0.040,0.000
84.037,-0.0234,0.0042,0.1565,0.047,-0.001
84.045,-0.0230,0.0042,0.1565,0.047,-0.001
84.054,-0.0226,0.0043,0.1565,0.047,-0.001
84.063,-0.0222,0.0044,0.1565,0.050,-0.002
84.071,-0.0218,0.0044,0.1565,0.050,-0.002
84.081,-0.0212,0.0045,0.1564,0.053,-0.002
84.088,-0.0209,0.0046,0.1564,0.053,-0.002
84.096,-0.0204,0.0047,0.1564,0.056,-0.001
84.106,-0.0199,0.0047,0.1564,0.056,-0.001
84.114,-0.0195,0.0048,0.1564,0.056,-0.001
84.122,-0.0190,0.0049,0.1564,0.058,-0.001
84.130,-0.0185,0.0050,0.1564,0.058,-0.001
84.139,-0.0180,0.0050,0.1564,0.060,0.000
84.146,-0.0176,0.0051,0.1564,0.060,0.000
84.154,-0.0171,0.0052,0.1564,0.060,0.000
84.161,-0.0167,0.0053,0.1564,0.063,0.000
84.170,-0.0161,0.0053,0.1564,0.063,0.000
84.177,-0.0156,0.0054,0.1564,0.065,0.000
84.186,-0.0151,0.0055,0.1564,0.065,0.000
84.194,-0.0146,0.0056,0.1564,0.065,0.000
84.202,-0.0140,0.0057,0.1564,0.067,0.001
84.210,-0.0135,0.0057,0.1564,0.067,0.001
84.218,-0.0130,0.0058,0.1564,0.067,0.002
84.226,-0.0125,0.0059,0.1564,0.067,0.002
84.234,-0.0119,0.0060,0.1565,0.067,0.002
84.241,-0.0114,0.0061,0.1565,0.067,0.002
84.249,-0.0110,0.0062,0.1565,0.067,0.002
84.256,-0.0105,0.0062,0.1565,0.065,0.003
84.264,-0.0099,0.0063,0.1565,0.065,0.003
84.272,-0.0095,0.0064,0.1566,0.065,0.003
84.279,-0.0090,0.0065,0.1566,0.063,0.003
84.287,-0.0085,0.0065,0.1566,0.063,0.003
84.295,-0.0080,0.0066,0.1566,0.063,0.003
84.303,-0.0076,0.0067,0.1567,0.061,0.004
84.311,-0.0070,0.0068,0.1567,0.061,0.004
84.320,-0.0066,0.0068,0.1567,0.059,0.003
84.327,-0.0061,0.0069,0.1567,0.059,0.003
84.336,-0.0056,0.0070,0.1568,0.056,0.002
84.344,-0.0052,0.0071,0.1568,0.056,0.002
84.351,-0.0048,0.0071,0.1568,0.056,0.002
84.359,-0.0043,0.0072,0.1568,0.054,0.003
84.367,-0.0039,0.0073,0.1568,0.054,0.003
84.374,-0.0036,0.0073,0.1569,0.054,0.003
84.382,-0.0031,0.0074,0.1569,0.053,0.001
84.390,-0.0027,0.0074,0.1569,0.053,0.001
84.397,-0.0024,0.0075,0.1569,0.050,0.002
84.406,-0.0020,0.0076,0.1569,0.050,0.002
84.413,-0.0016,0.0076,0.1569,0.050,0.002
84.421,-0.0012,0.0077,0.1569,0.049,0.002
84.429,-0.0008,0.0077,0.1569,0.049,0.002
84.436,-0.0005,0.0078,0.1569,0.046,0.000
84.444,-0.0001,0.0079,0.1569,0.046,0.000
84.451,0.0002,0.0079,0.1569,0.046,0.000
84.460,0.0005,0.0080,0.1569,0.043,0.000
84.467,0.0009,0.0080,0.1569,0.043,0.000
84.475,0.0012,0.0081,0.1569,0.043,0.000
84.482,0.0015,0.0081,0.1569,0.042,0.000
84.491,0.0018,0.0082,0.1569,0.042,0.000
84.499,0.0021,0.0082,0.1569,0.039,-0.002
84.506,0.0024,0.0083,0.1569,0.039,-0.002
84.514,0.0027,0.0083,0.1569,0.039,-0.002
84.521,0.0030,0.0084,0.1569,0.036,-0.001
84.528,0.0033,0.0084,0.1569,0.036,-0.001
84.536,0.0035,0.0084,0.1569,0.034,-0.001
84.544,0.0038,0.0085,0.1569,0.034,-0.001
84.552,0.0040,0.0085,0.1569,0.034,-0.001
84.560,0.0043,0.0086,0.1568,0.032,-0.003
84.567,0.0045,0.0086,0.1568,0.032,-0.003
84.575,0.0048,0.0086,0.1568,0.030,-0.002
84.584,0.0050,0.0087,0.1568,0.030,-0.002
84.592,0.0053,0.0087,0.1568,0.030,-0.002
84.600,0.0055,0.0087,0.1568,0.028,-0.001
84.607,0.0057,0.0088,0.1568,0.028,-0.001
84.617,0.0059,0.0088,0.1567,0.026,-0.002
84.626,0.0062,0.0089,0.1567,0.026,-0.002
84.633,0.0063,0.0089,0.1567,0.026,-0.002
84.641,0.0065,0.0089,0.1567,0.024,-0.002
84.653,0.0068,0.0090,0.1567,0.024,-0.002
84.660,0.0070,0.0090,0.1567,0.023,-0.001
84.668,0.0072,0.0090,0.1566,0.023,-0.001
84.675,0.0073,0.0090,0.1566,0.023,-0.001
84.683,0.0075,0.0091,0.1566,0.021,0.000
84.691,0.0076,0.0091,0.1566,0.021,0.000
84.699,0.0078,0.0091,0.1566,0.019,0.000
84.707,0.0079,0.0091,0.1566,0.019,0.000
84.715,0.0081,0.0092,0.1566,0.019,0.000
84.723,0.0082,0.0092,0.1566,0.018,0.001
84.730,0.0084,0.0092,0.1567,0.018,0.001
84.739,0.0085,0.0092,0.1567,0.015,0.001
84.746,0.0086,0.0092,0.1567,0.015,0.001
84.756,0.0087,0.0093,0.1567,0.014,0.000
84.766,0.0089,0.0093,0.1567,0.014,0.000
84.774,0.0090,0.0093,0.1567,0.014,0.000
84.782,0.0091,0.0093,0.1567,0.013,0.001
84.790,0.0092,0.0093,0.1567,0.013,0.001
84.798,0.0093,0.0093,0.1567,0.011,0.000
84.806,0.0094,0.0094,0.1567,0.011,0.000
84.815,0.0095,0.0094,0.1567,0.011,0.000
84.823,0.0095,0.0094,0.1567,0.008,0.000
84.831,0.0096,0.0094,0.1567,0.008,0.000
84.840,0.0096,0.0094,0.1567,0.006,0.001
84.848,0.0097,0.0094,0.1567,0.006,0.001
84.856,0.0097,0.0094,0.1567,0.006,0.001
84.863,0.0098,0.0094,0.1567,0.004,0.000
84.870,0.0098,0.0094,0.1567,0.004,0.000
84.877,0.0098,0.0094,0.1567,0.001,0.000
84.884,0.0098,0.0094,0.1567,0.001,0.000
84.891,0.0098,0.0094,0.1567,0.001,0.000
84.898,0.0098,0.0094,0.1567,0.000,0.000
84.904,0.0098,0.0094,0.1567,0.000,0.000
84.910,0.0098,0.0094,0.1567,0.000,0.000
84.917,0.0098,0.0094,0.1567,0.000,0.000
84.923,0.0098,0.0094,0.1567,0.000,0.000
84.930,0.0098,0.0094,0.1567,0.000,0.000
84.936,0.0098,0.0094,0.1567,0.000,0.000
84.942,0.0098,0.0094,0.1567,0.000,0.000
84.948,0.0098,0.0094,0.1567,0.000,0.000
84.955,0.0098,0.0094,0.1567,0.000,0.000
84.962,0.0098,0.0094,0.1567,0.000,0.000
84.968,0.0098,0.0094,0.1567,0.000,0.000
84.974,0.0098,0.0094,0.1567,0.000,0.000
84.980,0.0098,0.0094,0.1567,0.000,-0.001
84.986,0.0098,0.0094,0.1567,0.000,-0.001
84.992,0.0098,0.0094,0.1567,0.000,-0.001
84.998,0.0098,0.0094,0.1567,0.000,-0.001
85.005,0.0098,0.0094,0.1567,0.000,-0.001
85.011,0.0098,0.0094,0.1567,0.000,-0.001
85.017,0.0098,0.0094,0.1567,0.000,0.000
85.024,0.0098,0.0094,0.1567,0.000,0.000
85.030,0.0098,0.0094,0.1567,0.000,0.000
85.037,0.0098,0.0094,0.1567,0.000,0.000
85.045,0.0098,0.0094,0.1567,0.000,0.000
85.053,0.0098,0.0094,0.1567,0.000,0.000
85.060,0.0098,0.0094,0.1567,0.000,0.000
85.068,0.0098,0.0094,0.1567,0.000,0.000
85.076,0.0098,0.0094,0.1567,0.000,0.000
85.084,0.0098,0.0094,0.1567,0.000,0.000
85.092,0.0098,0.0094,0.1567,0.000,0.000
85.102,0.0098,0.0094,0.1567,0.000,0.000
85.109,0.0098,0.0094,0.1567,0.000,0.000
85.116,0.0098,0.0094,0.1567,0.000,0.000
85.125,0.0098,0.0094,0.1567,0.000,0.000
85.133,0.0098,0.0094,0.1567,0.000,0.000
85.140,0.0098,0.0094,0.1567,0.000,0.000
85.148,0.0098,0.0094,0.1567,0.000,0.000
85.156,0.0098,0.0094,0.1567,0.000,0.000
85.163,0.0098,0.0094,0.1567,0.000,0.000
85.170,0.0098,0.0094,0.1567,0.000,0.000
85.178,0.0098,0.0094,0.1567,0.000,0.000
85.185,0.0098,0.0094,0.1567,0.000,0.000
85.192,0.0098,0.0094,0.1567,0.000,0.000
85.201,0.0098,0.0094,0.1567,0.000,0.000
85.208,0.0098,0.0094,0.1567,0.000,0.000
85.215,0.0098,0.0094,0.1567,0.000,0.000
85.223,0.0098,0.0094,0.1567,0.000,0.000
85.226,0.0098,0.0094,0.1567,0.000,0.000
85.228,0.0098,0.0094,0.1567,0.000,0.000
90.577,0.0098,0.0094,0.1567,0.000,0.000
90.586,0.0098,0.0094,0.1567,0.000,0.000
90.594,0.0098,0.0094,0.1567,0.000,0.000
90.602,0.0098,0.0094,0.1567,0.000,0.000
90.609,0.0098,0.0094,0.1567,0.000,0.000
90.617,0.0098,0.0094,0.1567,0.000,0.000
90.625,0.0098,0.0094,0.1567,0.000,0.000
90.633,0.0098,0.0094,0.1567,0.000,0.000
90.640,0.0098,0.0094,0.1567,0.000,0.000
90.650,0.0098,0.0094,0.1567,0.000,0.000
90.658,0.0098,0.0094,0.1567,0.000,0.000
90.666,0.0098,0.0094,0.1567,0.000,0.000
90.674,0.0098,0.0094,0.1567,0.000,0.000
90.681,0.0098,0.0094,0.1567,0.000,0.000
90.689,0.0098,0.0094,0.1567,0.000,0.000
90.696,0.0098,0.0094,0.1567,0.000,0.000
90.707,0.0098,0.0094,0.1567,0.000,0.000
90.715,0.0098,0.0094,0.1567,0.000,0.000
90.724,0.0098,0.0094,0.1567,0.000,0.000
90.733,0.0098,0.0094,0.1567,0.000,0.000
90.741,0.0098,0.0094,0.1567,0.000,0.000
90.749,0.0098,0.0094,0.1567,0.000,0.000
90.757,0.0098,0.0094,0.1567,0.000,0.000
90.766,0.0098,0.0094,0.1567,0.000,0.000
90.774,0.0098,0.0094,0.1567,0.000,0.000
90.782,0.0098,0.0094,0.1567,0.000,0.000
90.789,0.0098,0.0094,0.1567,0.000,0.000
90.797,0.0098,0.0094,0.1567,0.000,0.000
90.806,0.0098,0.0094,0.1567,0.000,0.000
90.813,0.0098,0.0094,0.1567,0.000,0.000
90.820,0.0098,0.0094,0.1567,0.000,0.000
90.829,0.0098,0.0094,0.1567,0.000,0.000
90.836,0.0098,0.0094,0.1567,0.000,0.000
90.845,0.0098,0.0094,0.1567,0.000,0.000
90.853,0.0098,0.0094,0.1567,0.000,0.000
90.860,0.0098,0.0094,0.1567,0.000,0.000
90.869,0.0098,0.0094,0.1567,0.000,0.000
90.878,0.0098,0.0094,0.1567,0.000,0.000
90.887,0.0098,0.0094,0.1567,0.000,0.000
90.894,0.0098,0.0094,0.1567,0.000,0.000
90.903,0.0098,0.0094,0.1567,0.000,0.000
90.912,0.0098,0.0094,0.1567,0.000,0.000
90.920,0.0098,0.0094,0.1567,0.000,0.000
90.928,0.0098,0.0094,0.1567,0.000,0.000
90.936,0.0098,0.0094,0.1567,0.000,0.000
90.946,0.0098,0.0094,0.1567,0.000,0.000
90.954,0.0098,0.0094,0.1567,0.000,0.000
90.961,0.0098,0.0094,0.1567,0.000,0.000
90.969,0.0098,0.0094,0.1567,0.000,0.000
90.977,0.0098,0.0094,0.1567,0.000,0.000
90.985,0.0098,0.0094,0.1567,0.000,0.000
90.993,0.0098,0.0094,0.1567,0.000,0.000
91.000,0.0098,0.0094,0.1567,0.000,0.000
91.009,0.0098,0.0094,0.1567,0.000,0.000
91.016,0.0098,0.0094,0.1567,0.000,0.000
91.026,0.0098,0.0094,0.1567,0.000,0.000
91.034,0.0098,0.0094,0.1567,0.000,0.000
91.042,0.0098,0.0094,0.1567,0.000,0.000
91.049,0.0098,0.0094,0.1567,0.000,0.000
91.058,0.0098,0.0094,0.1567,0.000,0.000
91.066,0.0098,0.0094,0.1567,0.000,0.000
91.074,0.0098,0.0094,0.1567,0.000,0.000
91.081,0.0098,0.0094,0.1567,0.000,0.000
91.089,0.0098,0.0094,0.1567,0.000,0.000
91.096,0.0098,0.0094,0.1567,0.000,0.000
91.104,0.0098,0.0094,0.1567,0.000,0.000
91.112,0.0098,0.0094,0.1567,0.000,0.000
91.119,0.0098,0.0094,0.1567,0.000,0.000
91.127,0.0098,0.0094,0.1567,0.000,0.000
91.135,0.0098,0.0094,0.1567,0.000,0.000
91.144,0.0098,0.0094,0.1567,0.000,0.000
91.152,0.0098,0.0094,0.1567,0.000,0.000
91.160,0.0098,0.0094,0.1567,0.000,0.000
91.168,0.0098,0.0094,0.1567,0.000,0.000
91.176,0.0098,0.0094,0.1567,0.000,0.000
91.185,0.0098,0.0094,0.1567,0.000,0.000
91.194,0.0098,0.0094,0.1567,0.000,0.000
91.201,0.0098,0.0094,0.1567,0.000,0.000
91.209,0.0098,0.0094,0.1567,0.000,0.000
91.217,0.0098,0.0094,0.1567,0.000,0.000
91.225,0.0098,0.0094,0.1567,0.000,0.000
91.233,0.0098,0.0094,0.1567,0.000,0.000
91.241,0.0098,0.0094,0.1567,0.000,0.000
91.248,0.0098,0.0094,0.1567,0.000,0.000
91.256,0.0098,0.0094,0.1567,0.000,0.000
91.264,0.0098,0.0094,0.1567,0.000,0.000
91.272,0.0098,0.0094,0.1567,0.000,0.000
91.280,0.0098,0.0094,0.1567,0.000,0.000
91.288,0.0098,0.0094,0.1567,0.000,0.000
91.295,0.0098,0.0094,0.1567,0.000,0.000
91.303,0.0098,0.0094,0.1567,0.000,0.000
91.312,0.0098,0.0094,0.1567,0.000,0.000
91.320,0.0098,0.0094,0.1567,0.000,0.000
91.328,0.0098,0.0094,0.1567,0.000,0.000
91.336,0.0098,0.0094,0.1567,0.000,0.000
91.345,0.0098,0.0094,0.1567,0.000,0.000
91.354,0.0098,0.0094,0.1567,0.000,0.000
91.362,0.0098,0.0094,0.1567,0.000,0.000
91.370,0.0098,0.0094,0.1567,0.000,0.000
91.396,0.0098,0.0094,0.1567,0.000,0.000
91.403,0.0098,0.0094,0.1567,0.000,0.000
91.411,0.0098,0.0094,0.1567,0.000,0.000
91.418,0.0098,0.0094,0.1567,0.000,0.000
91.426,0.0098,0.0094,0.1567,0.000,0.000
91.434,0.0098,0.0094,0.1567,0.000,0.000
91.442,0.0098,0.0094,0.1567,0.000,0.000
91.449,0.0098,0.0094,0.1567,0.000,0.000
91.457,0.0098,0.0094,0.1567,0.000,0.000
91.465,0.0098,0.0094,0.1567,0.000,0.000
91.473,0.0098,0.0094,0.1567,0.000,0.000
91.481,0.0098,0.0094,0.1567,0.000,0.000
91.490,0.0098,0.0094,0.1567,0.000,0.000
91.497,0.0098,0.0094,0.1567,0.000,0.000
91.507,0.0098,0.0094,0.1567,0.000,0.000
91.514,0.0098,0.0094,0.1567,0.000,0.000
91.521,0.0098,0.0094,0.1567,0.000,0.000
91.531,0.0098,0.0094,0.1567,0.000,0.000
91.538,0.0098,0.0094,0.1567,0.000,0.000
91.547,0.0098,0.0094,0.1567,0.000,0.000
91.554,0.0098,0.0094,0.1567,0.000,0.000
91.561,0.0098,0.0094,0.1567,0.000,0.000
91.570,0.0098,0.0094,0.1567,0.000,0.000
91.577,0.0098,0.0094,0.1567,0.000,0.000
91.585,0.0098,0.0094,0.1567,0.000,0.000
91.591,0.0098,0.0094,0.1567,0.000,0.000
91.599,0.0098,0.0094,0.1567,0.000,0.000
91.608,0.0098,0.0094,0.1567,0.000,0.000
91.615,0.0098,0.0094,0.1567,0.000,0.000
91.622,0.0098,0.0094,0.1567,0.000,0.000
91.629,0.0098,0.0094,0.1567,0.000,0.000
91.635,0.0098,0.0094,0.1567,0.000,0.000
91.642,0.0098,0.0094,0.1567,0.000,0.000
91.649,0.0098,0.0094,0.1567,0.000,0.000
91.655,0.0098,0.0094,0.1567,0.000,0.000
91.662,0.0098,0.0094,0.1567,0.000,0.000
91.669,0.0098,0.0094,0.1567,0.000,0.000
91.676,0.0098,0.0094,0.1567,0.000,0.000
91.682,0.0098,0.0094,0.1567,0.000,0.000
91.689,0.0098,0.0094,0.1567,0.000,0.000
91.695,0.0098,0.0094,0.1567,0.000,0.000
91.701,0.0098,0.0094,0.1567,0.000,0.000
91.708,0.0098,0.0094,0.1567,0.000,0.000
91.715,0.0098,0.0094,0.1567,0.000,0.000
91.722,0.0098,0.0094,0.1567,0.000,0.000
91.729,0.0098,0.0094,0.1567,0.000,0.000
91.736,0.0098,0.0094,0.1567,0.000,0.000
91.745,0.0098,0.0094,0.1567,0.000,0.000
91.753,0.0098,0.0094,0.1567,0.000,0.000
91.760,0.0098,0.0094,0.1567,0.000,0.000
91.768,0.0098,0.0094,0.1567,0.000,0.000
91.776,0.0098,0.0094,0.1567,0.000,0.000
91.783,0.0098,0.0094,0.1567,0.000,0.000
91.790,0.0098,0.0094,0.1567,0.000,0.000
91.798,0.0098,0.0094,0.1567,0.000,0.000
91.806,0.0098,0.0094,0.1567,0.000,0.000
91.814,0.0098,0.0094,0.1567,0.000,0.000
91.822,0.0098,0.0094,0.1567,0.000,0.000
91.830,0.0098,0.0094,0.1567,0.000,0.000
91.837,0.0098,0.0094,0.1567,0.000,0.000
91.847,0.0098,0.0094,0.1567,0.000,0.000
91.855,0.0098,0.0094,0.1567,0.000,0.000
91.862,0.0098,0.0094,0.1567,0.000,0.000
91.871,0.0098,0.0094,0.1567,0.000,0.000
91.878,0.0098,0.0094,0.1567,0.000,0.000
91.887,0.0098,0.0094,0.1567,0.000,0.000
91.894,0.0098,0.0094,0.1567,0.000,0.000
91.901,0.0098,0.0094,0.1567,0.000,0.000
91.912,0.0098,0.0094,0.1567,0.000,0.000
91.919,0.0098,0.0094,0.1567,0.000,0.000
91.927,0.0098,0.0094,0.1567,0.000,0.000
91.935,0.0098,0.0094,0.1567,0.000,0.000
91.942,0.0098,0.0094,0.1567,0.000,0.000
91.949,0.0098,0.0094,0.1567,0.000,0.000
91.957,0.0098,0.0094,0.1567,0.000,0.000
91.965,0.0098,0.0094,0.1567,0.000,0.000
91.973,0.0098,0.0094,0.1567,0.000,0.000
91.983,0.0098,0.0094,0.1567,0.000,0.000
91.991,0.0098,0.0094,0.1567,0.000,0.000
91.999,0.0098,0.0094,0.1567,0.000,0.000
92.006,0.0098,0.0094,0.1567,0.000,0.000
92.014,0.0098,0.0094,0.1567,0.000,0.000
92.021,0.0098,0.0094,0.1567,0.000,0.000
92.028,0.0098,0.0094,0.1567,0.000,0.000
92.036,0.0098,0.0094,0.1567,0.000,0.000
92.044,0.0098,0.0094,0.1567,0.000,0.000
92.052,0.0098,0.0094,0.1567,0.000,0.000
92.060,0.0098,0.0094,0.1567,0.000,0.000
92.068,0.0098,0.0094,0.1567,0.000,0.000
92.076,0.0098,0.0094,0.1567,0.000,0.000
92.085,0.0098,0.0094,0.1567,0.000,0.000
92.093,0.0098,0.0094,0.1567,0.000,0.000
92.101,0.0098,0.0094,0.1567,0.000,0.000
92.109,0.0098,0.0094,0.1567,0.000,0.000
92.117,0.0098,0.0094,0.1567,0.000,0.000
92.126,0.0098,0.0094,0.1567,0.000,0.000
92.134,0.0098,0.0094,0.1567,0.000,0.000
92.241,0.0098,0.0094,0.1567,0.000,0.000
92.248,0.0098,0.0094,0.1567,0.000,0.000
92.255,0.0098,0.0094,0.1567,0.000,0.000
92.261,0.0098,0.0094,0.1567,0.000,0.000
92.268,0.0098,0.0094,0.1567,0.000,0.000
92.275,0.0098,0.0094,0.1567,0.000,0.000
92.282,0.0098,0.0094,0.1567,0.000,0.000
92.291,0.0098,0.0094,0.1567,0.000,0.000
92.297,0.0098,0.0094,0.1567,0.000,0.000
92.304,0.0098,0.0094,0.1567,0.000,0.000
92.312,0.0098,0.0094,0.1567,0.000,0.000
92.318,0.0098,0.0094,0.1567,0.000,0.000
92.327,0.0098,0.0094,0.1567,0.000,0.000
92.337,0.0098,0.0094,0.1567,0.000,0.000
92.346,0.0098,0.0094,0.1567,0.000,0.000
92.355,0.0098,0.0094,0.1567,0.000,0.000
92.362,0.0098,0.0094,0.1567,0.000,0.000
92.370,0.0098,0.0094,0.1567,0.000,0.000
92.378,0.0098,0.0094,0.1567,0.000,0.000
92.386,0.0098,0.0094,0.1567,0.000,0.000
92.394,0.0098,0.0094,0.1567,0.000,0.000
92.402,0.0098,0.0094,0.1567,0.000,0.000
92.409,0.0098,0.0094,0.1567,0.000,0.000
92.417,0.0098,0.0094,0.1567,0.000,0.000
92.426,0.0098,0.0094,0.1567,0.000,0.000
92.433,0.0098,0.0094,0.1567,0.000,0.000
92.441,0.0098,0.0094,0.1567,0.000,0.000
92.448,0.0098,0.0094,0.1567,0.000,0.000
92.456,0.0098,0.0094,0.1567,0.000,0.000
92.464,0.0098,0.0094,0.1567,0.000,0.000
92.472,0.0098,0.0094,0.1567,0.000,0.000
92.479,0.0098,0.0094,0.1567,0.000,0.000
92.488,0.0098,0.0094,0.1567,0.000,0.000
92.496,0.0098,0.0094,0.1567,0.000,0.000
92.503,0.0098,0.0094,0.1567,0.000,0.000
92.511,0.0098,0.0094,0.1567,0.000,0.000
92.518,0.0098,0.0094,0.1567,0.000,0.000
92.527,0.0098,0.0094,0.1567,0.000,0.000
92.536,0.0098,0.0094,0.1567,0.000,0.000
92.546,0.0098,0.0094,0.1567,0.000,0.000
92.554,0.0098,0.0094,0.1567,0.000,0.000
92.561,0.0098,0.0094,0.1567,0.000,0.000
92.569,0.0098,0.0094,0.1567,0.000,0.000
92.576,0.0098,0.0094,0.1567,0.000,0.000
92.585,0.0098,0.0094,0.1567,0.000,0.000
92.593,0.0098,0.0094,0.1567,0.000,0.000
92.600,0.0098,0.0094,0.1567,0.000,0.000
92.608,0.0098,0.0094,0.1567,0.000,0.000
92.616,0.0098,0.0094,0.1567,0.000,0.000
92.624,0.0098,0.0094,0.1567,0.000,0.000
92.632,0.0098,0.0094,0.1567,0.000,0.000
92.641,0.0098,0.0094,0.1567,0.000,0.000
92.648,0.0098,0.0094,0.1567,0.000,0.000
92.655,0.0098,0.0094,0.1567,0.000,0.000
92.663,0.0098,0.0094,0.1567,0.000,0.000
92.670,0.0098,0.0094,0.1567,0.000,0.000
92.678,0.0098,0.0094,0.1567,0.000,0.000
92.686,0.0098,0.0094,0.1567,0.000,0.000
92.694,0.0098,0.0094,0.1567,0.000,0.000
92.701,0.0098,0.0094,0.1567,0.000,0.000
92.708,0.0098,0.0094,0.1567,0.000,0.000
92.715,0.0098,0.0094,0.1567,0.000,0.000
92.723,0.0098,0.0094,0.1567,0.000,0.000
92.730,0.0098,0.0094,0.1567,0.000,0.000
92.737,0.0098,0.0094,0.1567,0.000,0.000
92.745,0.0098,0.0094,0.1567,0.000,0.000
92.752,0.0098,0.0094,0.1567,0.000,0.000
92.759,0.0098,0.0094,0.1567,0.000,0.000
92.768,0.0098,0.0094,0.1567,0.000,0.000
92.774,0.0098,0.0094,0.1567,0.000,0.000
92.781,0.0098,0.0094,0.1567,0.000,0.000
92.788,0.0098,0.0094,0.1567,0.000,0.000
92.794,0.0098,0.0094,0.1567,0.000,0.000
92.800,0.0098,0.0094,0.1567,0.000,0.000
92.807,0.0098,0.0094,0.1567,0.000,0.000
92.814,0.0098,0.0094,0.1567,0.000,0.000
92.821,0.0098,0.0094,0.1567,0.000,0.000
92.829,0.0098,0.0094,0.1567,0.000,0.000
92.836,0.0098,0.0094,0.1567,0.000,0.000
92.843,0.0098,0.0094,0.1567,0.000,0.000
92.852,0.0098,0.0094,0.1567,0.000,0.000
92.859,0.0098,0.0094,0.1567,0.000,0.000
92.867,0.0098,0.0094,0.1567,0.000,0.000
92.875,0.0098,0.0094,0.1567,0.000,0.000
92.883,0.0098,0.0094,0.1567,0.000,0.000
92.890,0.0098,0.0094,0.1567,0.000,0.000
92.898,0.0098,0.0094,0.1567,0.000,0.000
92.906,0.0098,0.0094,0.1567,0.000,0.000
92.914,0.0098,0.0094,0.1567,0.000,0.000
92.922,0.0098,0.0094,0.1567,0.000,0.000
92.929,0.0098,0.0094,0.1567,0.000,0.000
92.939,0.0098,0.0094,0.1567,0.000,0.000
92.947,0.0098,0.0094,0.1567,0.000,0.000
92.954,0.0098,0.0094,0.1567,0.000,0.000
92.962,0.0098,0.0094,0.1567,0.000,0.000
92.970,0.0098,0.0094,0.1567,0.000,0.000
92.977,0.0098,0.0094,0.1567,0.000,0.000
92.985,0.0098,0.0094,0.1567,0.000,0.000
92.993,0.0098,0.0094,0.1567,0.000,0.000
93.000,0.0098,0.0094,0.1567,0.000,0.000
93.008,0.0098,0.0094,0.1567,0.000,0.000
93.015,0.0098,0.0094,0.1567,0.000,0.000
93.022,0.0098,0.0094,0.1567,0.000,0.000
93.030,0.0098,0.0094,0.1567,0.000,0.000
93.038,0.0098,0.0094,0.1567,0.000,0.000
93.047,0.0098,0.0094,0.1567,0.000,0.000
93.055,0.0098,0.0094,0.1567,0.000,0.000
93.062,0.0098,0.0094,0.1567,0.000,0.000
93.069,0.0098,0.0094,0.1567,0.000,0.000
93.078,0.0098,0.0094,0.1567,0.000,0.000
93.085,0.0098,0.0094,0.1567,0.000,0.000
93.094,0.0098,0.0094,0.1567,0.000,0.000
93.102,0.0098,0.0094,0.1567,0.000,0.000
93.110,0.0098,0.0094,0.1567,0.000,0.000
93.118,0.0098,0.0094,0.1567,0.000,0.000
93.128,0.0098,0.0094,0.1567,0.000,0.000
93.135,0.0098,0.0094,0.1567,0.000,0.000
93.143,0.0098,0.0094,0.1567,0.000,0.000
93.151,0.0098,0.0094,0.1567,0.000,0.000
93.158,0.0098,0.0094,0.1567,0.000,0.000
93.166,0.0098,0.0094,0.1567,0.000,0.000
93.173,0.0098,0.0094,0.1567,0.000,0.000
93.180,0.0098,0.0094,0.1567,0.000,0.000
93.187,0.0098,0.0094,0.1567,0.000,0.000
93.196,0.0098,0.0094,0.1567,0.000,0.000
93.204,0.0098,0.0094,0.1567,0.000,0.000
93.212,0.0098,0.0094,0.1567,0.000,0.000
93.219,0.0098,0.0094,0.1567,0.000,0.000
93.227,0.0098,0.0094,0.1567,0.000,0.000
93.235,0.0098,0.0094,0.1567,0.000,0.000
93.242,0.0098,0.0094,0.1567,0.000,0.000
93.251,0.0098,0.0094,0.1567,0.000,0.000
93.258,0.0098,0.0094,0.1567,0.000,0.000
93.266,0.0098,0.0094,0.1567,0.000,0.000
93.274,0.0098,0.0094,0.1567,0.000,0.000
93.282,0.0098,0.0094,0.1567,0.000,0.000
93.291,0.0098,0.0094,0.1567,0.000,0.000
93.299,0.0098,0.0094,0.1567,0.000,0.000
93.307,0.0098,0.0094,0.1567,0.000,0.000
93.314,0.0098,0.0094,0.1567,0.000,0.000
93.322,0.0098,0.0094,0.1567,0.000,0.000
93.330,0.0098,0.0094,0.1567,0.000,0.000
93.338,0.0098,0.0094,0.1567,0.000,0.000
93.347,0.0098,0.0094,0.1567,0.000,0.000
93.356,0.0098,0.0094,0.1567,0.000,0.000
93.365,0.0098,0.0094,0.1567,0.000,0.000
93.374,0.0098,0.0094,0.1567,0.000,0.000
93.381,0.0098,0.0094,0.1567,0.000,0.000
93.390,0.0098,0.0094,0.1567,0.000,0.000
93.398,0.0098,0.0094,0.1567,0.000,0.000
93.406,0.0098,0.0094,0.1567,0.000,0.000
93.415,0.0098,0.0094,0.1567,0.000,0.000
93.423,0.0098,0.0094,0.1567,0.000,0.000
93.430,0.0098,0.0094,0.1567,0.000,0.000
93.437,0.0098,0.0094,0.1567,0.000,0.000
93.445,0.0098,0.0094,0.1567,0.000,0.000
93.453,0.0098,0.0094,0.1567,0.000,0.000
93.460,0.0098,0.0094,0.1567,0.000,0.000
93.467,0.0098,0.0094,0.1567,0.000,0.000
93.475,0.0098,0.0094,0.1567,0.000,0.000
93.483,0.0098,0.0094,0.1567,0.000,0.000
93.491,0.0098,0.0094,0.1567,0.000,0.000
93.498,0.0098,0.0094,0.1567,0.000,0.000
93.506,0.0098,0.0094,0.1567,0.000,0.000
93.514,0.0098,0.0094,0.1567,0.000,0.000
93.521,0.0098,0.0094,0.1567,0.000,0.000
93.529,0.0098,0.0094,0.1567,0.000,0.000
93.537,0.0098,0.0094,0.1567,0.000,0.000
93.546,0.0098,0.0094,0.1567,0.000,0.000
93.554,0.0098,0.0094,0.1567,0.000,0.000
93.562,0.0098,0.0094,0.1567,0.000,0.000
93.570,0.0098,0.0094,0.1567,0.000,0.000
93.577,0.0098,0.0094,0.1567,0.000,0.000
93.585,0.0098,0.0094,0.1567,0.000,0.000
93.593,0.0098,0.0094,0.1567,0.000,0.000
93.600,0.0098,0.0094,0.1567,0.000,0.000
93.607,0.0098,0.0094,0.1567,0.000,0.000
93.615,0.0098,0.0094,0.1567,0.000,0.000
93.623,0.0098,0.0094,0.1567,0.000,0.000
93.630,0.0098,0.0094,0.1567,0.000,0.000
93.637,0.0098,0.0094,0.1567,0.000,0.000
93.645,0.0098,0.0094,0.1567,0.000,0.000
93.652,0.0098,0.0094,0.1567,0.000,0.000
93.660,0.0098,0.0094,0.1567,0.000,0.000
93.667,0.0098,0.0094,0.1567,0.000,0.000
93.675,0.0098,0.0094,0.1567,0.000,0.000
93.682,0.0098,0.0094,0.1567,0.000,0.000
93.690,0.0098,0.0094,0.1567,0.000,0.000
93.697,0.0098,0.0094,0.1567,0.000,0.000
93.705,0.0098,0.0094,0.1567,0.000,0.000
93.712,0.0098,0.0094,0.1567,0.000,0.000
93.720,0.0098,0.0094,0.1567,0.000,0.000
93.728,0.0098,0.0094,0.1567,0.000,0.000
93.735,0.0098,0.0094,0.1567,0.000,0.000
93.742,0.0098,0.0094,0.1567,0.000,0.000
93.749,0.0098,0.0094,0.1567,0.000,0.000
93.757,0.0098,0.0094,0.1567,0.000,0.000
93.764,0.0098,0.0094,0.1567,0.000,0.000
93.770,0.0098,0.0094,0.1567,0.000,0.000
93.777,0.0098,0.0094,0.1567,0.000,0.000
93.785,0.0098,0.0094,0.1567,0.000,0.000
93.792,0.0098,0.0094,0.1567,0.000,0.000
93.798,0.0098,0.0094,0.1567,0.000,0.000
93.806,0.0098,0.0094,0.1567,0.000,0.000
93.815,0.0098,0.0094,0.1567,0.000,0.000
93.823,0.0098,0.0094,0.1567,0.000,0.000
93.830,0.0098,0.0094,0.1567,0.000,0.000
93.837,0.0098,0.0094,0.1567,0.000,0.000
93.844,0.0098,0.0094,0.1567,0.000,0.000
93.852,0.0098,0.0094,0.1567,0.000,0.000
93.859,0.0098,0.0094,0.1567,0.000,0.000
93.868,0.0098,0.0094,0.1567,0.000,0.000
93.876,0.0098,0.0094,0.1567,0.000,0.000
93.883,0.0098,0.0094,0.1567,0.000,0.000
93.890,0.0098,0.0094,0.1567,0.000,0.000
93.897,0.0098,0.0094,0.1567,0.000,0.000
93.905,0.0098,0.0094,0.1567,0.000,0.000
93.912,0.0098,0.0094,0.1567,0.000,0.000
93.919,0.0098,0.0094,0.1567,0.000,0.000
93.926,0.0098,0.0094,0.1567,0.000,0.000
93.934,0.0098,0.0094,0.1567,0.000,0.000
93.941,0.0098,0.0094,0.1567,0.000,0.000
93.949,0.0098,0.0094,0.1567,0.000,0.000
93.957,0.0098,0.0094,0.1567,0.000,0.000
93.965,0.0098,0.0094,0.1567,0.000,0.000
93.973,0.0098,0.0094,0.1567,0.000,0.000
93.981,0.0098,0.0094,0.1567,0.000,0.000
93.988,0.0098,0.0094,0.1567,0.000,0.000
93.996,0.0098,0.0094,0.1567,0.000,0.000
94.003,0.0098,0.0094,0.1567,0.000,0.000
94.011,0.0098,0.0094,0.1567,0.000,0.000
94.021,0.0098,0.0094,0.1567,0.000,0.000
94.029,0.0098,0.0094,0.1567,0.000,0.000
94.036,0.0098,0.0094,0.1567,0.000,0.000
94.046,0.0098,0.0094,0.1567,0.000,0.000
94.054,0.0098,0.0094,0.1567,0.000,0.000
94.061,0.0098,0.0094,0.1567,0.000,0.000
94.069,0.0098,0.0094,0.1567,0.000,0.000
94.076,0.0098,0.0094,0.1567,0.000,0.000
94.084,0.0098,0.0094,0.1567,0.000,0.000
94.091,0.0098,0.0094,0.1567,0.000,0.000
94.098,0.0098,0.0094,0.1567,0.000,0.000
94.106,0.0098,0.0094,0.1567,0.000,0.000
94.114,0.0098,0.0094,0.1567,0.000,0.000
94.121,0.0098,0.0094,0.1567,0.000,0.000
94.129,0.0098,0.0094,0.1567,0.000,0.000
94.136,0.0098,0.0094,0.1567,0.000,0.000
94.143,0.0098,0.0094,0.1567,0.000,0.000
94.151,0.0098,0.0094,0.1567,0.000,0.000
94.159,0.0098,0.0094,0.1567,0.000,0.000
94.167,0.0098,0.0094,0.1567,0.000,0.000
94.176,0.0098,0.0094,0.1567,0.000,0.000
94.183,0.0098,0.0094,0.1567,0.000,0.000
94.191,0.0098,0.0094,0.1567,0.000,0.000
94.199,0.0098,0.0094,0.1567,0.000,0.000
94.207,0.0098,0.0094,0.1567,0.000,0.000
94.215,0.0098,0.0094,0.1567,0.000,0.000
94.222,0.0098,0.0094,0.1567,0.000,0.000
94.230,0.0098,0.0094,0.1567,0.000,0.000
94.238,0.0098,0.0094,0.1567,0.000,0.000
94.246,0.0098,0.0094,0.1567,0.000,0.000
94.255,0.0098,0.0094,0.1567,0.000,0.000
94.263,0.0098,0.0094,0.1567,0.000,0.000
94.272,0.0098,0.0094,0.1567,0.000,0.000
94.280,0.0098,0.0094,0.1567,0.000,0.000
94.288,0.0098,0.0094,0.1567,0.000,0.000
94.297,0.0098,0.0094,0.1567,0.000,0.000
94.307,0.0098,0.0094,0.1567,0.000,0.000
94.316,0.0098,0.0094,0.1567,0.000,0.000
94.325,0.0098,0.0094,0.1567,0.000,0.000
94.333,0.0098,0.0094,0.1567,0.000,0.000
94.343,0.0098,0.0094,0.1567,0.000,0.000
94.351,0.0098,0.0094,0.1567,0.000,0.000
94.359,0.0098,0.0094,0.1567,0.000,0.000
94.366,0.0098,0.0094,0.1567,0.000,0.000
94.375,0.0098,0.0094,0.1567,0.000,0.000
94.382,0.0098,0.0094,0.1567,0.000,0.000
94.390,0.0098,0.0094,0.1567,0.000,0.000
94.397,0.0098,0.0094,0.1567,0.000,0.000
94.405,0.0098,0.0094,0.1567,0.000,0.000
94.413,0.0098,0.0094,0.1567,0.000,0.000
94.420,0.0098,0.0094,0.1567,0.000,0.000
94.428,0.0098,0.0094,0.1567,0.000,0.000
94.436,0.0098,0.0094,0.1567,0.000,0.000
94.444,0.0098,0.0094,0.1567,0.000,0.000
94.451,0.0098,0.0094,0.1567,0.000,0.000
94.459,0.0098,0.0094,0.1567,0.000,0.000
94.466,0.0098,0.0094,0.1567,0.000,0.000
94.474,0.0098,0.0094,0.1567,0.000,0.000
94.481,0.0098,0.0094,0.1567,0.000,0.000
94.489,0.0098,0.0094,0.1567,0.000,0.000
94.499,0.0098,0.0094,0.1567,0.000,0.000
94.506,0.0098,0.0094,0.1567,0.000,0.000
94.514,0.0098,0.0094,0.1567,0.000,0.000
94.522,0.0098,0.0094,0.1567,0.000,0.000
94.530,0.0098,0.0094,0.1567,0.000,0.000
94.539,0.0098,0.0094,0.1567,0.000,0.000
94.549,0.0098,0.0094,0.1567,0.000,0.000
94.557,0.0098,0.0094,0.1567,0.000,0.000
94.565,0.0098,0.0094,0.1567,0.000,0.000
94.573,0.0098,0.0094,0.1567,0.000,0.000
94.580,0.0098,0.0094,0.1567,0.000,0.000
94.587,0.0098,0.0094,0.1567,0.000,0.000
94.595,0.0098,0.0094,0.1567,0.000,0.000
94.602,0.0098,0.0094,0.1567,0.000,0.000
94.610,0.0098,0.0094,0.1567,0.000,0.000
94.617,0.0098,0.0094,0.1567,0.000,0.000
94.626,0.0098,0.0094,0.1567,0.000,0.000
94.633,0.0098,0.0094,0.1567,0.000,0.000
94.640,0.0098,0.0094,0.1567,0.000,0.000
94.648,0.0098,0.0094,0.1567,0.000,0.000
94.657,0.0098,0.0094,0.1567,0.000,0.000
94.665,0.0098,0.0094,0.1567,0.000,0.000
94.672,0.0098,0.0094,0.1567,0.000,0.000
94.679,0.0098,0.0094,0.1567,0.000,0.000
94.687,0.0098,0.0094,0.1567,0.000,0.000
94.695,0.0098,0.0094,0.1567,0.000,0.000
94.702,0.0098,0.0094,0.1567,0.000,0.000
94.710,0.0098,0.0094,0.1567,0.000,0.000
94.718,0.0098,0.0094,0.1567,0.000,0.000
94.725,0.0098,0.0094,0.1567,0.000,0.000
94.733,0.0098,0.0094,0.1567,0.000,0.000
94.740,0.0098,0.0094,0.1567,0.000,0.000
94.748,0.0098,0.0094,0.1567,0.000,0.000
94.756,0.0098,0.0094,0.1567,0.000,0.000
94.763,0.0098,0.0094,0.1567,0.000,0.000
94.770,0.0098,0.0094,0.1567,0.000,0.000
94.778,0.0098,0.0094,0.1567,0.000,0.000
94.785,0.0098,0.0094,0.1567,0.000,0.000
94.794,0.0098,0.0094,0.1567,0.000,0.000
94.801,0.0098,0.0094,0.1567,0.000,0.000
94.812,0.0098,0.0094,0.1567,0.000,0.000
94.820,0.0098,0.0094,0.1567,0.000,0.000
94.828,0.0098,0.0094,0.1567,0.000,0.000
94.836,0.0098,0.0094,0.1567,0.000,0.000
94.844,0.0098,0.0094,0.1567,0.000,0.000
94.851,0.0098,0.0094,0.1567,0.000,0.000
94.859,0.0098,0.0094,0.1567,0.000,0.000
94.866,0.0098,0.0094,0.1567,0.000,0.000
94.874,0.0098,0.0094,0.1567,0.000,0.000
94.881,0.0098,0.0094,0.1567,0.000,0.000
94.889,0.0098,0.0094,0.1567,0.000,0.000
94.896,0.0098,0.0094,0.1567,0.000,0.000
94.903,0.0098,0.0094,0.1567,0.000,0.000
94.911,0.0098,0.0094,0.1567,0.000,0.000
94.919,0.0098,0.0094,0.1567,0.000,0.000
94.926,0.0098,0.0094,0.1567,0.000,0.000
94.934,0.0098,0.0094,0.1567,0.000,0.000
94.942,0.0098,0.0094,0.1567,0.000,0.000
94.950,0.0098,0.0094,0.1567,0.000,0.000
94.957,0.0098,0.0094,0.1567,0.000,0.000
94.965,0.0098,0.0094,0.1567,0.000,0.000
94.974,0.0098,0.0094,0.1567,0.000,0.000
94.981,0.0098,0.0094,0.1567,0.000,0.000
94.989,0.0098,0.0094,0.1567,0.000,0.000
94.996,0.0098,0.0094,0.1567,0.000,0.000
95.003,0.0098,0.0094,0.1567,0.000,0.000
95.012,0.0098,0.0094,0.1567,0.000,0.000
95.019,0.0098,0.0094,0.1567,0.000,0.000
95.027,0.0098,0.0094,0.1567,0.000,0.000
95.034,0.0098,0.0094,0.1567,0.000,0.000
95.042,0.0098,0.0094,0.1567,0.000,0.000
95.052,0.0098,0.0094,0.1567,0.000,0.000
95.059,0.0098,0.0094,0.1567,0.000,0.000
95.068,0.0098,0.0094,0.1567,0.000,0.000
95.076,0.0098,0.0094,0.1567,0.000,0.000
95.084,0.0098,0.0094,0.1567,0.000,0.000
95.092,0.0098,0.0094,0.1567,0.000,0.000
95.101,0.0098,0.0094,0.1567,0.000,0.000
95.110,0.0098,0.0094,0.1567,0.000,0.000
95.117,0.0098,0.0094,0.1567,0.000,0.000
95.126,0.0098,0.0094,0.1567,0.000,0.000
95.135,0.0098,0.0094,0.1567,0.000,0.000
95.143,0.0098,0.0094,0.1567,0.000,0.000
95.151,0.0098,0.0094,0.1567,0.000,0.000
95.159,0.0098,0.0094,0.1567,0.000,0.000
95.167,0.0098,0.0094,0.1567,0.000,0.000
95.174,0.0098,0.0094,0.1567,0.000,0.000
95.182,0.0098,0.0094,0.1567,0.000,0.000
95.190,0.0098,0.0094,0.1567,0.000,0.000
95.198,0.0098,0.0094,0.1567,0.000,0.000
95.206,0.0098,0.0094,0.1567,0.000,0.000
95.214,0.0098,0.0094,0.1567,0.000,0.000
95.222,0.0098,0.0094,0.1567,0.000,0.000
95.230,0.0098,0.0094,0.1567,0.000,0.000
95.239,0.0098,0.0094,0.1567,0.000,0.000
95.246,0.0098,0.0094,0.1567,0.000,0.000
95.254,0.0098,0.0094,0.1567,0.000,0.000
95.262,0.0098,0.0094,0.1567,0.000,0.000
95.269,0.0098,0.0094,0.1567,0.000,0.000
95.277,0.0098,0.0094,0.1567,0.000,0.000
95.285,0.0098,0.0094,0.1567,0.000,0.000
95.294,0.0098,0.0094,0.1567,0.000,0.000
95.302,0.0098,0.0094,0.1567,0.000,0.000
95.310,0.0098,0.0094,0.1567,0.000,0.000
95.318,0.0098,0.0094,0.1567,0.000,0.000
95.327,0.0098,0.0094,0.1567,0.000,0.000
95.335,0.0098,0.0094,0.1567,0.000,0.000
95.342,0.0098,0.0094,0.1567,0.000,0.000
95.351,0.0098,0.0094,0.1567,0.000,0.000
95.359,0.0098,0.0094,0.1567,0.000,0.000
95.367,0.0098,0.0094,0.1567,0.000,0.000
95.375,0.0098,0.0094,0.1567,0.000,0.000
95.383,0.0098,0.0094,0.1567,0.000,0.000
95.391,0.0098,0.0094,0.1567,0.000,0.000
95.398,0.0098,0.0094,0.1567,0.000,0.000
95.406,0.0098,0.0094,0.1567,0.000,0.000
95.414,0.0098,0.0094,0.1567,0.000,0.000
95.421,0.0098,0.0094,0.1567,0.000,0.000
95.429,0.0098,0.0094,0.1567,0.000,0.000
95.438,0.0098,0.0094,0.1567,0.000,0.000
95.445,0.0098,0.0094,0.1567,0.000,0.000
95.455,0.0098,0.0094,0.1567,0.000,0.000
95.462,0.0098,0.0094,0.1567,0.000,0.000
95.470,0.0098,0.0094,0.1567,0.000,0.000
95.478,0.0098,0.0094,0.1567,0.000,0.000
95.485,0.0098,0.0094,0.1567,0.000,0.000
95.493,0.0098,0.0094,0.1567,0.000,0.000
95.501,0.0098,0.0094,0.1567,0.000,0.000
95.508,0.0098,0.0094,0.1567,0.000,0.000
95.516,0.0098,0.0094,0.1567,0.000,0.000
95.523,0.0098,0.0094,0.1567,0.000,0.000
95.531,0.0098,0.0094,0.1567,0.000,0.000
95.539,0.0098,0.0094,0.1567,0.000,0.000
95.547,0.0098,0.0094,0.1567,0.000,0.000
95.558,0.0098,0.0094,0.1567,0.000,0.000
95.566,0.0098,0.0094,0.1567,0.000,0.000
95.574,0.0098,0.0094,0.1567,0.000,0.000
95.582,0.0098,0.0094,0.1567,0.000,0.000
95.589,0.0098,0.0094,0.1567,0.000,0.000
95.597,0.0098,0.0094,0.1567,0.000,0.000
95.604,0.0098,0.0094,0.1567,0.000,0.000
95.615,0.0098,0.0094,0.1567,0.000,0.000
95.622,0.0098,0.0094,0.1567,0.000,0.000
95.630,0.0098,0.0094,0.1567,0.000,0.000
95.638,0.0098,0.0094,0.1567,0.000,0.000
95.647,0.0098,0.0094,0.1567,0.000,0.000
95.655,0.0098,0.0094,0.1567,0.000,0.000
95.663,0.0098,0.0094,0.1567,0.000,0.000
95.671,0.0098,0.0094,0.1567,0.000,0.000
95.678,0.0098,0.0094,0.1567,0.000,0.000
95.686,0.0098,0.0094,0.1567,0.000,0.000
95.694,0.0098,0.0094,0.1567,0.000,0.000
95.701,0.0098,0.0094,0.1567,0.000,0.000
95.709,0.0098,0.0094,0.1567,0.000,0.000
95.716,0.0098,0.0094,0.1567,0.000,0.000
95.724,0.0098,0.0094,0.1567,0.000,0.000
95.730,0.0098,0.0094,0.1567,0.000,0.000
95.737,0.0098,0.0094,0.1567,0.000,0.000
95.746,0.0098,0.0094,0.1567,0.000,0.000
95.753,0.0098,0.0094,0.1567,0.000,0.000
95.761,0.0098,0.0094,0.1567,0.000,0.000
95.769,0.0098,0.0094,0.1567,0.000,0.000
95.777,0.0098,0.0094,0.1567,0.000,0.000
95.785,0.0098,0.0094,0.1567,0.000,0.000
95.793,0.0098,0.0094,0.1567,0.000,0.000
95.800,0.0098,0.0094,0.1567,0.000,0.000
95.808,0.0098,0.0094,0.1567,0.000,0.000
95.816,0.0098,0.0094,0.1567,0.000,0.000
95.824,0.0098,0.0094,0.1567,0.000,0.000
95.833,0.0098,0.0094,0.1567,0.000,0.000
95.841,0.0098,0.0094,0.1567,0.000,0.000
95.849,0.0098,0.0094,0.1567,0.000,0.000
95.858,0.0098,0.0094,0.1567,0.000,0.000
95.866,0.0098,0.0094,0.1567,0.000,0.000
95.875,0.0098,0.0094,0.1567,0.000,0.000
95.882,0.0098,0.0094,0.1567,0.000,0.000
95.890,0.0098,0.0094,0.1567,0.000,0.000
95.897,0.0098,0.0094,0.1567,0.000,0.000
95.907,0.0098,0.0094,0.1567,0.000,0.000
95.915,0.0098,0.0094,0.1567,0.000,0.000
95.923,0.0098,0.0094,0.1567,0.000,0.000
95.933,0.0098,0.0094,0.1567,0.000,0.000
95.941,0.0098,0.0094,0.1567,0.000,0.000
95.949,0.0098,0.0094,0.1567,0.000,0.000
95.957,0.0098,0.0094,0.1567,0.000,0.000
95.964,0.0098,0.0094,0.1567,0.000,0.000
95.972,0.0098,0.0094,0.1567,0.000,0.000
95.980,0.0098,0.0094,0.1567,0.000,0.000
95.987,0.0098,0.0094,0.1567,0.000,0.000
95.994,0.0098,0.0094,0.1567,0.000,0.000
96.002,0.0098,0.0094,0.1567,0.000,0.000
96.009,0.0098,0.0094,0.1567,0.000,0.000
96.018,0.0098,0.0094,0.1567,0.000,0.000
96.026,0.0098,0.0094,0.1567,0.000,0.000
96.033,0.0098,0.0094,0.1567,0.000,0.000
96.041,0.0098,0.0094,0.1567,0.000,0.000
96.049,0.0098,0.0094,0.1567,0.000,0.000
96.056,0.0098,0.0094,0.1567,0.000,0.000
96.063,0.0098,0.0094,0.1567,0.000,0.000
96.072,0.0098,0.0094,0.1567,0.000,0.000
96.080,0.0098,0.0094,0.1567,0.000,0.000
96.089,0.0098,0.0094,0.1567,0.000,0.000
96.096,0.0098,0.0094,0.1567,0.000,0.000
