run_id,target_id,detection_id,class_name,class_id,confidence,x_target_mm,y_target_mm,z_target_mm,x_commanded_mm,y_commanded_mm,x_final_mm,y_final_mm,position_error_mm,travel_distance_mm,travel_time_s,pd_time_s,fire_time_s,per_target_total_time_s,pd_iterations,pd_converged,fired,hit_success,false_positive,missed,status,notes
20260415_185901,1,1,,1,,195.1149879607728,238.49514439755941,,195.1149879607728,238.49514439755941,170.913,244.575,,38.8,0.715,10.183,0.501,11.399,,True,True,,,,locked_fired,
20260415_185901,2,2,,1,,239.41963896593333,257.2169181900321,,239.41963896593333,257.2169181900321,211.725,263.425,,48.1,0.958,6.941,0.501,8.4,,True,True,,,,locked_fired,
20260415_185901,3,3,,1,,260.1812085049793,182.65114036502848,,260.1812085049793,182.65114036502848,231.663,189.5,,77.4,1.018,7.954,0.501,9.474,,True,True,,,,locked_fired,
20260415_185901,4,4,,1,,224.69727694615,152.2695147894136,,224.69727694615,152.2695147894136,198.475,154.425,,46.71,0.711,7.713,0.501,8.926,,True,True,,,,locked_fired,
20260415_185901,5,5,,1,,182.9920804604849,164.35100028509672,,182.9920804604849,164.35100028509672,119.175,151.087,,43.42,0.525,8.841,0.501,9.867,,True,True,,,,locked_fired,
20260415_185901,6,6,,1,,160.14200087101062,194.26332081530168,,160.14200087101062,194.26332081530168,126.975,201.35,,37.64,0.774,8.073,0.501,9.348,,True,True,,,,locked_fired,
20260415_185901,7,7,,1,,140.85441672177183,219.71787721961104,,140.85441672177183,219.71787721961104,108.787,227.738,,31.94,0.592,8.504,0.501,9.601,,True,True,,,,locked_fired,
20260415_185901,8,8,,1,,143.14274377915757,142.85957915631494,,143.14274377915757,142.85957915631494,116.8,150.938,,76.89,1.019,7.917,0.501,9.438,,True,True,,,,locked_fired,
20260415_185901,9,9,,1,,176.55467887930126,106.6884602089324,,176.55467887930126,106.6884602089324,148.675,111.012,,49.24,0.896,8.761,0.501,10.158,,True,True,,,,locked_fired,
20260415_185901,10,10,,1,,275.1563637257698,135.85205447880602,,275.1563637257698,135.85205447880602,248.25,141.1,,102.82,1.203,7.752,0.501,9.457,,True,True,,,,locked_fired,
20260415_190637,1,1,,1,,195.1065923773121,238.093191143835,,195.1065923773121,238.093191143835,169.663,244.075,,38.41,0.716,7.805,0.501,9.022,,True,True,,,,locked_fired,
20260415_190637,2,2,,1,,239.8543652335972,257.31639436069645,,239.8543652335972,257.31639436069645,211.012,263.513,,48.7,0.958,7.347,0.501,8.807,,True,True,,,,locked_fired,
20260415_190637,3,3,,1,,257.84009115987334,181.69433948993674,,257.84009115987334,181.69433948993674,233.35,189.125,,77.73,1.02,7.603,0.501,9.125,,True,True,,,,locked_fired,
20260415_190637,4,4,,1,,225.62472643633515,152.5609102741692,,225.62472643633515,152.5609102741692,246.975,142.863,,43.43,0.71,7.23,0.501,8.442,,True,True,,,,locked_fired,
20260415_190637,5,5,,1,,177.52623608066912,161.76890305271016,,177.52623608066912,161.76890305271016,164.637,169.988,,48.97,0.954,7.119,0.501,8.575,,True,True,,,,locked_fired,
20260415_190637,6,6,,1,,160.14200087101062,194.26332081530168,,160.14200087101062,194.26332081530168,127.988,203.337,,36.85,0.648,7.639,0.501,8.788,,True,True,,,,locked_fired,
20260415_190637,7,7,,1,,137.5507479883857,220.0705910944597,,137.5507479883857,220.0705910944597,107.762,226.913,,34.3,0.527,7.711,0.501,8.74,,True,True,,,,locked_fired,
20260415_190637,8,8,,1,,143.57318714275672,143.35194326177327,,143.57318714275672,143.35194326177327,116.613,150.113,,76.95,1.032,7.501,0.501,9.034,,True,True,,,,locked_fired,
20260415_190637,9,9,,1,,177.36427223286404,106.72348914012046,,177.36427223286404,106.72348914012046,148.175,111.025,,49.83,0.895,6.938,0.501,8.337,,True,True,,,,locked_fired,
20260415_190637,10,10,,1,,273.01247570355054,134.50701257845552,,273.01247570355054,134.50701257845552,,,,99.6,1.201,2.153,,3.355,,False,False,,,,failed_fine_align,
20260415_192502,1,1,,1,,196.78790898620485,236.51148391780313,,196.78790898620485,236.51148391780313,170.725,244.762,,36.65,0.712,8.143,0.501,9.357,,True,True,,,,locked_fired,
20260415_192502,2,2,,1,,239.44012285613545,258.11043234135013,,239.44012285613545,258.11043234135013,210.663,264.263,,47.81,0.897,7.704,0.501,9.104,,True,True,,,,locked_fired,
20260415_192502,3,3,,1,,259.47630096583754,182.80264330585896,,259.47630096583754,182.80264330585896,233.712,189.288,,77.93,1.019,7.401,0.501,8.922,,True,True,,,,locked_fired,
20260415_192502,4,4,,1,,224.30421508154149,152.2684856054508,,224.30421508154149,152.2684856054508,198.812,154.875,,46.58,0.711,8.528,0.501,9.741,,True,True,,,,locked_fired,
20260415_192502,5,5,,1,,181.93892355939167,164.10381514821225,,181.93892355939167,164.10381514821225,,,,43.99,0.525,2.389,,2.915,,False,False,,,,failed_fine_align,
20260415_192502,6,6,,1,,157.33837852604495,195.3401633369466,,157.33837852604495,195.3401633369466,129.712,202.562,,39.76,0.713,7.346,0.501,8.561,,True,True,,,,locked_fired,
20260415_192502,7,7,,1,,138.84176164143156,220.254877380545,,138.84176164143156,220.254877380545,107.9,226.575,,31.03,0.589,7.824,0.501,8.915,,True,True,,,,locked_fired,
20260415_192502,8,8,,1,,140.20460680407797,142.6460866029381,,140.20460680407797,142.6460866029381,117.175,150.613,,77.62,1.026,7.277,0.501,8.805,,True,True,,,,locked_fired,
20260415_192502,9,9,,1,,174.0501780885852,105.07653501820649,,174.0501780885852,105.07653501820649,148.113,111.363,,50.57,0.837,7.732,0.501,9.071,,True,True,,,,locked_fired,
20260415_192502,10,10,,1,,274.37184044796254,136.65134168743913,,274.37184044796254,136.65134168743913,247.637,140.562,,105.17,1.205,7.563,0.501,9.269,,True,True,,,,locked_fired,
20260415_192720,1,1,,1,,195.09820377319286,237.6912392973639,,195.09820377319286,237.6912392973639,169.975,245.375,,38.01,0.712,8.002,0.501,9.216,,True,True,,,,locked_fired,
20260415_192720,2,2,,1,,238.58894169609206,258.4236410802909,,238.58894169609206,258.4236410802909,210.587,263.625,,48.18,0.9,7.591,0.501,8.993,,True,True,,,,locked_fired,
20260415_192720,3,3,,1,,259.5905518920055,182.2907293325476,,259.5905518920055,182.2907293325476,233.562,188.975,,78.98,1.021,7.684,0.501,9.206,,True,True,,,,locked_fired,
20260415_192720,4,4,,1,,224.69727694615,152.2695147894136,,224.69727694615,152.2695147894136,,,,46.03,0.71,2.241,,2.951,,False,False,,,,failed_fine_align,
20260415_192720,5,5,,1,,183.36717868621867,162.73862169081042,,183.36717868621867,162.73862169081042,163.562,171.05,,42.64,0.77,7.706,0.501,8.978,,True,True,,,,locked_fired,
20260415_192720,6,6,,1,,157.67405607238084,194.58535249467653,,157.67405607238084,194.58535249467653,129.837,202.925,,40.92,0.649,7.906,0.501,9.056,,True,True,,,,locked_fired,
20260415_192720,7,7,,1,,136.9507811554411,220.59461046735115,,136.9507811554411,220.59461046735115,109.863,227.962,,33.26,0.588,8.124,0.501,9.213,,True,True,,,,locked_fired,
20260415_192720,8,8,,1,,142.59737936944632,142.96377583245547,,142.59737936944632,142.96377583245547,118.325,150.788,,77.84,1.017,8.346,0.501,9.864,,True,True,,,,locked_fired,
20260415_192720,9,9,,1,,174.0591528980966,105.86749994454654,,174.0591528980966,105.86749994454654,148.363,111.662,,48.64,0.833,8.201,0.501,9.535,,True,True,,,,locked_fired,
20260415_192720,10,10,,1,,273.54130834444203,135.99943437165624,,273.54130834444203,135.99943437165624,248.113,141.05,,103.95,1.202,8.216,0.501,9.919,,True,True,,,,locked_fired,
20260415_193043,1,1,,1,,196.74255233539648,236.00787102732525,,196.74255233539648,236.00787102732525,170.212,244.275,,36.15,0.714,11.494,0.501,12.725,,True,True,,,,locked_fired,
20260415_193043,2,2,,1,,238.99599842280105,257.6187223910023,,238.99599842280105,257.6187223910023,211.6,264.388,,47.46,0.908,13.064,0.501,14.48,,True,True,,,,locked_fired,
20260415_193043,3,3,,1,,259.88347505241774,182.80004227947308,,259.88347505241774,182.80004227947308,233.725,189.125,,77.68,1.024,10.945,0.501,12.47,,True,True,,,,locked_fired,
20260415_193043,4,4,,1,,224.69727694615,152.2695147894136,,224.69727694615,152.2695147894136,199.625,158.0,,46.59,0.713,7.877,0.501,9.091,,True,True,,,,locked_fired,
20260415_193043,5,5,,1,,184.2290909014909,164.12895244440824,,184.2290909014909,164.12895244440824,,,,42.17,0.525,1.77,,2.296,,False,False,,,,failed_fine_align,
20260415_193043,6,6,,1,,157.67405607238084,194.58535249467653,,157.67405607238084,194.58535249467653,128.062,203.025,,40.41,0.708,7.851,0.501,9.061,,True,True,,,,locked_fired,
20260415_193043,7,7,,1,,138.81418477017206,220.16221614174947,,138.81418477017206,220.16221614174947,108.775,227.262,,31.78,0.529,7.583,0.501,8.613,,True,True,,,,locked_fired,
20260415_193043,8,8,,1,,142.16121956916703,142.87774869996935,,142.16121956916703,142.87774869996935,116.463,150.562,,77.36,1.022,8.071,0.501,9.595,,True,True,,,,locked_fired,
20260415_193043,9,9,,1,,176.5645789168908,107.40975613623534,,176.5645789168908,107.40975613623534,147.4,111.887,,49.41,0.897,7.579,0.501,8.977,,True,True,,,,locked_fired,
20260415_193043,10,10,,1,,273.9698184463953,136.51507860547122,,273.9698184463953,136.51507860547122,,,,101.66,,,,,,,False,,,,pending,
20260415_193245,1,1,,1,,197.63350125347114,236.98808071894666,,197.63350125347114,236.98808071894666,169.975,245.863,,37.06,0.71,7.852,0.501,9.064,,True,True,,,,locked_fired,
20260415_193245,2,2,,1,,238.58894169609206,258.4236410802909,,238.58894169609206,258.4236410802909,209.413,264.05,,46.23,0.955,7.612,0.501,9.069,,True,True,,,,locked_fired,
20260415_193245,3,3,,1,,259.5905518920055,182.2907293325476,,259.5905518920055,182.2907293325476,235.438,188.575,,78.98,1.017,7.681,0.501,9.2,,True,True,,,,locked_fired,
20260415_193245,4,4,,1,,224.69727694615,152.2695147894136,,224.69727694615,152.2695147894136,198.788,154.725,,46.03,0.711,8.056,0.501,9.268,,True,True,,,,locked_fired,
20260415_193245,5,5,,1,,185.11576679360684,165.13233020251263,,185.11576679360684,165.13233020251263,161.688,169.288,,41.62,0.526,7.5,0.501,8.528,,True,True,,,,locked_fired,
20260415_193245,6,6,,1,,160.2420397775642,195.01978014404983,,160.2420397775642,195.01978014404983,128.863,202.788,,38.88,0.65,7.381,0.501,8.533,,True,True,,,,locked_fired,
20260415_193245,7,7,,1,,136.9507811554411,220.59461046735115,,136.9507811554411,220.59461046735115,108.662,229.3,,34.59,0.588,7.581,0.501,8.671,,True,True,,,,locked_fired,
20260415_193245,8,8,,1,,141.18165925882536,142.480550165494,,141.18165925882536,142.480550165494,116.8,150.425,,78.23,1.019,7.744,0.501,9.264,,True,True,,,,locked_fired,
20260415_193245,9,9,,1,,173.29171041216117,105.89032756008254,,173.29171041216117,105.89032756008254,148.3,112.325,,48.68,0.834,7.584,0.501,8.92,,True,True,,,,locked_fired,
20260415_193245,10,10,,1,,273.54130834444203,135.99943437165624,,273.54130834444203,135.99943437165624,247.6,141.288,,104.67,1.204,7.715,0.501,9.42,,True,True,,,,locked_fired,
20260415_153148,1,1,,1,,206.84854286389884,159.99907935393887,,206.84854286389884,159.99907935393887,203.2,160.0,,40.58,0.774,7.331,0.501,8.607,,True,True,,,,locked_fired,
20260415_153148,2,2,,1,,165.02206189758755,168.75207322718708,,165.02206189758755,168.75207322718708,165.025,171.188,,42.73,0.709,4.73,0.501,5.941,,True,True,,,,locked_fired,
20260415_153148,3,3,,1,,139.86682350798824,202.12993032954202,,139.86682350798824,202.12993032954202,132.75,203.788,,41.8,0.71,6.158,0.501,7.37,,True,True,,,,locked_fired,
20260415_153148,4,4,,1,,120.46747337207798,227.0218211988483,,120.46747337207798,227.0218211988483,112.525,230.0,,31.56,0.588,6.433,0.501,7.523,,True,True,,,,locked_fired,
20260415_153148,5,5,,1,,177.85050948615293,245.11674268281465,,177.85050948615293,245.11674268281465,171.2,246.875,,60.17,0.894,6.033,0.501,7.428,,True,True,,,,locked_fired,
20260415_153148,6,6,,1,,220.09243239227655,265.2625349561813,,220.09243239227655,265.2625349561813,214.875,266.5,,46.8,0.833,5.601,0.501,6.936,,True,True,,,,locked_fired,
20260415_153148,7,7,,1,,243.02521993385798,189.35189670388286,,243.02521993385798,189.35189670388286,238.012,192.413,,79.3,0.957,5.251,0.501,6.71,,True,True,,,,locked_fired,
20260415_153148,8,8,,1,,254.65423216029933,143.08706078895855,,254.65423216029933,143.08706078895855,252.613,143.837,,47.7,0.831,4.528,0.501,5.861,,True,True,,,,locked_fired,
20260415_153148,9,9,,1,,157.75454796531915,113.35596612912049,,157.75454796531915,113.35596612912049,153.2,114.113,,101.36,1.077,6.382,0.501,7.961,,True,True,,,,locked_fired,
20260415_153148,10,10,,1,,126.89856308595813,151.19070781971604,,126.89856308595813,151.19070781971604,121.188,153.3,,48.82,0.711,7.494,0.501,8.707,,True,True,,,,locked_fired,
20260415_154022,1,1,,1,,241.45768291138117,188.78457681952952,,241.45768291138117,188.78457681952952,238.363,191.95,,42.95,0.77,5.85,0.501,7.122,,True,True,,,,locked_fired,
20260415_154022,2,2,,1,,254.37627920076258,141.86224384671146,,254.37627920076258,141.86224384671146,251.85,144.6,,48.67,0.833,5.39,0.501,6.725,,True,True,,,,locked_fired,
20260415_154022,3,3,,1,,202.22349906244798,156.8808525166497,,202.22349906244798,156.8808525166497,202.225,159.538,,54.27,0.841,4.702,0.501,6.044,,True,True,,,,locked_fired,
20260415_154022,4,4,,1,,164.0617076311377,169.0306550501869,,164.0617076311377,169.0306550501869,164.363,172.95,,40.05,0.711,5.28,0.501,6.493,,True,True,,,,locked_fired,
20260415_154022,5,5,,1,,133.18981349922274,152.77190461543285,,133.18981349922274,152.77190461543285,120.375,152.775,,34.89,0.713,6.587,0.501,7.801,,True,True,,,,locked_fired,
20260415_154022,6,6,,1,,159.29400317581445,114.44015542952619,,159.29400317581445,114.44015542952619,152.562,114.025,,46.38,0.771,6.127,0.5,7.399,,True,True,,,,locked_fired,
20260415_154022,7,7,,1,,136.9850623732675,201.72626714331045,,136.9850623732675,201.72626714331045,132.462,201.725,,90.09,1.015,5.758,0.501,7.275,,True,True,,,,locked_fired,
20260415_154022,8,8,,1,,120.46747337207798,227.0218211988483,,120.46747337207798,227.0218211988483,112.25,233.137,,30.21,0.65,6.509,0.501,7.66,,True,True,,,,locked_fired,
20260415_154022,9,9,,1,,176.83552570848747,244.55886557906328,,176.83552570848747,244.55886557906328,171.2,247.3,,59.03,0.893,6.34,0.501,7.734,,True,True,,,,locked_fired,
20260415_154022,10,10,,1,,218.9896973567324,262.9862768933841,,218.9896973567324,262.9862768933841,212.425,266.75,,46.01,0.832,8.534,0.501,9.867,,True,True,,,,locked_fired,
20260415_154403,1,1,,1,,206.42350095050224,160.51990297033765,,206.42350095050224,160.51990297033765,202.775,161.175,,40.0,0.771,4.03,0.501,5.302,,True,True,,,,locked_fired,
20260415_154403,2,2,,1,,166.19122966869878,169.6611588445965,,166.19122966869878,169.6611588445965,166.188,171.8,,41.26,0.713,3.388,0.501,4.602,,True,True,,,,locked_fired,
20260415_154403,3,3,,1,,129.03346033983433,151.73710792376164,,129.03346033983433,151.73710792376164,121.938,152.788,,41.25,0.712,4.717,0.501,5.931,,True,True,,,,locked_fired,
20260415_154403,4,4,,1,,154.91285374074928,111.05305945552475,,154.91285374074928,111.05305945552475,152.688,111.925,,48.22,0.774,3.43,0.501,4.706,,True,True,,,,locked_fired,
20260415_154403,5,5,,1,,138.39023619061481,202.0964873726523,,138.39023619061481,202.0964873726523,133.2,202.95,,92.53,1.018,4.417,0.501,5.936,,True,True,,,,locked_fired,
20260415_154403,6,6,,1,,121.65902599672692,226.46334354617608,,121.65902599672692,226.46334354617608,113.188,229.775,,29.56,0.59,5.203,0.501,6.294,,True,True,,,,locked_fired,
20260415_154403,7,7,,1,,180.0612741971568,243.5365311854081,,180.0612741971568,243.5365311854081,171.975,247.562,,60.85,0.897,4.933,0.501,6.332,,True,True,,,,locked_fired,
20260415_154403,8,8,,1,,218.87721258926513,266.3715355047468,,218.87721258926513,266.3715355047468,213.538,266.375,,45.03,0.772,4.328,0.501,5.601,,True,True,,,,locked_fired,
20260415_154403,9,9,,1,,243.37794431752556,189.9211651887526,,243.37794431752556,189.9211651887526,238.312,192.1,,80.28,0.954,4.187,0.501,5.642,,True,True,,,,locked_fired,
20260415_154403,10,10,,1,,254.39185546084528,142.42106139519066,,254.39185546084528,142.42106139519066,252.925,143.775,,48.76,0.832,2.968,0.501,4.301,,True,True,,,,locked_fired,
20260415_154528,1,1,,1,,205.90060773566034,160.6801037025859,,205.90060773566034,160.6801037025859,203.075,161.038,,39.76,0.771,4.671,0.501,5.943,,True,True,,,,locked_fired,
20260415_154528,2,2,,1,,165.8173805036904,169.1512000361125,,165.8173805036904,169.1512000361125,165.812,170.938,,40.97,0.711,3.568,0.501,4.78,,True,True,,,,locked_fired,
20260415_154528,3,3,,1,,129.04081295314992,152.29514429638732,,129.04081295314992,152.29514429638732,120.975,152.725,,40.46,0.711,5.007,0.501,6.22,,True,True,,,,locked_fired,
20260415_154528,4,4,,1,,158.8733876773147,114.99291869687207,,158.8733876773147,114.99291869687207,150.5,115.912,,47.76,0.711,4.923,0.501,6.136,,True,True,,,,locked_fired,
20260415_154528,5,5,,1,,136.41213941601012,202.85834142148724,,136.41213941601012,202.85834142148724,133.325,202.863,,90.69,1.017,4.015,0.501,5.534,,True,True,,,,locked_fired,
20260415_154528,6,6,,1,,117.7800689718734,228.15044650119995,,117.7800689718734,228.15044650119995,113.25,231.025,,31.41,0.651,5.113,0.501,6.265,,True,True,,,,locked_fired,
20260415_154528,7,7,,1,,178.24208412017222,244.31521877384986,,178.24208412017222,244.31521877384986,171.262,246.688,,62.59,0.896,4.605,0.501,6.002,,True,True,,,,locked_fired,
20260415_154528,8,8,,1,,220.3347645104195,264.7334377888274,,220.3347645104195,264.7334377888274,212.887,266.85,,46.78,0.832,4.579,0.501,5.912,,True,True,,,,locked_fired,
20260415_154528,9,9,,1,,241.73232494371422,189.8944775245205,,241.73232494371422,189.8944775245205,239.075,191.15,,77.84,0.955,3.573,0.501,5.03,,True,True,,,,locked_fired,
20260415_154528,10,10,,1,,255.27921269513917,143.58117338069508,,255.27921269513917,143.58117338069508,253.163,143.575,,48.25,0.832,3.524,0.501,4.858,,True,True,,,,locked_fired,
20260425_114531,1,1,,1,,205.41994532723697,159.945674584714,,205.41994532723697,159.945674584714,203.438,159.95,,40.42,0.775,5.141,0.503,6.42,,True,True,2.740327,2.766145,2.10312,0.0,False,,,,,locked_fired,
20260425_114531,2,2,,1,,166.19122966869878,169.6611588445965,,166.19122966869878,169.6611588445965,166.188,171.988,,40.41,0.711,3.744,0.503,4.96,,True,True,1.215089,1.239702,2.446963,0.0,False,,,,,locked_fired,
20260425_114531,3,3,,1,,136.17952822559045,202.4852087315192,,136.17952822559045,202.4852087315192,132.863,205.512,,44.48,0.652,3.483,0.501,4.638,,True,True,0.841955,0.87377,2.552291,0.0,False,,,,,locked_fired,
20260425_114531,4,4,,1,,118.98551399686251,227.5506861428691,,118.98551399686251,227.5506861428691,112.812,230.25,,30.4,0.586,5.807,0.501,6.895,,True,True,0.758084,0.783501,4.958247,0.0,False,,,,,locked_fired,
20260425_114531,5,5,,1,,178.232077824702,243.7594264542191,,178.232077824702,243.7594264542191,170.913,247.262,,61.42,0.894,4.375,0.503,5.775,,True,True,0.87291,0.913219,3.394098,0.0,False,,,,,locked_fired,
20260425_114531,6,6,,1,,219.43288007586284,263.0376331858714,,219.43288007586284,263.0376331858714,215.288,266.837,,45.49,0.835,4.015,0.501,5.357,,True,True,0.863643,0.901238,3.044976,0.0,False,,,,,locked_fired,
20260425_114531,7,7,,1,,241.9129999455018,189.35299661783986,,241.9129999455018,189.35299661783986,238.85,192.075,,77.04,0.961,3.67,0.503,5.136,,True,True,0.811226,0.869327,2.738106,0.0,False,,,,,locked_fired,
20260425_114531,8,8,,1,,254.1012824952503,143.65257537605586,,254.1012824952503,143.65257537605586,251.925,143.913,,47.3,0.835,2.99,0.501,4.329,,True,True,0.734754,0.768129,2.163192,0.0,False,,,,,locked_fired,
20260425_114531,9,9,,1,,160.41191462369198,116.58367961576327,,160.41191462369198,116.58367961576327,152.613,116.05,,97.52,1.02,4.345,0.503,5.871,,True,True,0.773914,0.802706,3.480144,0.0,False,,,,,locked_fired,
20260425_114531,10,10,,1,,125.33749525555068,151.2179693287973,,125.33749525555068,151.2179693287973,123.1,151.875,,49.29,0.714,3.18,0.503,4.4,,True,True,0.835029,0.88458,2.226096,0.0,False,,,,,locked_fired,
20260425_144821,1,1,,1,,238.24069868882717,189.34152542829287,,238.24069868882717,189.34152542829287,239.575,190.712,,39.7,0.714,3.959,0.501,5.177,,True,True,2.090077,2.118591,1.781924,0.0,False,,,,,locked_fired,
20260425_144821,2,2,,1,,204.1010090672467,160.31784898510406,,204.1010090672467,160.31784898510406,204.1,160.312,,44.81,0.713,2.792,0.501,4.011,,True,True,2.187179,2.213273,0.524582,0.0,False,,,,,locked_fired,
20260425_144821,3,3,,1,,162.59875824227325,169.15689259488937,,162.59875824227325,169.15689259488937,164.35,172.738,,42.43,0.772,4.248,0.501,5.527,,True,True,1.322521,1.356208,2.83311,0.0,False,,,,,locked_fired,
20260425_144821,4,4,,1,,125.89025428398536,151.96963374303834,,125.89025428398536,151.96963374303834,119.287,152.1,,40.53,0.713,4.31,0.501,5.529,,True,True,0.875673,0.920374,3.321775,0.0,False,,,,,locked_fired,
20260425_144821,5,5,,1,,159.55749001024873,118.47302971813326,,159.55749001024873,118.47302971813326,152.45,115.262,,47.49,0.776,4.36,0.501,5.64,,True,True,0.798099,0.844842,3.43862,0.0,False,,,,,locked_fired,
20260425_144821,6,6,,1,,136.2061224919348,202.87273416899646,,136.2061224919348,202.87273416899646,133.238,202.875,,87.57,1.023,3.506,0.501,5.034,,True,True,0.937764,1.006852,2.43839,0.0,False,,,,,locked_fired,
20260425_144821,7,7,,1,,112.95207356024139,229.2133961846272,,112.95207356024139,229.2133961846272,112.95,233.288,,35.14,0.653,4.136,0.501,5.295,,True,True,0.89796,0.932455,3.128536,0.0,False,,,,,locked_fired,
20260425_144821,8,8,,1,,173.58515979786148,246.10850064313885,,173.58515979786148,246.10850064313885,172.025,247.725,,62.94,0.899,3.096,0.501,4.501,,True,True,0.752855,0.788153,2.246368,0.0,False,,,,,locked_fired,
20260425_144821,9,9,,1,,216.7972717291014,265.13620329847333,,216.7972717291014,265.13620329847333,213.45,266.538,,47.22,0.772,3.757,0.502,5.035,,True,True,1.074764,1.123273,2.569109,0.0,False,,,,,locked_fired,
20260425_144821,10,10,,1,,252.42467150647303,143.8194547740726,,252.42467150647303,143.8194547740726,252.325,145.688,,126.44,1.206,3.025,0.502,4.736,,True,True,0.87056,0.923756,2.028677,0.0,False,,,,,locked_fired,
20260425_154841,1,1,,1,,237.60063053906873,190.52177868138975,,237.60063053906873,190.52177868138975,237.7,191.462,,38.78,0.711,2.39,0.502,3.606,,True,True,0.850856,0.903891,1.402558,0.0,False,,,,,locked_fired,
20260425_154841,2,2,,1,,203.75664712392836,160.7877341628706,,203.75664712392836,160.7877341628706,203.562,160.788,,45.05,0.713,1.783,0.503,3.003,,True,True,0.855311,0.899008,0.800658,0.0,False,,,,,locked_fired,
20260425_154841,3,3,,1,,165.13979239005275,171.16946134857108,,165.13979239005275,171.16946134857108,165.4,172.75,,39.99,0.712,2.621,0.501,3.837,,True,True,0.71152,0.754948,1.807277,0.0,False,,,,,locked_fired,
20260425_154841,4,4,,1,,131.0085839657677,154.28654612572527,,131.0085839657677,154.28654612572527,121.088,154.425,,38.08,0.713,5.01,0.501,6.227,,True,True,0.927549,0.960842,3.97112,0.0,False,,,,,locked_fired,
20260425_154841,5,5,,1,,155.436912019705,115.92737744799636,,155.436912019705,115.92737744799636,152.212,117.375,,45.48,0.712,3.387,0.501,4.604,,True,True,0.771394,0.80051,2.527125,0.0,False,,,,,locked_fired,
20260425_154841,6,6,,1,,134.97482702472954,203.66411050453002,,134.97482702472954,203.66411050453002,133.312,203.663,,90.09,1.023,2.798,0.501,4.328,,True,True,0.736416,0.778581,1.962255,0.0,False,,,,,locked_fired,
20260425_154841,7,7,,1,,116.22398889800394,228.56790546394896,,116.22398889800394,228.56790546394896,114.588,233.15,,31.17,0.65,4.045,0.502,5.202,,True,True,0.643612,0.676189,3.285673,0.0,False,,,,,locked_fired,
20260425_154841,8,8,,1,,174.61325182012783,246.10482386009895,,174.61325182012783,246.10482386009895,174.613,247.625,,60.97,0.897,2.591,0.501,3.994,,True,True,0.737334,0.777082,1.742853,0.0,False,,,,,locked_fired,
20260425_154841,9,9,,1,,215.3566933012279,266.2245435640232,,215.3566933012279,266.2245435640232,214.038,266.413,,45.44,0.777,2.518,0.501,3.801,,True,True,0.7824,0.81842,1.631082,0.0,False,,,,,locked_fired,
20260425_154841,10,10,,1,,252.23016199330175,144.2864798567089,,252.23016199330175,144.2864798567089,252.225,146.15,,127.39,1.209,2.869,0.501,4.583,,True,True,0.706442,0.758462,2.026974,0.0,False,,,,,locked_fired,
20260425_162343,1,1,,1,,202.87903881124208,161.4486136237978,,202.87903881124208,161.4486136237978,202.875,161.45,,38.66,0.716,1.449,0.503,2.671,,True,True,0.794278,0.837384,0.539002,0.0,False,,,,,locked_fired,
20260425_162343,2,2,,1,,162.26521126597726,170.06139140895817,,162.26521126597726,170.06139140895817,163.337,172.288,,41.52,0.775,3.12,0.501,4.399,,True,True,0.865363,0.899593,2.126217,0.0,False,,,,,locked_fired,
20260425_162343,3,3,,1,,123.36129131713929,152.64326693457298,,123.36129131713929,152.64326693457298,122.412,152.637,,42.63,0.774,2.252,0.504,3.533,,True,True,0.683043,0.709883,1.460271,0.0,False,,,,,locked_fired,
20260425_162343,4,4,,1,,152.45801314833236,114.13998101903098,,152.45801314833236,114.13998101903098,151.825,116.65,,48.26,0.716,3.184,0.501,4.405,,True,True,0.69969,0.739946,2.374693,0.0,False,,,,,locked_fired,
20260425_162343,5,5,,1,,136.04249120393445,204.25649363693495,,136.04249120393445,204.25649363693495,133.45,204.25,,91.6,1.018,3.337,0.501,4.861,,True,True,0.86818,0.904565,2.358884,0.0,False,,,,,locked_fired,
20260425_162343,6,6,,1,,119.38013265414025,228.57501310806515,,119.38013265414025,228.57501310806515,113.438,233.538,,29.48,0.651,4.303,0.502,5.459,,True,True,0.86419,0.903222,3.3249,0.0,False,,,,,locked_fired,
20260425_162343,7,7,,1,,174.6808764197507,247.51563634227665,,174.6808764197507,247.51563634227665,171.85,247.9,,58.45,0.898,3.599,0.502,5.003,,True,True,1.109811,1.152558,2.384214,0.0,False,,,,,locked_fired,
20260425_162343,8,8,,1,,216.07220642748354,267.44821020155155,,216.07220642748354,267.44821020155155,214.475,267.45,,45.94,0.776,2.758,0.503,4.04,,True,True,0.761133,0.79617,1.895522,0.0,False,,,,,locked_fired,
20260425_162343,9,9,,1,,238.5509106258761,191.10718625784023,,238.5509106258761,191.10718625784023,238.55,192.15,,79.58,0.957,2.488,0.502,3.951,,True,True,0.710085,0.763989,1.656622,0.0,False,,,,,locked_fired,
20260425_162343,10,10,,1,,252.91007344832482,144.01328328841544,,252.91007344832482,144.01328328841544,252.562,144.975,,49.23,0.782,2.503,0.501,3.792,,True,True,0.790391,0.831368,1.600288,0.0,False,,,,,locked_fired,
20260425_163304,1,1,,1,,203.3347705194669,161.9694617200108,,203.3347705194669,161.9694617200108,203.337,161.975,,38.18,0.712,1.645,0.503,2.863,,True,True,0.986544,1.026286,0.544155,0.0,False,,,,,locked_fired,
20260425_163304,2,2,,1,,163.40842094731622,171.67941603801754,,163.40842094731622,171.67941603801754,163.938,173.3,,41.09,0.776,2.925,0.501,4.205,,True,True,0.819243,0.860953,1.981717,0.0,False,,,,,locked_fired,
20260425_163304,3,3,,1,,128.39802537511383,153.81718344276197,,128.39802537511383,153.81718344276197,122.275,154.688,,39.3,0.715,4.011,0.503,5.232,,True,True,0.6162,0.661462,3.288212,0.0,False,,,,,locked_fired,
20260425_163304,4,4,,1,,151.07917139875872,112.8174669541059,,151.07917139875872,112.8174669541059,,,,46.86,0.774,,,,,,False,,,,,,,,,,pending,
20260425_163406,1,1,,1,,201.4600368612215,161.1034111143819,,201.4600368612215,161.1034111143819,202.4,161.975,,38.92,0.777,9.343,0.503,10.626,,True,True,2.50319,2.56468,6.715453,0.0,False,,,,,locked_fired,
20260425_163406,2,2,,1,,163.40842094731622,171.67941603801754,,163.40842094731622,171.67941603801754,164.4,175.075,,39.49,0.772,11.393,0.502,12.67,,True,True,2.170148,2.198506,9.128065,0.0,False,,,,,locked_fired,
20260425_163406,3,3,,1,,135.17048012331162,202.46900479044373,,135.17048012331162,202.46900479044373,132.95,203.8,,41.78,0.652,10.177,0.501,11.335,,True,True,3.464071,3.491296,6.627604,0.0,False,,,,,locked_fired,
20260425_163406,4,4,,1,,112.93269247771255,229.77927406365566,,112.93269247771255,229.77927406365566,113.4,235.225,,35.22,0.653,11.501,0.501,12.659,,True,True,1.797489,1.820397,9.610946,0.0,False,,,,,locked_fired,
20260425_163406,5,5,,1,,175.58374170396252,244.06729666431434,,175.58374170396252,244.06729666431434,170.875,250.188,,64.26,0.901,11.73,0.501,13.136,,True,True,0.872384,0.913675,10.745089,0.0,False,,,,,locked_fired,
20260425_163406,6,6,,1,,215.0081239243468,266.82992488696317,,215.0081239243468,266.82992488696317,213.837,269.425,,45.52,0.771,8.102,0.502,9.379,,True,True,0.873277,0.916737,7.107088,0.0,False,,,,,locked_fired,
20260425_163406,7,7,,1,,239.28430521760868,190.47192008146655,,239.28430521760868,190.47192008146655,238.125,195.488,,80.12,0.961,10.331,0.501,11.799,,True,True,0.878602,0.930112,9.308875,0.0,False,,,,,locked_fired,
20260425_163406,8,8,,1,,252.4561478038587,144.16810835053965,,252.4561478038587,144.16810835053965,251.725,147.25,,48.14,0.838,8.979,0.502,10.325,,True,True,0.844329,0.872811,8.049202,0.0,False,,,,,locked_fired,
20260425_163406,9,9,,1,,150.79796608177833,113.57438419980554,,150.79796608177833,113.57438419980554,153.163,115.975,,106.16,1.099,17.063,0.504,18.671,,True,True,9.175264,9.202528,7.797356,0.0,False,,,,,locked_fired,
20260425_163406,10,10,,1,,122.94581134765566,152.06304048573188,,122.94581134765566,152.06304048573188,,,,47.51,0.72,,,,,,False,,,,,,,,,,pending,
20260425_163628,1,1,,1,,202.41679735429767,161.0656888066747,,202.41679735429767,161.0656888066747,202.375,163.575,,39.01,0.775,5.319,2.009,8.108,,True,True,0.812347,0.842546,4.398113,0.0,False,,,,,locked_fired,
20260425_163628,2,2,,1,,163.47969178538358,169.46069610923678,,163.47969178538358,169.46069610923678,165.7,174.525,,39.83,0.778,6.482,2.018,9.281,,True,True,0.644382,0.674425,5.733223,0.0,False,,,,,locked_fired,
20260425_163628,3,3,,1,,127.98049037452081,153.24533977448894,,127.98049037452081,153.24533977448894,120.325,154.525,,39.03,0.712,6.105,2.005,8.826,,True,True,0.915303,0.943284,5.102109,0.0,False,,,,,locked_fired,
20260425_163628,4,4,,1,,154.0238193718822,115.29161406132232,,154.0238193718822,115.29161406132232,151.762,117.425,,46.03,0.777,4.71,2.006,7.497,,True,True,0.67176,0.69501,3.937983,0.0,False,,,,,locked_fired,
20260425_163628,5,5,,1,,135.58693248301165,203.06461663006246,,135.58693248301165,203.06461663006246,132.913,204.95,,89.69,1.021,4.535,2.006,7.566,,True,True,0.804522,0.834991,3.638934,0.0,False,,,,,locked_fired,
20260425_163628,6,6,,1,,117.25045752333304,227.95558403814465,,117.25045752333304,227.95558403814465,112.175,231.125,,30.92,0.59,6.519,2.001,9.116,,True,True,1.015615,1.047698,5.414447,0.0,False,,,,,locked_fired,
20260425_163628,7,7,,1,,174.60278538187222,245.50640417018406,,174.60278538187222,245.50640417018406,,,,59.98,0.898,,,,,,False,,,,,,,,,,pending,
20260425_163804,1,1,,1,,202.3519333885481,160.97110312832675,,202.3519333885481,160.97110312832675,202.35,163.075,,39.1,0.781,5.605,2.006,8.395,,True,True,3.181491,3.20186,2.332064,0.0,False,,,,,locked_fired,
20260425_163804,2,2,,1,,163.97365392260994,171.41955882705912,,163.97365392260994,171.41955882705912,164.2,174.275,,39.78,0.712,6.217,2.005,8.937,,True,True,3.305814,3.336866,2.8108,0.0,False,,,,,locked_fired,
20260425_163804,3,3,,1,,128.39802537511383,153.81718344276197,,128.39802537511383,153.81718344276197,121.85,154.775,,39.69,0.713,4.546,2.005,7.267,,True,True,0.83284,0.861823,3.615765,0.0,False,,,,,locked_fired,
20260425_163804,4,4,,1,,155.45545453955165,117.09818723241293,,155.45545453955165,117.09818723241293,151.812,117.1,,45.61,0.712,3.88,2.006,6.604,,True,True,0.811996,0.852775,2.963313,0.0,False,,,,,locked_fired,
20260425_163804,5,5,,1,,135.58693248301165,203.06461663006246,,135.58693248301165,203.06461663006246,133.4,204.275,,88.23,1.019,2.969,2.006,6.0,,True,True,0.521604,0.565523,2.317796,0.0,False,,,,,locked_fired,
20260425_163804,6,6,,1,,117.69257033794172,228.55631336835972,,117.69257033794172,228.55631336835972,113.775,232.55,,31.15,0.651,4.199,2.005,6.861,,True,True,0.810088,0.852571,3.262826,0.0,False,,,,,locked_fired,
20260425_163804,7,7,,1,,174.21875308146338,246.94855316772325,,174.21875308146338,246.94855316772325,172.6,248.225,,59.44,0.899,2.762,2.005,5.669,,True,True,0.609918,0.650043,2.0294,0.0,False,,,,,locked_fired,
20260425_163804,8,8,,1,,215.0081239243468,266.82992488696317,,215.0081239243468,266.82992488696317,213.0,267.3,,45.38,0.772,2.99,2.006,5.771,,True,True,0.762386,0.784461,2.126165,0.0,False,,,,,locked_fired,
20260425_163804,9,9,,1,,238.68975388741006,191.0741463504047,,238.68975388741006,191.0741463504047,238.688,192.312,,79.37,0.961,2.721,2.007,5.695,,True,True,0.804403,0.84574,1.811055,0.0,False,,,,,locked_fired,
20260425_163804,10,10,,1,,253.07771240338084,145.52268972889365,,253.07771240338084,145.52268972889365,252.25,146.45,,47.77,0.773,2.352,2.005,5.136,,True,True,0.59502,0.63729,1.647745,0.0,False,,,,,locked_fired,
20260425_164004,1,1,,1,,201.98418875061498,161.70399232210386,,201.98418875061498,161.70399232210386,,,,38.35,0.711,1.164,,1.877,,False,False,1.118278,1.151991,0.0,0.0,False,,,,,failed_fine_align,
20260425_164004,2,2,,1,,161.04146938203598,170.27011228814393,,161.04146938203598,170.27011228814393,165.35,173.113,,41.83,0.772,4.821,2.006,7.603,,True,True,1.549398,1.59927,3.154464,0.0,False,,,,,locked_fired,
20260425_164004,3,3,,1,,124.01018861224506,153.27123010116492,,124.01018861224506,153.27123010116492,122.375,154.575,,40.75,0.775,3.03,2.006,5.814,,True,True,0.861367,0.907189,2.063049,0.0,False,,,,,locked_fired,
20260425_164004,4,4,,1,,155.3483541252107,116.5169350716565,,155.3483541252107,116.5169350716565,151.462,116.512,,48.3,0.712,4.084,2.006,6.805,,True,True,0.918644,0.962489,3.046001,0.0,False,,,,,locked_fired,
20260425_164004,5,5,,1,,133.53565983433708,203.8717806120921,,133.53565983433708,203.8717806120921,133.275,203.875,,90.04,1.018,2.507,2.005,5.533,,True,True,1.452435,1.479549,0.958359,0.0,False,,,,,locked_fired,
20260425_164004,6,6,,1,,118.94644431361988,228.57609723776704,,118.94644431361988,228.57609723776704,113.725,232.712,,28.69,0.648,4.343,2.006,7.001,,True,True,0.908643,0.943399,3.326097,0.0,False,,,,,locked_fired,
20260425_164004,7,7,,1,,174.22938481874147,247.55608195198346,,174.22938481874147,247.55608195198346,172.163,248.05,,58.45,0.897,3.267,2.006,6.172,,True,True,0.848984,0.889273,2.310472,0.0,False,,,,,locked_fired,
20260425_164004,8,8,,1,,215.63545172431625,267.4512046752352,,215.63545172431625,267.4512046752352,213.788,267.45,,45.94,0.773,4.558,2.005,7.339,,True,True,2.275291,2.309614,2.178728,0.0,False,,,,,locked_fired,
20260425_164004,9,9,,1,,239.03610856178832,191.0841368695618,,239.03610856178832,191.0841368695618,239.038,191.962,,79.87,0.961,2.497,2.005,5.466,,True,True,0.929126,0.951323,1.485192,0.0,False,,,,,locked_fired,
20260425_164004,10,10,,1,,252.07136564944355,145.50016074228483,,252.07136564944355,145.50016074228483,252.075,146.5,,47.41,0.776,2.542,2.007,5.331,,True,True,0.807786,0.849605,1.627014,0.0,False,,,,,locked_fired,
20260425_165355,1,1,,1,,238.8205215826568,190.48590241834188,,238.8205215826568,190.48590241834188,237.475,193.163,,39.97,0.773,5.271,2.008,8.06,,True,True,2.441997,2.473691,2.739012,0.0,False,,,,,locked_fired,
20260425_165355,2,2,,1,,202.1835662438347,160.05413404396973,,202.1835662438347,160.05413404396973,202.188,160.45,,47.63,0.713,3.638,2.007,6.361,,True,True,2.397978,2.43009,1.139602,0.0,False,,,,,locked_fired,
20260425_165355,3,3,,1,,164.78988152693853,170.28996400476535,,164.78988152693853,170.28996400476535,164.788,173.738,,38.77,0.715,3.911,2.004,6.634,,True,True,0.733307,0.772689,3.051975,0.0,False,,,,,locked_fired,
20260425_165355,4,4,,1,,125.2877421451307,153.30926566893947,,125.2877421451307,153.30926566893947,122.025,154.688,,43.0,0.773,3.589,2.004,6.371,,True,True,0.667257,0.700408,2.825124,0.0,False,,,,,locked_fired,
20260425_165355,5,5,,1,,152.36358942583797,113.48822911741465,,152.36358942583797,113.48822911741465,151.475,116.45,,48.15,0.774,3.982,2.005,6.766,,True,True,1.061607,1.097082,2.809237,0.0,False,,,,,locked_fired,
20260425_165355,6,6,,1,,135.80024289946837,203.06379477082072,,135.80024289946837,203.06379477082072,133.562,203.062,,91.09,1.026,3.294,2.005,6.331,,True,True,0.756251,0.803221,2.421181,0.0,False,,,,,locked_fired,
20260425_165355,7,7,,1,,115.97704142765443,228.53189927613974,,115.97704142765443,228.53189927613974,114.1,233.575,,32.27,0.651,4.535,2.004,7.196,,True,True,0.688729,0.726138,3.74966,0.0,False,,,,,locked_fired,
20260425_165355,8,8,,1,,175.20040522727263,245.4987638785823,,175.20040522727263,245.4987638785823,172.762,248.4,,61.61,0.898,3.737,2.007,6.646,,True,True,0.785132,0.826893,2.827334,0.0,False,,,,,locked_fired,
20260425_165355,9,9,,1,,215.0081239243468,266.82992488696317,,215.0081239243468,266.82992488696317,213.625,266.987,,45.16,0.778,2.223,2.006,5.013,,True,True,0.685619,0.732861,1.432169,0.0,False,,,,,locked_fired,
20260425_165355,10,10,,1,,252.91007344832482,144.01328328841544,,252.91007344832482,144.01328328841544,252.913,144.012,,128.53,1.208,1.29,2.005,4.508,,True,True,0.659434,0.702041,0.528177,0.0,False,,,,,locked_fired,
20260425_165653,1,1,,1,,202.43844592646658,162.2470748886719,,202.43844592646658,162.2470748886719,,,,37.83,0.715,1.733,,,,,False,1.108543,1.134085,0.528057,0.0,False,,,,,pending,
20260425_165840,1,1,,1,,211.61814929585606,167.11244157073432,,211.61814929585606,167.11244157073432,211.613,168.137,,34.88,0.712,3.164,2.006,5.885,,True,True,0.993294,1.028758,2.075369,0.0,False,,,,,locked_fired,
20260425_165840,2,2,,1,,235.18568416470748,190.5075775209343,,235.18568416470748,190.5075775209343,235.188,192.938,,33.21,0.651,3.969,2.004,6.629,,True,True,1.34254,1.387167,2.500265,0.0,False,,,,,locked_fired,
20260425_165840,3,3,,1,,252.47241472320422,144.77079365191642,,252.47241472320422,144.77079365191642,251.95,146.188,,48.89,0.837,2.955,2.007,5.802,,True,True,0.844902,0.880103,1.999835,0.0,False,,,,,locked_fired,
20260425_165840,4,4,,1,,160.70391410161332,168.46468794311258,,160.70391410161332,168.46468794311258,160.7,168.462,,94.78,1.022,2.508,2.007,5.541,,True,True,1.864166,1.889962,0.546105,0.0,False,,,,,locked_fired,
20260425_165840,5,5,,1,,134.60264150312125,203.86228490031235,,134.60264150312125,203.86228490031235,133.3,206.6,,43.98,0.711,3.672,2.007,6.395,,True,True,0.811155,0.841547,2.75407,0.0,False,,,,,locked_fired,
20260425_165840,6,6,,1,,118.32169963686849,227.93723106923326,,118.32169963686849,227.93723106923326,113.438,229.75,,29.06,0.587,4.404,2.005,6.999,,True,True,1.029515,1.066729,3.261067,0.0,False,,,,,locked_fired,
20260425_165840,7,7,,1,,164.4147105864106,247.88818278066123,,164.4147105864106,247.88818278066123,164.413,248.525,,50.23,0.838,2.614,2.004,5.462,,True,True,0.909282,0.946232,1.60224,0.0,False,,,,,locked_fired,
20260425_165840,8,8,,1,,215.02032323622805,267.4462196556383,,215.02032323622805,267.4462196556383,213.025,268.312,,54.25,0.838,3.056,2.008,5.907,,True,True,0.681623,0.725484,2.263404,0.0,False,,,,,locked_fired,
20260425_165840,9,9,,1,,153.69992299302967,113.56878863898234,,153.69992299302967,113.56878863898234,153.7,114.95,,165.65,1.389,3.0,2.006,6.4,,True,True,1.003577,1.046639,1.878806,0.0,False,,,,,locked_fired,
20260425_170024,1,1,,1,,235.55050294899985,191.06696994703844,,235.55050294899985,191.06696994703844,235.55,192.712,,36.66,0.715,3.326,2.006,6.05,,True,True,1.120106,1.151976,2.10343,0.0,False,,,,,locked_fired,
20260425_170024,2,2,,1,,251.47711038411495,146.10784815314167,,251.47711038411495,146.10784815314167,251.475,146.562,,47.7,0.776,2.128,2.004,4.911,,True,True,0.903932,0.942984,1.121265,0.0,False,,,,,locked_fired,
20260425_170024,3,3,,1,,160.27019288172232,169.08570259573233,,160.27019288172232,169.08570259573233,160.275,169.087,,94.06,1.021,1.436,2.004,4.465,,True,True,0.806924,0.843524,0.534954,0.0,False,,,,,locked_fired,
20260425_170024,4,4,,1,,120.54493728398086,152.67753069173978,,120.54493728398086,152.67753069173978,120.9,154.438,,42.98,0.774,3.179,2.005,5.964,,True,True,0.853069,0.877317,2.229767,0.0,False,,,,,locked_fired,
20260425_170024,5,5,,1,,151.29814752847773,112.89755818863017,,151.29814752847773,112.89755818863017,151.3,116.312,,50.28,0.776,4.011,2.006,6.8,,True,True,0.833743,0.880662,3.071848,0.0,False,,,,,locked_fired,
20260425_170024,6,6,,1,,133.53565983433708,203.8717806120921,,133.53565983433708,203.8717806120921,133.312,203.925,,92.69,1.021,2.012,2.005,5.044,,True,True,0.929526,0.962852,0.98211,0.0,False,,,,,locked_fired,
20260425_170024,7,7,,1,,166.74834811290484,247.32612461323149,,166.74834811290484,247.32612461323149,,,,54.69,0.775,0.941,,1.72,,False,False,0.879404,0.925169,0.0,0.0,False,,,,,failed_fine_align,
20260425_170024,8,8,,1,,140.05059467624517,289.6903802014996,,140.05059467624517,289.6903802014996,138.587,298.288,,50.07,0.773,5.295,2.006,8.077,,True,True,1.681142,1.704739,3.509465,0.0,False,,,,,locked_fired,
20260425_170024,9,9,,1,,88.09527905549919,237.6855953453177,,88.09527905549919,237.6855953453177,86.188,242.663,,73.51,0.901,4.343,2.005,7.253,,True,True,0.70724,0.750149,3.533151,0.0,False,,,,,locked_fired,
20260425_170024,10,10,,1,,215.48000810313283,267.4312565395962,,215.48000810313283,267.4312565395962,214.663,268.275,,130.81,1.267,2.048,2.005,5.327,,True,True,0.763806,0.808535,1.176126,0.0,False,,,,,locked_fired,
20260425_170335,1,1,,1,,237.19047656113335,191.66892030373413,,237.19047656113335,191.66892030373413,234.525,193.312,,38.11,0.716,4.106,2.006,6.831,,True,True,1.469244,1.509062,2.515987,0.0,False,,,,,locked_fired,
20260425_170335,2,2,,1,,252.48422906245884,146.1295133902785,,252.48422906245884,146.1295133902785,252.488,146.125,,48.04,0.775,1.746,2.006,4.531,,True,True,1.109006,1.133327,0.551313,0.0,False,,,,,locked_fired,
20260425_170335,3,3,,1,,159.42121576272402,168.52730587029825,,159.42121576272402,168.52730587029825,159.425,168.525,,95.72,1.081,1.501,2.01,4.596,,True,True,0.858537,0.917118,0.526914,0.0,False,,,,,locked_fired,
20260425_170335,4,4,,1,,121.98534305134129,152.72009305048906,,121.98534305134129,152.72009305048906,119.975,153.188,,40.64,0.713,3.34,2.023,6.081,,True,True,0.87462,0.930706,2.349342,0.0,False,,,,,locked_fired,
20260425_170335,5,5,,1,,153.30882913021998,114.27080382903584,,153.30882913021998,114.27080382903584,153.312,114.275,,49.59,0.778,1.462,2.004,4.249,,True,True,0.798506,0.851744,0.523797,0.0,False,,,,,locked_fired,
20260425_170335,6,6,,1,,134.61286041800412,204.4685686922893,,134.61286041800412,204.4685686922893,133.725,204.475,,92.12,1.025,2.436,2.005,5.47,,True,True,0.82208,0.85967,1.497858,0.0,False,,,,,locked_fired,
20260425_170335,7,7,,1,,168.29185583375082,246.43911308462125,,168.29185583375082,246.43911308462125,165.087,247.575,,53.81,0.774,3.813,2.005,6.598,,True,True,0.896955,0.940567,2.802242,0.0,False,,,,,locked_fired,
20260425_170335,8,8,,1,,142.42641007407522,288.7705678561724,,142.42641007407522,288.7705678561724,139.488,296.175,,49.61,0.775,4.228,2.006,7.015,,True,True,0.793948,0.834315,3.3342,0.0,False,,,,,locked_fired,
20260425_170335,9,9,,1,,90.52091458147616,236.3810009311959,,90.52091458147616,236.3810009311959,86.412,242.275,,73.75,0.898,4.81,2.005,7.72,,True,True,0.684102,0.720929,4.016963,0.0,False,,,,,locked_fired,
20260425_170335,10,10,,1,,215.4812376116974,268.6756971677421,,215.4812376116974,268.6756971677421,213.65,268.775,,129.07,1.264,2.639,2.006,5.917,,True,True,0.873187,0.909509,1.648249,0.0,False,,,,,locked_fired,
20260425_171659,1,1,,2,,216.02913891996891,131.6890585192904,,216.02913891996891,131.6890585192904,,,,70.17,0.901,,,,,,False,,,,,,,,,,pending,
20260425_171825,1,1,,2,,74.26601132823959,270.55588055576305,,74.26601132823959,270.55588055576305,,,,144.18,1.285,1.882,,3.168,,False,False,1.857507,0.0,0.0,0.0,False,,,,,failed_fine_align,
20260425_171927,1,1,,2,,201.59579043066515,207.2251600707999,,201.59579043066515,207.2251600707999,200.025,210.012,,7.4,0.406,5.67,2.006,8.084,,True,True,2.436167,2.467172,3.145356,0.0,False,,,,,locked_fired,
20260425_171927,2,2,,2,,216.02913891996891,131.6890585192904,,216.02913891996891,131.6890585192904,216.025,132.85,,76.9,0.96,5.701,2.005,8.669,,True,True,3.728415,3.753438,1.882991,0.0,False,,,,,locked_fired,
20260425_171927,3,3,,2,,88.58288699342683,124.16243072332215,,88.58288699342683,124.16243072332215,,,,127.67,1.202,2.037,,3.241,,False,False,2.001319,2.024413,0.0,0.0,False,,,,,failed_fine_align,
20260425_171927,4,4,,2,,85.06232407097727,179.79539220891454,,85.06232407097727,179.79539220891454,,,,55.74,0.836,3.399,,4.237,,False,False,3.356078,3.385363,0.0,0.0,False,,,,,failed_fine_align,
20260425_171927,5,5,,2,,146.3848901626959,268.4975729868967,,146.3848901626959,268.4975729868967,,,,107.84,,,,,,,False,,,,,,,,,,pending,
20260425_172040,1,1,,2,,201.369383160976,206.51731943867296,,201.369383160976,206.51731943867296,198.913,206.512,,6.66,0.406,3.626,2.006,6.04,,True,True,0.980437,1.03476,2.531064,0.0,False,,,,,locked_fired,
20260425_172040,2,2,,2,,214.82682818230882,130.7252665519292,,214.82682818230882,130.7252665519292,214.825,130.725,,76.98,0.963,1.495,2.005,4.467,,True,True,0.823684,0.851198,0.571438,0.0,False,,,,,locked_fired,
20260425_172040,3,3,,2,,133.29170110694474,275.18361276016634,,133.29170110694474,275.18361276016634,,,,165.88,1.389,0.824,,2.216,,False,False,0.781059,0.823603,0.0,0.0,False,,,,,failed_fine_align,
20260425_172255,1,1,,2,,197.8235821229149,176.4343428423052,,197.8235821229149,176.4343428423052,197.825,177.5,,23.67,0.591,2.762,2.005,5.36,,True,True,0.825966,0.867195,1.811964,0.0,False,,,,,locked_fired,
20260425_172255,2,2,,2,,215.76264604530266,132.00749936991153,,215.76264604530266,132.00749936991153,215.762,132.012,,47.91,0.772,1.421,2.008,4.203,,True,True,0.787453,0.821142,0.528689,0.0,False,,,,,locked_fired,
20260425_172255,3,3,,2,,98.16584192628251,178.2025495422291,,98.16584192628251,178.2025495422291,93.975,180.525,,126.34,1.204,3.953,2.005,7.165,,True,True,0.761311,0.791442,3.093205,0.0,False,,,,,locked_fired,
20260425_172255,4,4,,2,,88.25475497865608,136.62517282697326,,88.25475497865608,136.62517282697326,85.475,138.775,,42.74,0.77,2.753,2.006,5.533,,True,True,0.711306,0.749787,1.943258,0.0,False,,,,,locked_fired,
20260425_172255,5,5,,2,,69.61117624919171,281.82877582566147,,69.61117624919171,281.82877582566147,72.2,279.575,,146.4,1.325,2.726,2.008,6.063,,True,True,0.705844,0.750723,1.908778,0.0,False,,,,,locked_fired,
20260425_172255,6,6,,2,,181.6455501062833,264.33954198409526,,181.6455501062833,264.33954198409526,,,,113.39,1.141,0.902,,2.046,,False,False,0.867664,0.901037,0.0,0.0,False,,,,,failed_fine_align,
20260425_172424,1,1,,2,,196.9280405298019,176.31142067937034,,196.9280405298019,176.31142067937034,,,,23.89,0.65,4.807,,,,,False,2.15209,2.175067,2.573975,0.0,False,,,,,pending,
20260425_172502,1,1,,1,,192.88616476056367,226.73703077810606,,192.88616476056367,226.73703077810606,194.05,226.738,,27.67,0.654,4.42,2.006,7.083,,True,True,2.495781,2.52905,1.824059,0.0,False,,,,,locked_fired,
20260425_172502,2,2,,1,,214.13080377260312,273.5203422874275,,214.13080377260312,273.5203422874275,214.125,274.375,,51.38,0.774,3.456,2.021,6.257,,True,True,2.271623,2.310297,1.088124,0.0,False,,,,,locked_fired,
20260425_172502,3,3,,1,,140.48083623289318,290.3078800197931,,140.48083623289318,290.3078800197931,136.55,295.788,,75.54,0.962,7.486,2.014,10.465,,True,True,4.500061,4.534026,2.891932,0.0,False,,,,,locked_fired,
20260425_172502,4,4,,1,,92.11823045402164,236.93420263247748,,92.11823045402164,236.93420263247748,86.325,241.55,,72.03,0.897,8.032,2.008,10.943,,True,True,4.465765,4.501121,3.4671,0.0,False,,,,,locked_fired,
20260425_172502,5,5,,1,,135.80933936852236,203.6605068943708,,135.80933936852236,203.6605068943708,131.212,206.462,,54.92,0.835,5.265,2.004,8.108,,True,True,1.910522,1.957604,3.233284,0.0,False,,,,,locked_fired,
20260425_172502,6,6,,1,,159.43175758787868,169.1417917833146,,159.43175758787868,169.1417917833146,159.25,169.7,,41.83,0.711,3.681,2.004,6.4,,True,True,2.160211,2.191405,1.420894,0.0,False,,,,,locked_fired,
20260425_172502,7,7,,1,,122.8468855922222,153.29771319648404,,122.8468855922222,153.29771319648404,122.85,154.95,,39.87,0.713,4.615,2.004,7.337,,True,True,2.275599,2.29687,2.259948,0.0,False,,,,,locked_fired,
20260425_172502,8,8,,1,,152.69379993912798,114.86375006174097,,152.69379993912798,114.86375006174097,151.475,115.338,,48.66,0.775,3.887,2.007,6.671,,True,True,1.987213,2.01161,1.805308,0.0,False,,,,,locked_fired,
20260425_172502,9,9,,1,,251.26518635563102,146.005240708052,,251.26518635563102,146.005240708052,251.262,146.0,,103.37,1.093,5.096,2.008,8.201,,True,True,4.407186,4.443522,0.587373,0.0,False,,,,,locked_fired,
20260425_172502,10,10,,1,,237.07951673695212,191.65889163334543,,237.07951673695212,191.65889163334543,237.075,191.663,,47.81,0.778,3.731,2.005,6.518,,True,True,3.077799,3.113735,0.546461,0.0,False,,,,,locked_fired,
20260425_172704,1,1,,2,,196.50088721269574,176.05057360825265,,196.50088721269574,176.05057360825265,,,,24.2,0.65,4.678,,,,,False,2.3354,2.367434,2.254342,0.0,False,,,,,pending,
20260425_172752,1,1,,2,,197.97555023450946,176.55675709694702,,197.97555023450946,176.55675709694702,198.512,177.625,,23.53,0.65,4.697,2.042,7.395,,True,True,3.05511,3.078672,1.556088,0.0,False,,,,,locked_fired,
20260425_172752,2,2,,2,,216.79852126807606,132.60822193968414,,216.79852126807606,132.60822193968414,216.8,132.613,,47.81,0.776,2.906,2.005,5.69,,True,True,2.319716,2.345419,0.485403,0.0,False,,,,,locked_fired,
20260425_172752,3,3,,2,,99.87524307176884,177.7847544842268,,99.87524307176884,177.7847544842268,94.55,180.863,,125.35,1.203,5.568,2.004,8.778,,True,True,2.08686,2.109536,3.399734,0.0,False,,,,,locked_fired,
20260425_172752,4,4,,2,,88.99456372791035,137.13589197792194,,88.99456372791035,137.13589197792194,85.512,138.725,,42.08,0.768,3.851,2.005,6.626,,True,True,0.982135,1.004464,2.783243,0.0,False,,,,,locked_fired,
20260425_172752,5,5,,2,,184.42092205343425,263.7890882930092,,184.42092205343425,263.7890882930092,173.4,274.35,,158.58,1.326,6.328,2.004,9.661,,True,True,1.324804,1.357655,4.915079,0.0,False,,,,,locked_fired,
20260425_172913,1,1,,2,,196.9280405298019,176.31142067937034,,196.9280405298019,176.31142067937034,198.163,177.363,,23.89,0.654,4.564,2.004,7.227,,True,True,2.67398,2.69652,1.804916,0.0,False,,,,,locked_fired,
20260425_172913,2,2,,2,,214.82682818230882,130.7252665519292,,214.82682818230882,130.7252665519292,214.825,132.212,,48.97,0.774,3.479,2.005,6.26,,True,True,1.454447,1.478532,1.934926,0.0,False,,,,,locked_fired,
20260425_172913,3,3,,2,,157.280085350291,230.1240526139028,,157.280085350291,230.1240526139028,,,,114.86,1.081,1.278,,2.361,,False,False,1.237783,1.264449,0.0,0.0,False,,,,,failed_fine_align,
20260425_172913,4,4,,2,,183.5207956405692,263.2637056602508,,183.5207956405692,263.2637056602508,,,,42.27,0.714,0.899,,1.616,,False,False,0.85177,0.886588,0.0,0.0,False,,,,,failed_fine_align,
20260425_172913,5,5,,2,,100.29924991185344,177.78121324650002,,100.29924991185344,177.78121324650002,93.775,180.55,,119.3,1.081,4.47,2.005,7.559,,True,True,0.739643,0.764679,3.619904,0.0,False,,,,,locked_fired,
20260425_172913,6,6,,2,,86.43888491710838,136.3605756741425,,86.43888491710838,136.3605756741425,85.213,138.688,,43.68,0.772,6.789,2.005,9.569,,True,True,4.270492,4.295139,2.413984,0.0,False,,,,,locked_fired,
20260425_173034,1,1,,2,,197.52731618619958,175.96683566302065,,197.52731618619958,175.96683566302065,197.525,177.65,,24.16,0.65,4.239,2.005,6.896,,True,True,2.034187,2.065123,2.100499,0.0,False,,,,,locked_fired,
20260425_173034,2,2,,2,,215.5850544750472,131.07646412914718,,215.5850544750472,131.07646412914718,215.587,132.188,,48.39,0.774,2.556,2.005,5.338,,True,True,0.659566,0.712231,1.787071,0.0,False,,,,,locked_fired,
20260425_173034,3,3,,2,,159.57937060470044,227.77564080291532,,159.57937060470044,227.77564080291532,,,,111.75,1.084,0.822,,1.908,,False,False,0.772922,0.80873,0.0,0.0,False,,,,,failed_fine_align,
20260425_173034,4,4,,2,,180.84921568489068,265.42056840990375,,180.84921568489068,265.42056840990375,176.488,277.062,,43.24,0.715,4.773,2.007,7.497,,True,True,0.83895,0.888051,3.805214,0.0,False,,,,,locked_fired,
20260425_173034,5,5,,2,,98.16584192628251,178.2025495422291,,98.16584192628251,178.2025495422291,93.925,179.775,,120.18,1.14,3.945,2.006,7.094,,True,True,0.803614,0.84575,3.015948,0.0,False,,,,,locked_fired,
20260425_173034,6,6,,2,,85.79590946102262,136.34432362506362,,85.79590946102262,136.34432362506362,85.45,139.025,,43.65,0.77,2.86,2.007,5.639,,True,True,0.795908,0.838778,1.950853,0.0,False,,,,,locked_fired,
20260425_173156,1,1,,2,,197.97555023450946,176.55675709694702,,197.97555023450946,176.55675709694702,197.413,176.85,,23.53,0.59,2.089,2.004,4.688,,True,True,0.673897,0.732942,1.288033,0.0,False,,,,,locked_fired,
20260425_173156,2,2,,2,,216.02913891996891,131.6890585192904,,216.02913891996891,131.6890585192904,216.025,131.688,,48.36,0.773,1.428,2.006,4.21,,True,True,0.62222,0.749655,0.622207,0.0,False,,,,,locked_fired,
20260425_173156,3,3,,2,,163.92406333627858,225.5955741944319,,163.92406333627858,225.5955741944319,155.062,231.8,,107.39,1.084,4.637,2.006,7.731,,True,True,0.492086,0.573301,4.013329,0.0,False,,,,,locked_fired,
20260425_173156,4,4,,2,,181.4046759940084,265.41012152749283,,181.4046759940084,265.41012152749283,176.438,275.462,,43.48,0.714,4.342,2.007,7.066,,True,True,0.50367,0.590535,3.68541,0.0,False,,,,,locked_fired,
20260425_173156,5,5,,2,,97.69515018764595,178.20025046120296,,97.69515018764595,178.20025046120296,93.562,181.875,,120.88,1.145,4.12,2.008,7.276,,True,True,0.461513,0.539029,3.50516,0.0,False,,,,,locked_fired,
20260425_173156,6,6,,2,,85.79590946102262,136.34432362506362,,85.79590946102262,136.34432362506362,85.588,137.0,,43.51,0.77,2.118,2.005,4.899,,True,True,0.481148,0.566566,1.483275,0.0,False,,,,,locked_fired,
20260425_173500,1,1,,1,,193.4635273225259,225.0279041391407,,193.4635273225259,225.0279041391407,193.462,226.175,,25.87,0.659,4.777,2.004,7.446,,True,True,2.917434,2.94679,1.760486,0.0,False,,,,,locked_fired,
20260425_173500,2,2,,1,,215.3311843291332,270.4857778376912,,215.3311843291332,270.4857778376912,215.062,270.487,,50.44,0.774,3.01,2.005,5.794,,True,True,2.213999,2.23821,0.714128,0.0,False,,,,,locked_fired,
20260425_173500,3,3,,1,,138.92988198026467,291.2596650996108,,138.92988198026467,291.2596650996108,138.25,295.337,,79.18,0.96,3.578,2.008,6.551,,True,True,0.9348,0.977952,2.533452,0.0,False,,,,,locked_fired,
20260425_173500,4,4,,1,,90.07624221097761,235.69552467798232,,90.07624221097761,235.69552467798232,86.375,242.45,,73.99,0.898,5.076,2.034,8.012,,True,True,0.851561,0.888046,4.122127,0.0,False,,,,,locked_fired,
20260425_173500,5,5,,1,,132.0657221410105,203.46479780744878,,132.0657221410105,203.46479780744878,130.387,208.325,,52.93,0.776,4.42,2.005,7.206,,True,True,0.681899,0.726776,3.610013,0.0,False,,,,,locked_fired,
20260425_173500,6,6,,1,,157.5171366054681,167.48653925719157,,157.5171366054681,167.48653925719157,157.512,169.913,,44.07,0.772,3.612,2.004,6.395,,True,True,0.949719,0.979998,2.558146,0.0,False,,,,,locked_fired,
20260425_173500,7,7,,1,,122.62478219938379,152.1217456509739,,122.62478219938379,152.1217456509739,122.575,155.925,,38.13,0.712,4.149,2.006,6.87,,True,True,0.750057,0.779577,3.310453,0.0,False,,,,,locked_fired,
20260425_173500,8,8,,1,,151.9342560618385,112.91934996726648,,151.9342560618385,112.91934996726648,152.163,112.925,,48.95,0.776,1.746,2.006,4.532,,True,True,0.757443,0.794884,0.874114,0.0,False,,,,,locked_fired,
20260425_173500,9,9,,1,,251.43239448315543,144.77836683269308,,251.43239448315543,144.77836683269308,251.438,144.775,,104.47,1.084,1.48,2.005,4.573,,True,True,0.800424,0.834735,0.564989,0.0,False,,,,,locked_fired,
20260425_173500,10,10,,1,,235.17702439069672,191.06729913944957,,235.17702439069672,191.06729913944957,235.413,191.887,,49.06,0.776,3.179,2.006,5.965,,True,True,1.573953,1.59764,1.499032,0.0,False,,,,,locked_fired,
20260425_180942,1,1,,1,,194.26538859215623,226.14030605625567,,194.26538859215623,226.14030605625567,194.262,226.137,,26.76,0.65,1.581,2.006,4.242,,True,True,0.937911,0.985951,0.536045,0.0,False,,,,,locked_fired,
20260425_180942,2,2,,1,,215.5723355778929,271.0569653525483,,215.5723355778929,271.0569653525483,215.45,271.925,,49.71,0.772,2.521,2.004,5.3,,True,True,0.818886,0.855096,1.601866,0.0,False,,,,,locked_fired,
20260425_180942,3,3,,1,,138.16229882423565,292.19582313962593,,138.16229882423565,292.19582313962593,137.962,295.05,,80.24,0.957,3.088,2.005,6.054,,True,True,0.838183,0.87766,2.149064,0.0,False,,,,,locked_fired,
20260425_180942,4,4,,1,,90.64825041302063,237.02704075810263,,90.64825041302063,237.02704075810263,87.988,243.637,,72.81,0.898,4.919,2.004,7.826,,True,True,0.812544,0.846895,4.002001,0.0,False,,,,,locked_fired,
20260425_180942,5,5,,1,,130.82988591774821,203.67826622028463,,130.82988591774821,203.67826622028463,130.613,207.9,,52.22,0.773,4.678,2.004,7.458,,True,True,1.162729,1.192215,3.413459,0.0,False,,,,,locked_fired,
20260425_180942,6,6,,1,,159.2592604738915,168.0356600236754,,159.2592604738915,168.0356600236754,158.637,169.15,,45.59,0.773,2.685,2.004,5.466,,True,True,0.801024,0.834364,1.779982,0.0,False,,,,,locked_fired,
20260425_180942,7,7,,1,,122.0876657025293,153.376360899951,,122.0876657025293,153.376360899951,122.05,155.475,,39.96,0.713,3.346,2.008,6.07,,True,True,0.803884,0.842475,2.436063,0.0,False,,,,,locked_fired,
20260425_180942,8,8,,1,,154.35502412489666,115.43229551648814,,154.35502412489666,115.43229551648814,151.488,115.438,,49.81,0.772,3.483,2.006,6.263,,True,True,0.719013,0.749438,2.662208,0.0,False,,,,,locked_fired,
20260425_180942,9,9,,1,,252.0921420293614,142.90337621080957,,252.0921420293614,142.90337621080957,252.087,144.775,,101.52,1.081,3.444,2.004,6.533,,True,True,1.139542,1.166205,2.212249,0.0,False,,,,,locked_fired,
20260425_180942,10,10,,1,,235.03476761752208,191.68853607454753,,235.03476761752208,191.68853607454753,235.9,192.85,,51.68,0.771,2.685,2.004,5.464,,True,True,0.855618,0.883792,1.737151,0.0,False,,,,,locked_fired,
20260425_192955,1,1,,2,,197.99761337753418,177.77894561868726,,197.99761337753418,177.77894561868726,198.85,178.0,,22.31,0.588,2.674,2.004,5.27,,True,True,0.930969,0.979548,1.636642,0.0,False,,,,,locked_fired,
20260425_192955,2,2,,2,,214.86166419015592,132.5473950495079,,214.86166419015592,132.5473950495079,214.863,132.775,,48.27,0.771,2.121,2.005,4.9,,True,True,0.854546,0.883647,1.162574,0.0,False,,,,,locked_fired,
20260425_192955,3,3,,2,,164.0379671652045,227.2160827098059,,164.0379671652045,227.2160827098059,,,,107.45,1.084,0.873,,1.961,,False,False,0.831065,0.860082,0.0,0.0,False,,,,,failed_fine_align,
20260425_192955,4,4,,2,,180.61396898777343,267.61441680515236,,180.61396898777343,267.61441680515236,175.062,275.55,,43.67,0.773,4.109,2.007,6.892,,True,True,0.695695,0.730891,3.317647,0.0,False,,,,,locked_fired,
20260425_192955,5,5,,2,,98.11187274650686,179.12186343690374,,98.11187274650686,179.12186343690374,94.238,181.812,,120.99,1.146,3.966,2.004,7.12,,True,True,0.824882,0.853792,3.048091,0.0,False,,,,,locked_fired,
20260425_192955,6,6,,2,,91.3344134331171,138.86866618737056,,91.3344134331171,138.86866618737056,85.35,138.925,,40.82,0.769,4.59,2.004,7.366,,True,True,1.14198,1.175341,3.355584,0.0,False,,,,,locked_fired,
20260425_194652,1,1,,2,,196.70481515482288,176.71074083489128,,196.70481515482288,176.71074083489128,197.988,178.087,,23.52,0.593,2.722,2.004,5.322,,True,True,0.752019,0.787392,1.841201,0.0,False,,,,,locked_fired,
20260425_194652,2,2,,2,,213.65119325260568,131.61859809147754,,213.65119325260568,131.61859809147754,215.288,132.887,,48.17,0.772,2.992,2.007,5.774,,True,True,0.83104,0.854783,2.074247,0.0,False,,,,,locked_fired,
20260425_194652,3,3,,2,,90.93479620553974,138.29359315021853,,90.93479620553974,138.29359315021853,86.262,138.3,,122.9,1.205,4.286,2.005,7.498,,True,True,0.896356,0.935579,3.283878,0.0,False,,,,,locked_fired,
20260425_194652,4,4,,2,,99.84033502508574,178.70304739849723,,99.84033502508574,178.70304739849723,93.287,181.2,,41.38,0.773,4.687,2.005,7.467,,True,True,0.866137,0.895946,3.722071,0.0,False,,,,,locked_fired,
20260425_194652,5,5,,2,,177.58302756077867,269.42567582026203,,177.58302756077867,269.42567582026203,174.125,275.95,,119.48,1.081,3.989,2.007,7.08,,True,True,0.755308,0.788559,3.10225,0.0,False,,,,,locked_fired,
20260425_201437,1,1,,2,,197.09383660375593,179.19753070852977,,197.09383660375593,179.19753070852977,199.025,179.2,,21.0,0.59,3.366,2.006,5.967,,True,True,0.943731,0.981247,2.315201,0.0,False,,,,,locked_fired,
20260425_201437,2,2,,2,,213.97621776211957,131.84794467684603,,213.97621776211957,131.84794467684603,214.65,131.85,,50.27,0.775,2.306,2.005,5.09,,True,True,0.766295,0.823791,1.416571,0.0,False,,,,,locked_fired,
20260425_201437,3,3,,2,,96.29028677059996,179.58618110108387,,96.29028677059996,179.58618110108387,95.375,180.775,,127.0,1.205,2.761,2.005,5.973,,True,True,0.886081,0.918858,1.766994,0.0,False,,,,,locked_fired,
20260425_201437,4,4,,2,,87.03135767917934,138.49345977976805,,87.03135767917934,138.49345977976805,86.463,139.725,,42.12,0.766,5.104,2.005,7.88,,True,True,1.205235,1.235867,3.800453,0.0,False,,,,,locked_fired,
20260425_201437,5,5,,2,,176.0162691975838,270.6783098158505,,176.0162691975838,270.6783098158505,175.075,276.6,,159.35,1.324,4.334,2.005,7.667,,True,True,1.189129,1.223772,3.032814,0.0,False,,,,,locked_fired,
20260425_204502,1,1,,2,,199.0241100846504,178.82331248133286,,199.0241100846504,178.82331248133286,197.075,178.825,,21.2,0.591,3.4,2.007,6.001,,True,True,0.96524,1.021526,2.297198,0.0,False,,,,,locked_fired,
20260425_204502,2,2,,2,,213.8009953468959,133.11122816687177,,213.8009953468959,133.11122816687177,215.163,133.113,,48.04,0.773,2.823,2.005,5.604,,True,True,0.687859,0.729512,2.02754,0.0,False,,,,,locked_fired,
20260425_204502,3,3,,2,,89.20302781272895,139.30121192598534,,89.20302781272895,139.30121192598534,86.975,139.3,,124.75,1.205,3.179,2.006,6.393,,True,True,0.749322,0.78942,2.314278,0.0,False,,,,,locked_fired,
20260425_204502,4,4,,1,,72.79220328072496,242.70003065733158,,72.79220328072496,242.70003065733158,85.3,241.962,,104.69,1.077,5.227,2.007,8.315,,True,True,0.690051,0.732617,4.430939,0.0,False,,,,,locked_fired,
20260425_205057,1,1,,2,,195.11148368662057,177.19627421939848,,195.11148368662057,177.19627421939848,195.775,177.2,,23.32,0.59,2.523,2.005,5.12,,True,True,0.9894,1.023354,1.404868,0.0,False,,,,,locked_fired,
20260425_205057,2,2,,2,,213.17051678593182,133.1177812621694,,213.17051678593182,133.1177812621694,215.1,133.113,,47.63,0.774,3.849,2.007,6.633,,True,True,0.797044,0.825047,2.958323,0.0,False,,,,,locked_fired,
20260425_205727,1,1,,2,,196.15742188957057,177.17351293514963,,196.15742188957057,177.17351293514963,,,,23.15,0.591,2.068,,2.66,,False,False,2.020189,2.056005,0.0,0.0,False,,,,,failed_fine_align,
20260425_205727,2,2,,2,,213.35715665213917,132.4828282027,,213.35715665213917,132.4828282027,216.488,132.488,,47.89,0.773,5.555,2.007,8.337,,True,True,2.497163,2.516891,2.971159,0.0,False,,,,,locked_fired,
20260425_205727,3,3,,2,,151.16843638849883,230.1442888444976,,151.16843638849883,230.1442888444976,153.475,231.012,,115.78,1.083,4.665,2.005,7.756,,True,True,1.954865,1.979278,2.624167,0.0,False,,,,,locked_fired,
20260425_205727,4,4,,2,,89.45587313363568,138.73772617623328,,89.45587313363568,138.73772617623328,86.55,138.788,,110.29,1.084,6.775,2.006,9.867,,True,True,4.008044,4.038214,2.678485,0.0,False,,,,,locked_fired,
20260425_205827,1,1,,2,,195.54777285684472,177.17522429856504,,195.54777285684472,177.17522429856504,195.55,177.238,,23.25,0.591,2.24,2.006,4.839,,True,True,1.537284,1.57379,0.602252,0.0,False,,,,,locked_fired,
20260425_205827,2,2,,2,,213.35715665213917,132.4828282027,,213.35715665213917,132.4828282027,215.325,132.488,,48.11,0.775,3.354,2.008,6.141,,True,True,0.785014,0.826778,2.453634,0.0,False,,,,,locked_fired,
20260425_205827,3,3,,2,,154.111798580944,229.534425053933,,154.111798580944,229.534425053933,,,,113.71,1.082,0.813,,1.897,,False,False,0.787839,0.0,0.0,0.0,False,,,,,failed_fine_align,
20260425_205827,4,4,,2,,87.29427810475991,137.9253545760898,,87.29427810475991,137.9253545760898,85.688,137.925,,113.39,1.084,6.639,2.007,9.734,,True,True,4.476668,4.515464,2.066102,0.0,False,,,,,locked_fired,
20260425_210327,1,1,,2,,196.15742188957057,177.17351293514963,,196.15742188957057,177.17351293514963,196.163,177.337,,23.15,0.591,2.547,2.007,5.148,,True,True,1.244166,1.765061,0.721239,0.0,False,,,,,locked_fired,
20260425_210327,2,2,,2,,213.35715665213917,132.4828282027,,213.35715665213917,132.4828282027,216.038,132.488,,47.89,0.774,4.547,2.004,7.328,,True,True,1.147656,1.734734,2.740208,0.0,False,,,,,locked_fired,
20260425_210327,3,3,,2,,154.55738142915095,229.50857946593007,,154.55738142915095,229.50857946593007,153.363,231.038,,113.45,1.085,3.975,2.005,7.069,,True,True,1.134301,1.681468,2.230975,0.0,False,,,,,locked_fired,
20260425_210327,4,4,,2,,87.29427810475991,137.9253545760898,,87.29427810475991,137.9253545760898,85.637,138.2,,113.63,1.078,3.978,2.004,7.063,,True,True,1.144475,1.713033,2.185998,0.0,False,,,,,locked_fired,
20260425_210715,1,1,,2,,196.624434509161,177.39800695140795,,196.624434509161,177.39800695140795,196.625,177.4,,22.85,0.592,1.767,2.006,4.368,,True,True,0.602332,1.13974,0.554207,0.0,False,,,,,locked_fired,
20260425_210715,2,2,,2,,213.67168453514537,132.11179501988622,,213.67168453514537,132.11179501988622,215.875,132.113,,48.39,0.773,3.883,2.005,6.665,,True,True,0.580155,1.181183,2.626989,0.0,False,,,,,locked_fired,
20260425_210715,3,3,,2,,154.55738142915095,229.50857946593007,,154.55738142915095,229.50857946593007,,,,113.93,1.085,1.115,,2.204,,False,False,0.559296,1.101374,0.0,0.0,False,,,,,failed_fine_align,
20260425_210715,4,4,,2,,90.51384830339632,139.3379644294433,,90.51384830339632,139.3379644294433,85.838,139.337,,110.6,1.082,5.034,2.009,8.128,,True,True,0.568716,1.10717,3.851674,0.0,False,,,,,locked_fired,
20260425_220028,1,1,,1,,214.45341516221922,267.3647629932892,,214.45341516221922,267.3647629932892,,,,68.9,0.899,1.12,,2.02,,False,False,0.587398,0.0,0.0,0.0,False,,,,,failed_fine_align,
20260425_220028,2,2,,1,,91.79513704713071,237.13688802841176,,91.79513704713071,237.13688802841176,85.95,242.113,,126.33,1.207,4.827,2.004,8.041,,True,True,0.564881,1.108302,3.64214,0.0,False,,,,,locked_fired,
20260425_220308,1,1,,1,,213.0835275097497,269.9125304639272,,213.0835275097497,269.9125304639272,214.1,270.638,,71.13,0.962,3.125,2.005,6.094,,True,True,0.601845,1.164574,1.897913,0.0,False,,,,,locked_fired,
20260425_220308,2,2,,1,,138.17717893454153,290.75377930996507,,138.17717893454153,290.75377930996507,137.625,295.413,,77.75,0.96,5.095,2.005,8.063,,True,True,0.580664,1.127437,3.895529,0.0,False,,,,,locked_fired,
20260425_220308,3,3,,1,,90.68486892698016,237.1715110076378,,90.68486892698016,237.1715110076378,86.438,241.725,,71.6,0.895,4.632,2.005,7.535,,True,True,0.571046,1.113077,3.438506,0.0,False,,,,,locked_fired,
20260425_220627,1,1,,1,,231.7739397577459,192.34240406124002,,231.7739397577459,192.34240406124002,235.538,192.9,,32.68,0.712,5.667,2.005,8.387,,True,True,1.179738,2.684139,2.918639,0.0,False,,,,,locked_fired,
20260425_220627,2,2,,1,,213.92941526937224,269.77380029037084,,213.92941526937224,269.77380029037084,,,,79.46,0.958,2.606,,3.567,,False,False,1.071015,0.0,0.0,0.0,False,,,,,failed_fine_align,
20260425_220627,3,3,,1,,138.68399884681847,289.9709634579435,,138.68399884681847,289.9709634579435,137.087,296.062,,77.91,0.961,6.791,2.004,9.759,,True,True,1.125374,2.626252,4.077145,0.0,False,,,,,locked_fired,
20260425_220627,4,4,,1,,95.90760519501796,235.71825992353763,,95.90760519501796,235.71825992353763,85.537,242.225,,69.09,0.897,7.092,2.006,9.999,,True,True,1.135323,2.672572,4.345975,0.0,False,,,,,locked_fired,
20260425_220627,5,5,,1,,129.2310142087544,203.12753818597926,,129.2310142087544,203.12753818597926,,,,46.61,0.774,2.651,,3.427,,False,False,1.120691,0.0,0.0,0.0,False,,,,,failed_fine_align,
20260425_221304,1,1,,1,,232.4229096080359,192.91003622026307,,232.4229096080359,192.91003622026307,235.762,192.962,,33.19,0.714,5.388,2.007,8.111,,True,True,1.145034,2.651622,2.665078,0.0,False,,,,,locked_fired,
20260425_221304,2,2,,1,,213.65978819513384,268.591761997516,,213.65978819513384,268.591761997516,,,,77.97,0.963,2.691,,3.656,,False,False,1.14741,0.0,0.0,0.0,False,,,,,failed_fine_align,
20260425_221304,3,3,,1,,141.77053974548429,287.77762952766847,,141.77053974548429,287.77762952766847,,,,74.41,0.957,7.514,,,,,False,1.179682,2.735156,4.708521,0.0,False,,,,,pending,
20260425_221404,1,1,,1,,232.2324906723412,192.9456900891078,,232.2324906723412,192.9456900891078,236.113,193.512,,33.0,0.712,5.847,2.005,8.566,,True,True,1.214306,2.708983,3.071313,0.0,False,,,,,locked_fired,
20260425_221404,2,2,,1,,214.2951322426905,268.59721111621053,,214.2951322426905,268.59721111621053,,,,77.75,0.957,2.651,,3.61,,False,False,1.103003,0.0,0.0,0.0,False,,,,,failed_fine_align,
20260425_221404,3,3,,1,,128.83031773676694,203.16364245044977,,128.83031773676694,203.16364245044977,,,,107.64,1.023,2.686,,3.711,,False,False,1.153289,0.0,0.0,0.0,False,,,,,failed_fine_align,
20260425_221404,4,4,,1,,95.90760519501796,235.71825992353763,,95.90760519501796,235.71825992353763,86.188,241.913,,46.3,0.71,7.092,2.006,9.812,,True,True,1.143073,2.677083,4.349178,0.0,False,,,,,locked_fired,
20260425_221743,1,1,,2,,194.63376152093446,177.319474183547,,194.63376152093446,177.319474183547,196.812,177.613,,23.31,0.591,5.284,2.007,7.885,,True,True,1.171095,2.713948,2.499026,0.0,False,,,,,locked_fired,
20260425_221743,2,2,,2,,212.50469875047574,132.3857249013151,,212.50469875047574,132.3857249013151,216.175,132.387,,48.36,0.775,6.283,2.005,9.065,,True,True,1.161379,2.699292,3.513091,0.0,False,,,,,locked_fired,
20260425_221743,3,3,,1,,134.32437117818628,202.58012103319126,,134.32437117818628,202.58012103319126,,,,105.07,1.019,2.69,,3.711,,False,False,1.141082,0.0,0.0,0.0,False,,,,,failed_fine_align,
20260425_221743,4,4,,2,,152.93944186488181,230.73960100740786,,152.93944186488181,230.73960100740786,152.938,232.262,,33.76,0.653,5.359,2.006,8.022,,True,True,1.108465,2.64997,2.646184,0.0,False,,,,,locked_fired,
20260425_221743,5,5,,2,,173.59743867390318,272.7018133434992,,173.59743867390318,272.7018133434992,175.925,275.513,,46.77,0.775,5.485,2.005,8.269,,True,True,1.126429,2.661379,2.744204,0.0,False,,,,,locked_fired,
20260425_221743,6,6,,1,,214.2951322426905,268.59721111621053,,214.2951322426905,268.59721111621053,214.6,271.237,,40.9,0.713,5.475,2.004,8.196,,True,True,1.124,2.721327,2.693114,0.0,False,,,,,locked_fired,
20260425_221743,7,7,,1,,136.27733595997017,292.49205462241997,,136.27733595997017,292.49205462241997,136.275,296.087,,81.59,0.96,5.834,2.004,8.803,,True,True,1.130792,2.680962,3.091619,0.0,False,,,,,locked_fired,
20260425_221743,8,8,,1,,95.90760519501796,235.71825992353763,,95.90760519501796,235.71825992353763,85.688,242.125,,69.66,0.899,7.496,2.005,10.405,,True,True,1.132752,2.741135,4.698232,0.0,False,,,,,locked_fired,
20260425_221743,9,9,,2,,89.69587059232819,139.8188243035339,,89.69587059232819,139.8188243035339,86.05,139.825,,96.1,1.082,5.77,2.005,8.862,,True,True,1.136646,2.691066,3.014059,0.0,False,,,,,locked_fired,
20260425_222453,1,1,,2,,194.63376152093446,177.319474183547,,194.63376152093446,177.319474183547,,,,23.31,0.591,2.684,,3.279,,False,False,1.179341,2.683041,0.0,0.0,False,,,,,failed_fine_align,
20260425_222453,2,2,,1,,232.66045041028283,192.92736927206715,,232.66045041028283,192.92736927206715,,,,41.11,0.713,2.657,,3.373,,False,False,1.155327,2.656338,0.0,0.0,False,,,,,failed_fine_align,
20260425_222453,3,3,,1,,249.33255206624963,145.60041275788535,,249.33255206624963,145.60041275788535,,,,50.18,0.772,2.677,,3.451,,False,False,1.142796,2.676105,0.0,0.0,False,,,,,failed_fine_align,
20260425_222453,4,4,,2,,212.93588484677608,132.3776547366165,,212.93588484677608,132.3776547366165,,,,38.72,0.713,2.725,,3.441,,False,False,1.170638,2.72365,0.0,0.0,False,,,,,failed_fine_align,
20260425_222453,5,5,,1,,129.66642312863084,203.09060317195082,,129.66642312863084,203.09060317195082,,,,109.24,1.019,2.662,,3.683,,False,False,1.133552,0.0,0.0,0.0,False,,,,,failed_fine_align,
20260425_222453,6,6,,2,,153.61697319650872,229.50410331892914,,153.61697319650872,229.50410331892914,,,,35.66,0.652,2.709,,3.363,,False,False,1.16063,2.707629,0.0,0.0,False,,,,,failed_fine_align,
20260425_222453,7,7,,2,,174.02812097793685,272.6825454373595,,174.02812097793685,272.6825454373595,,,,47.76,0.773,2.684,,3.46,,False,False,1.145116,2.68197,0.0,0.0,False,,,,,failed_fine_align,
20260425_222453,8,8,,1,,213.49823800420828,269.2122267935965,,213.49823800420828,269.2122267935965,,,,39.62,0.774,2.694,,3.471,,False,False,1.114697,2.692939,0.0,0.0,False,,,,,failed_fine_align,
20260425_222453,9,9,,1,,137.2797796965838,291.57143909722765,,137.2797796965838,291.57143909722765,,,,79.43,0.957,2.711,,3.67,,False,False,1.152634,2.709705,0.0,0.0,False,,,,,failed_fine_align,
20260425_222453,10,10,,1,,98.54044933335643,235.0186707869567,,98.54044933335643,235.0186707869567,,,,68.55,0.834,2.661,,3.498,,False,False,1.124477,2.659999,0.0,0.0,False,,,,,failed_fine_align,
20260425_222453,11,11,,2,,87.11603547832804,138.4080477627348,,87.11603547832804,138.4080477627348,,,,97.28,1.077,2.652,,3.731,,False,False,1.112923,2.648675,0.0,0.0,False,,,,,failed_fine_align,
20260425_222929,1,1,,2,,194.63376152093446,177.319474183547,,194.63376152093446,177.319474183547,,,,23.31,0.59,2.856,,3.448,,False,False,1.298219,2.85489,0.0,0.0,False,,,,,failed_fine_align,
20260425_222929,2,2,,2,,212.05170407519222,131.780490741684,,212.05170407519222,131.780490741684,,,,48.76,0.772,2.725,,3.5,,False,False,1.173905,2.724537,0.0,0.0,False,,,,,failed_fine_align,
20260425_222929,3,3,,1,,248.5571182957759,145.4674978773643,,248.5571182957759,145.4674978773643,,,,38.99,0.712,2.654,,3.367,,False,False,1.139591,0.0,0.0,0.0,False,,,,,failed_fine_align,
20260425_222929,4,4,,2,,152.48362372196107,230.12625186136714,,152.48362372196107,230.12625186136714,,,,128.05,1.144,2.711,,3.858,,False,False,1.193063,2.710328,0.0,0.0,False,,,,,failed_fine_align,
20260425_222929,5,5,,2,,174.02812097793685,272.6825454373595,,174.02812097793685,272.6825454373595,,,,47.7,0.774,2.748,,3.525,,False,False,1.185048,2.746966,0.0,0.0,False,,,,,failed_fine_align,
20260425_222929,6,6,,1,,213.49823800420828,269.2122267935965,,213.49823800420828,269.2122267935965,,,,39.62,0.775,2.627,,3.403,,False,False,1.127749,2.625759,0.0,0.0,False,,,,,failed_fine_align,
20260425_222929,7,7,,1,,138.40579993589242,291.13301102377847,,138.40579993589242,291.13301102377847,,,,78.23,0.958,,,,,,False,,,,,,,,,,pending,
20260425_223319,1,1,,1,,232.54056170065286,193.53735996151792,,232.54056170065286,193.53735996151792,236.012,193.538,,33.18,0.714,5.634,2.004,8.354,,True,True,1.191327,2.744336,2.831584,0.0,False,,,,,locked_fired,
20260425_223319,2,2,,1,,214.15699417848123,269.86514810992315,,214.15699417848123,269.86514810992315,214.8,273.538,,78.51,0.963,6.038,2.005,9.009,,True,True,1.099544,2.63813,3.341093,0.0,False,,,,,locked_fired,
20260425_223319,3,3,,1,,96.08953840755771,235.10912248012178,,96.08953840755771,235.10912248012178,,,,123.08,1.206,2.696,,3.904,,False,False,1.128713,2.694887,0.0,0.0,False,,,,,failed_fine_align,
20260425_223549,1,1,,2,,194.63376152093446,177.319474183547,,194.63376152093446,177.319474183547,196.675,177.637,,23.31,0.589,5.456,2.005,8.053,,True,True,1.15973,2.673215,2.723113,0.0,False,,,,,locked_fired,
20260425_223549,2,2,,1,,231.75197200717488,192.95527471655615,,231.75197200717488,192.95527471655615,235.55,193.113,,40.28,0.713,5.762,2.006,8.485,,True,True,1.12904,2.724942,2.96801,0.0,False,,,,,locked_fired,
20260425_223549,3,3,,2,,212.50469875047574,132.3857249013151,,212.50469875047574,132.3857249013151,,,,63.55,0.898,,,,,,False,,,,,,,,,,pending,
20260425_223751,1,1,,2,,194.63376152093446,177.319474183547,,194.63376152093446,177.319474183547,196.663,177.675,,23.31,0.589,5.364,2.006,7.961,,True,True,1.204433,2.749645,2.542131,0.0,False,,,,,locked_fired,
20260425_223751,2,2,,1,,233.21750268755875,192.27428486796993,,233.21750268755875,192.27428486796993,,,,41.38,0.712,5.419,,,,,False,1.16094,2.69451,2.643498,0.0,False,,,,,pending,
20260425_224002,1,1,,2,,194.1862275330337,177.06613227519793,,194.1862275330337,177.06613227519793,196.9,177.312,,23.66,0.587,5.79,2.004,8.383,,True,True,1.203047,2.707599,3.025403,0.0,False,,,,,locked_fired,
20260425_224002,2,2,,2,,212.50469875047574,132.3857249013151,,212.50469875047574,132.3857249013151,216.238,132.387,,48.29,0.774,5.886,2.007,8.669,,True,True,1.229755,2.763659,3.044086,0.0,False,,,,,locked_fired,
20260425_224002,3,3,,1,,248.53415188016012,141.0386202507061,,248.53415188016012,141.0386202507061,,,,37.05,,,,,,,False,,,,,,,,,,pending,
20260425_224200,1,1,,2,,194.83804253473104,177.7055891745261,,194.83804253473104,177.7055891745261,197.625,177.7,,22.88,0.592,5.701,2.004,8.3,,True,True,1.288068,2.832284,2.79827,0.0,False,,,,,locked_fired,
20260425_224200,2,2,,1,,233.95516300409506,192.90607127820007,,233.95516300409506,192.90607127820007,236.863,192.9,,41.97,0.713,5.609,2.007,8.334,,True,True,1.224169,2.813833,2.723554,0.0,False,,,,,locked_fired,
20260425_224200,3,3,,2,,213.15731367364623,132.37787690869928,,213.15731367364623,132.37787690869928,,,,64.0,0.899,,,,,,False,,,,,,,,,,pending,
20260425_224310,1,1,,2,,195.27449321892345,177.68130239776954,,195.27449321892345,177.68130239776954,197.275,177.675,,22.81,0.594,5.4,2.005,8.001,,True,True,1.388964,2.922067,2.390008,0.0,False,,,,,locked_fired,
20260425_224310,2,2,,1,,233.42198353155462,192.90070474941223,,233.42198353155462,192.90070474941223,236.262,192.9,,41.07,0.715,5.745,2.007,8.471,,True,True,1.451712,3.04413,2.635231,0.0,False,,,,,locked_fired,
20260425_224310,3,3,,1,,248.83475472487046,142.86004659039287,,248.83475472487046,142.86004659039287,248.837,145.35,,52.36,0.837,5.547,2.006,8.394,,True,True,1.278072,2.883569,2.582183,0.0,False,,,,,locked_fired,
20260425_224310,4,4,,2,,213.15731367364623,132.37787690869928,,213.15731367364623,132.37787690869928,,,,37.19,0.713,,,,,,False,,,,,,,,,,pending,
20260425_224438,1,1,,2,,194.83804253473104,177.7055891745261,,194.83804253473104,177.7055891745261,205.5,158.375,,22.88,0.594,9.375,2.005,11.978,,True,True,1.646842,3.22804,6.079871,0.0,False,,,,,locked_fired,
20260425_224438,2,2,,1,,233.80881006842122,192.88378921213004,,233.80881006842122,192.88378921213004,235.663,192.988,,41.82,0.712,5.615,2.006,8.337,,True,True,1.792405,3.317399,2.217857,0.0,False,,,,,locked_fired,
20260425_224438,3,3,,1,,249.71412755590742,140.2845376579174,,249.71412755590742,140.2845376579174,251.575,142.675,,54.95,0.836,6.018,2.006,8.864,,True,True,1.552544,3.0828,2.859165,0.0,False,,,,,locked_fired,
20260425_224438,4,4,,2,,213.15731367364623,132.37787690869928,,213.15731367364623,132.37787690869928,217.225,132.375,,37.4,0.714,6.74,2.005,9.464,,True,True,1.747876,3.346371,3.311629,0.0,False,,,,,locked_fired,
20260425_224438,5,5,,1,,152.09278826401726,116.7543027437532,,152.09278826401726,116.7543027437532,,,,63.03,0.898,,,,,,False,,,,,,,,,,pending,
20260425_224717,1,1,,2,,194.83804253473104,177.7055891745261,,194.83804253473104,177.7055891745261,197.512,177.7,,22.88,0.596,6.152,2.004,8.757,,True,True,1.857128,3.416641,2.672152,0.0,False,,,,,locked_fired,
20260425_224717,2,2,,1,,159.00226026320752,170.14819774308637,,159.00226026320752,170.14819774308637,159.625,170.675,,36.62,0.713,4.742,2.01,7.469,,True,True,1.703912,3.29774,1.354503,0.0,False,,,,,locked_fired,
20260425_224717,3,3,,1,,127.60592534208205,203.66115493747483,,127.60592534208205,203.66115493747483,135.788,204.725,,45.92,0.715,7.339,2.009,10.068,,True,True,1.700148,3.230778,4.040789,0.0,False,,,,,locked_fired,
20260425_224717,4,4,,2,,153.1404255768457,230.11743498983947,,153.1404255768457,230.11743498983947,153.137,230.113,,36.77,0.652,4.335,2.004,6.996,,True,True,2.077929,3.671042,0.589833,0.0,False,,,,,locked_fired,
20260425_224717,5,5,,2,,175.45303379224484,271.35026316862326,,175.45303379224484,271.35026316862326,176.1,275.062,,46.88,0.775,6.483,2.004,9.267,,True,True,1.580883,3.173637,3.242231,0.0,False,,,,,locked_fired,
20260425_224717,6,6,,1,,213.85495756517489,268.00637348396754,,213.85495756517489,268.00637348396754,202.212,274.788,,38.55,0.715,8.806,2.004,11.531,,True,True,1.563987,3.087195,5.633556,0.0,False,,,,,locked_fired,
20260425_224717,7,7,,1,,233.2309401178919,192.91025811623447,,233.2309401178919,192.91025811623447,236.375,193.312,,77.56,1.021,6.372,2.005,9.402,,True,True,1.89969,3.52595,2.772632,0.0,False,,,,,locked_fired,
20260425_224717,8,8,,1,,248.7315843116082,141.22310924531692,,248.7315843116082,141.22310924531692,251.962,143.163,,53.96,0.843,6.079,2.006,8.932,,True,True,1.675838,3.214108,2.786003,0.0,False,,,,,locked_fired,
20260425_224717,9,9,,2,,213.15731367364623,132.37787690869928,,213.15731367364623,132.37787690869928,216.887,132.375,,36.66,0.78,6.341,2.006,9.133,,True,True,1.726881,3.254113,3.007839,0.0,False,,,,,locked_fired,
20260425_224717,10,10,,1,,155.9277093727609,120.47456089641513,,155.9277093727609,120.47456089641513,154.125,115.637,,58.45,0.899,7.492,2.004,10.402,,True,True,1.694658,3.236771,4.171637,0.0,False,,,,,locked_fired,
20260425_224717,11,11,,1,,115.99126424278005,151.77296462959282,,115.99126424278005,151.77296462959282,121.45,152.587,,50.74,0.713,6.94,2.004,9.662,,True,True,1.781049,3.367927,3.502152,0.0,False,,,,,locked_fired,
20260425_224717,12,12,,2,,94.52451100032177,140.26438541463278,,94.52451100032177,140.26438541463278,,,,24.36,0.651,,,,,,False,,,,,,,,,,pending,
20260425_225511,1,1,,2,,195.27449321892345,177.68130239776954,,195.27449321892345,177.68130239776954,197.988,177.675,,22.81,0.594,6.672,2.007,9.277,,True,True,1.869519,3.424244,3.181051,0.0,False,,,,,locked_fired,
20260425_225511,2,2,,1,,157.87293417049932,170.14784090274335,,157.87293417049932,170.14784090274335,158.75,170.15,,38.15,0.78,5.009,2.005,7.799,,True,True,1.894986,3.421971,1.509105,0.0,False,,,,,locked_fired,
20260425_225511,3,3,,1,,133.03378845926412,202.96667287431373,,133.03378845926412,202.96667287431373,,,,41.16,0.713,,,,,,False,,,,,,,,,,pending,
20260425_230203,1,1,,2,,195.27449321892345,177.68130239776954,,195.27449321892345,177.68130239776954,197.375,177.675,,22.81,0.591,6.183,2.005,8.783,,True,True,2.055078,3.659611,2.44787,0.0,False,,,,,locked_fired,
20260425_230203,2,2,,1,,158.44783953637602,169.75820070605727,,158.44783953637602,169.75820070605727,159.312,170.212,,37.67,0.715,5.011,2.005,7.736,,True,True,1.777033,3.365101,1.56544,0.0,False,,,,,locked_fired,
20260425_230203,3,3,,1,,147.74404348932083,202.83984161688556,,147.74404348932083,202.83984161688556,,,,34.77,0.712,7.941,,,,,False,1.86766,3.399322,4.460035,0.0,False,,,,,pending,
20260425_230422,1,1,,2,,194.83804253473104,177.7055891745261,,194.83804253473104,177.7055891745261,197.938,177.7,,22.88,0.59,6.308,2.005,8.909,,True,True,1.810682,3.376949,2.850226,0.0,False,,,,,locked_fired,
20260425_230422,2,2,,1,,159.56986818802827,170.5305664092346,,159.56986818802827,170.5305664092346,159.575,170.525,,35.99,0.714,3.869,2.005,6.594,,True,True,1.671137,3.256116,0.532082,0.0,False,,,,,locked_fired,
20260425_230422,3,3,,1,,148.10450753658515,205.62419579527256,,148.10450753658515,205.62419579527256,,,,36.92,0.714,,,,,,False,,,,,,,,,,pending,
20260425_230651,1,1,,2,,194.83804253473104,177.7055891745261,,194.83804253473104,177.7055891745261,197.525,177.7,,22.88,0.589,6.534,2.005,9.134,,True,True,1.954817,3.4791,2.994128,0.0,False,,,,,locked_fired,
20260425_230651,2,2,,1,,233.2309401178919,192.91025811623447,,233.2309401178919,192.91025811623447,236.525,193.312,,41.29,0.713,6.474,2.005,9.197,,True,True,2.010677,3.531184,2.878161,0.0,False,,,,,locked_fired,
20260425_230651,3,3,,1,,195.94871637050323,223.79165635336753,,195.94871637050323,223.79165635336753,162.913,193.863,,48.41,0.776,10.481,2.005,13.269,,True,True,1.971236,3.581549,6.822983,0.0,False,,,,,locked_fired,
20260425_230651,4,4,,2,,153.79671114149707,230.108752815527,,153.79671114149707,230.108752815527,140.925,213.337,,42.62,0.714,10.006,2.005,12.731,,True,True,2.065084,3.67365,6.2483,0.0,False,,,,,locked_fired,
20260425_230651,5,5,,1,,130.49131520984204,204.12167030786287,,130.49131520984204,204.12167030786287,164.525,194.913,,34.91,0.468,9.256,2.007,11.736,,True,True,1.71781,3.2843,5.882246,0.0,False,,,,,locked_fired,
20260425_230651,6,6,,1,,149.44192810471046,168.85790369696562,,149.44192810471046,168.85790369696562,,,,40.03,0.654,,,,,,False,,,,,,,,,,pending,
20260425_231022,1,1,,2,,193.76082683797526,177.4512571674261,,193.76082683797526,177.4512571674261,197.562,177.45,,23.4,0.588,8.436,2.006,11.033,,True,True,2.799251,5.348381,3.01838,0.0,False,,,,,locked_fired,
20260425_231022,2,2,,1,,158.53501280280244,170.1533011515086,,158.53501280280244,170.1533011515086,159.15,170.15,,35.97,0.773,6.886,2.006,9.67,,True,True,2.786817,5.418646,1.382681,0.0,False,,,,,locked_fired,
20260425_231022,3,3,,1,,154.100440405042,204.73966754398967,,154.100440405042,204.73966754398967,136.2,204.738,,34.87,0.716,11.136,2.007,13.864,,True,True,2.888907,5.486021,5.564943,0.0,False,,,,,locked_fired,
20260425_231022,4,4,,2,,152.0054729017551,230.75477249832025,,152.0054729017551,230.75477249832025,153.025,232.55,,26.1,0.653,8.469,2.034,11.162,,True,True,3.640086,6.24014,2.152962,0.0,False,,,,,locked_fired,
20260425_231022,5,5,,1,,192.06464631285812,226.5858913376326,,192.06464631285812,226.5858913376326,,,,40.28,0.773,5.946,,6.724,,False,False,3.334649,5.927008,0.0,0.0,False,,,,,failed_fine_align,
20260425_231022,6,6,,2,,175.0110169340983,270.7252132092569,,175.0110169340983,270.7252132092569,176.625,275.0,,47.32,0.775,9.467,2.006,12.253,,True,True,3.476065,5.988886,3.404065,0.0,False,,,,,locked_fired,
20260425_231022,7,7,,1,,210.61705778140944,274.69590090715235,,210.61705778140944,274.69590090715235,212.887,274.7,,35.83,0.715,7.672,2.029,10.42,,True,True,2.572989,5.103919,2.502031,0.0,False,,,,,locked_fired,
20260425_231022,8,8,,1,,133.0871866969038,296.15051747046067,,133.0871866969038,296.15051747046067,138.637,296.15,,80.44,0.957,8.672,2.006,11.64,,True,True,2.540089,5.06911,3.540158,0.0,False,,,,,locked_fired,
20260425_231022,9,9,,1,,97.37541796815857,235.08000897490518,,97.37541796815857,235.08000897490518,86.262,242.137,,70.75,0.893,9.104,2.006,12.007,,True,True,1.998267,4.550415,4.478108,0.0,False,,,,,locked_fired,
20260425_231022,10,10,,2,,92.09866098356213,177.5074157946529,,92.09866098356213,177.5074157946529,,,,57.81,0.894,7.225,,8.121,,False,False,4.682142,7.21154,0.0,0.0,False,,,,,failed_fine_align,
20260425_231022,11,11,,1,,113.18070646699405,150.81236954788923,,113.18070646699405,150.81236954788923,121.463,154.212,,34.02,0.649,10.148,2.004,12.807,,True,True,3.53003,6.008289,4.072105,0.0,False,,,,,locked_fired,
20260425_231022,12,12,,2,,95.18533743877049,140.28472476045894,,95.18533743877049,140.28472476045894,,,,20.85,0.649,9.673,,,,,False,2.391034,4.992687,4.610105,0.0,False,,,,,pending,
20260425_231424,1,1,,2,,193.76082683797526,177.4512571674261,,193.76082683797526,177.4512571674261,197.175,177.688,,23.4,0.589,8.914,2.005,11.513,,True,True,2.907604,5.531631,3.31031,0.0,False,,,,,locked_fired,
20260425_231424,2,2,,1,,160.03566365994902,170.52927574910936,,160.03566365994902,170.52927574910936,160.038,170.525,,34.43,0.716,5.871,2.006,8.598,,True,True,2.629853,5.22507,0.572068,0.0,False,,,,,locked_fired,
20260425_231424,3,3,,1,,147.58304287392428,207.05690328565979,,147.58304287392428,207.05690328565979,139.775,207.637,,38.59,0.716,10.703,2.04,13.465,,True,True,2.926009,5.532115,5.09221,0.0,False,,,,,locked_fired,
20260425_231424,4,4,,2,,153.79671114149707,230.108752815527,,153.79671114149707,230.108752815527,153.8,232.7,,23.87,0.589,8.367,2.005,10.965,,True,True,3.054103,5.611627,2.683077,0.0,False,,,,,locked_fired,
20260425_231424,5,5,,1,,193.38667686992028,226.5293236928512,,193.38667686992028,226.5293236928512,,,,39.75,0.777,5.493,,6.273,,False,False,2.865782,5.477291,0.0,0.0,False,,,,,failed_fine_align,
20260425_231424,6,6,,1,,214.01291663926503,266.7780232167782,,214.01291663926503,266.7780232167782,214.012,273.337,,45.23,0.775,9.315,2.006,12.102,,True,True,2.471541,5.039584,4.204525,0.0,False,,,,,locked_fired,
20260425_231424,7,7,,2,,175.44184427152197,270.7111595926627,,175.44184427152197,270.7111595926627,176.5,275.8,,38.77,0.773,10.081,2.006,12.865,,True,True,2.370561,4.903944,5.103072,0.0,False,,,,,locked_fired,
20260425_231424,8,8,,1,,132.7065559106061,298.1947539414917,,132.7065559106061,298.1947539414917,138.913,298.1,,50.81,0.777,8.476,2.005,11.264,,True,True,2.08909,4.682349,3.731768,0.0,False,,,,,locked_fired,
20260425_231424,9,9,,1,,96.30748878353307,235.01293169715473,,96.30748878353307,235.01293169715473,86.35,242.525,,72.92,0.894,9.097,2.007,12.001,,True,True,2.111104,4.665651,4.3544,0.0,False,,,,,locked_fired,
20260425_231424,10,10,,2,,95.25181744731867,178.37380287717556,,95.25181744731867,178.37380287717556,,,,56.65,0.896,,,,,,False,,,,,,,,,,pending,
20260425_232029,1,1,,2,,193.76082683797526,177.4512571674261,,193.76082683797526,177.4512571674261,197.3,177.725,,23.4,0.593,8.346,2.005,10.948,,True,True,2.592681,5.177461,3.091122,0.0,False,,,,,locked_fired,
20260425_232029,2,2,,1,,158.54652393485074,170.80965050670753,,158.54652393485074,170.80965050670753,158.762,170.812,,35.84,0.779,6.175,2.008,8.966,,True,True,2.607285,5.211926,0.886106,0.0,False,,,,,locked_fired,
20260425_232029,3,3,,1,,138.69952864012254,203.81238969754938,,138.69952864012254,203.81238969754938,145.6,203.812,,38.51,0.712,8.936,2.004,11.659,,True,True,2.448555,4.977989,3.887303,0.0,False,,,,,locked_fired,
20260425_232029,4,4,,2,,152.0054729017551,230.75477249832025,,152.0054729017551,230.75477249832025,152.0,230.75,,30.05,0.657,6.204,2.005,8.873,,True,True,3.040637,5.554683,0.576728,0.0,False,,,,,locked_fired,
20260425_232029,5,5,,1,,195.7454480956478,226.03513343418706,,195.7454480956478,226.03513343418706,,,,43.99,0.774,5.31,,6.088,,False,False,2.763827,5.296526,0.0,0.0,False,,,,,failed_fine_align,
20260425_232029,6,6,,1,,210.16324258210423,271.88660204939464,,210.16324258210423,271.88660204939464,216.538,271.888,,48.06,0.779,8.557,2.007,11.347,,True,True,2.351089,4.896669,3.597411,0.0,False,,,,,locked_fired,
20260425_232029,7,7,,2,,176.07813446536466,270.7012347678221,,176.07813446536466,270.7012347678221,176.325,275.45,,34.11,0.775,8.503,2.005,11.289,,True,True,2.245767,4.776682,3.664528,0.0,False,,,,,locked_fired,
20260425_232029,8,8,,1,,132.1305778172452,297.7560656899529,,132.1305778172452,297.7560656899529,142.762,297.75,,51.61,0.776,9.014,2.005,11.801,,True,True,2.034199,4.644612,4.296095,0.0,False,,,,,locked_fired,
20260425_232029,9,9,,1,,93.58958073772472,236.4725455536365,,93.58958073772472,236.4725455536365,86.738,242.962,,72.4,0.898,9.557,2.005,12.465,,True,True,2.175772,4.785881,4.70725,0.0,False,,,,,locked_fired,
20260425_232029,10,10,,2,,93.39250326532083,177.16456619296176,,93.39250326532083,177.16456619296176,94.613,181.087,,59.31,0.896,9.165,2.007,12.072,,True,True,2.479039,5.035057,4.054412,0.0,False,,,,,locked_fired,
20260425_232029,11,11,,1,,115.39384615851694,152.18095117962022,,115.39384615851694,152.18095117962022,,,,33.29,0.651,,,,,,False,,,,,,,,,,pending,
20260425_232647,1,1,,2,,194.83804253473104,177.7055891745261,,194.83804253473104,177.7055891745261,197.675,177.7,,22.88,0.591,7.989,2.005,10.589,,True,True,2.635363,5.178599,2.731489,0.0,False,,,,,locked_fired,
20260425_232647,2,2,,1,,157.97144781597697,170.41564896688476,,157.97144781597697,170.41564896688476,159.312,170.413,,37.58,0.776,7.419,2.006,10.207,,True,True,2.748791,5.350249,1.969013,0.0,False,,,,,locked_fired,
20260425_232647,3,3,,1,,141.99238281069057,204.23257561587283,,141.99238281069057,204.23257561587283,135.175,205.775,,37.4,0.713,9.07,2.005,11.796,,True,True,2.580809,5.179948,3.819013,0.0,False,,,,,locked_fired,
20260425_232647,4,4,,2,,152.67269745982804,230.74591051123662,,152.67269745982804,230.74591051123662,153.438,232.275,,28.58,0.651,7.543,2.005,10.203,,True,True,2.86245,5.379856,2.074643,0.0,False,,,,,locked_fired,
20260425_232647,5,5,,1,,194.25792240636355,227.8584266408068,,194.25792240636355,227.8584266408068,,,,41.69,0.773,,,,,,False,,,,,,,,,,pending,
20260425_232934,1,1,,2,,194.83804253473104,177.7055891745261,,194.83804253473104,177.7055891745261,197.688,177.762,,22.88,0.59,8.404,2.005,11.004,,True,True,2.929883,5.54381,2.771246,0.0,False,,,,,locked_fired,
20260425_232934,2,2,,1,,157.60325392576678,170.013136914876,,157.60325392576678,170.013136914876,159.95,170.012,,38.02,0.773,7.985,2.007,10.769,,True,True,2.728765,5.345582,2.554122,0.0,False,,,,,locked_fired,
20260425_232934,3,3,,1,,137.38555169352685,203.18445124667684,,137.38555169352685,203.18445124667684,147.137,203.188,,38.85,0.715,9.538,2.007,12.265,,True,True,2.612222,5.222385,4.251202,0.0,False,,,,,locked_fired,
20260425_232934,4,4,,2,,153.79671114149707,230.108752815527,,153.79671114149707,230.108752815527,153.8,232.4,,31.53,0.655,8.298,2.005,10.961,,True,True,2.956865,5.55038,2.665893,0.0,False,,,,,locked_fired,
20260425_232934,5,5,,1,,188.79213782987296,228.93318110259543,,188.79213782987296,228.93318110259543,188.788,249.762,,35.02,0.717,12.341,2.006,15.071,,True,True,3.171598,5.811635,6.43403,0.0,False,,,,,locked_fired,
20260425_232934,6,6,,2,,174.66397165346157,272.02230318828924,,174.66397165346157,272.02230318828924,177.25,275.5,,45.35,0.59,8.527,2.004,11.125,,True,True,2.210627,4.792316,3.665938,0.0,False,,,,,locked_fired,
20260425_232934,7,7,,1,,212.4248770581293,269.26015166219844,,212.4248770581293,269.26015166219844,213.812,274.65,,37.86,0.716,8.853,2.006,11.581,,True,True,2.423084,4.975208,3.815349,0.0,False,,,,,locked_fired,
20260425_232934,8,8,,1,,234.53779449025362,193.51310465005247,,234.53779449025362,193.51310465005247,236.775,193.512,,78.91,1.017,8.133,2.005,11.158,,True,True,3.046278,5.619857,2.424389,0.0,False,,,,,locked_fired,
20260425_232934,9,9,,1,,248.98718090164732,140.29958520586104,,248.98718090164732,140.29958520586104,248.988,147.55,,55.14,0.837,9.818,2.007,12.666,,True,True,2.342218,4.964366,4.784034,0.0,False,,,,,locked_fired,
20260425_232934,10,10,,2,,213.08513441924242,131.98450201366578,,213.08513441924242,131.98450201366578,217.075,132.45,,36.85,0.715,8.345,2.006,11.07,,True,True,2.590791,5.200173,3.062923,0.0,False,,,,,locked_fired,
20260425_232934,11,11,,1,,158.5350803208476,122.53435344074785,,158.5350803208476,122.53435344074785,152.262,118.738,,55.36,0.899,9.621,2.008,12.533,,True,True,2.668709,5.214104,4.331222,0.0,False,,,,,locked_fired,
20260425_232934,12,12,,1,,117.84035728941583,152.22059534709697,,117.84035728941583,152.22059534709697,140.425,160.125,,50.37,0.714,10.606,2.006,13.332,,True,True,2.480221,5.071729,5.452904,0.0,False,,,,,locked_fired,
20260425_232934,13,13,,2,,89.82268143870589,139.7553556220443,,89.82268143870589,139.7553556220443,87.4,139.75,,30.67,0.838,7.617,2.008,10.471,,True,True,2.477237,5.010141,2.529085,0.0,False,,,,,locked_fired,
20260425_232934,14,14,,2,,91.60367606844862,177.89074016963764,,91.60367606844862,177.89074016963764,94.463,179.438,,38.18,0.712,8.01,2.005,10.733,,True,True,2.390534,4.967446,2.958157,0.0,False,,,,,locked_fired,
20260425_232934,15,15,,1,,97.61695094635608,235.0589143295639,,97.61695094635608,235.0589143295639,87.025,242.613,,57.48,0.836,9.881,2.008,12.73,,True,True,1.979133,4.585252,5.22706,0.0,False,,,,,locked_fired,
20260425_232934,16,16,,1,,132.1305778172452,297.7560656899529,,132.1305778172452,297.7560656899529,135.9,297.75,,71.57,0.837,7.812,2.008,10.664,,True,True,2.019184,4.61944,3.116681,0.0,False,,,,,locked_fired,
20260425_235324,1,1,,2,,193.78318658186262,177.80903731823489,,193.78318658186262,177.80903731823489,197.225,177.863,,23.05,0.592,8.688,2.005,11.289,,True,True,3.01326,5.609963,3.001074,0.0,False,,,,,locked_fired,
20260425_235324,2,2,,1,,158.17530177343443,170.4301103343768,,158.17530177343443,170.4301103343768,159.438,170.425,,36.36,0.777,7.457,2.007,10.246,,True,True,2.878257,5.481219,1.910198,0.0,False,,,,,locked_fired,
20260425_235324,3,3,,1,,138.0481404452932,203.81465693208506,,138.0481404452932,203.81465693208506,137.45,206.85,,38.98,0.714,8.431,2.005,11.156,,True,True,2.780144,5.386935,2.970753,0.0,False,,,,,locked_fired,
20260425_235324,4,4,,2,,152.67269745982804,230.74591051123662,,152.67269745982804,230.74591051123662,153.738,233.012,,30.65,0.651,8.6,2.004,11.262,,True,True,3.127971,5.746874,2.778082,0.0,False,,,,,locked_fired,
20260425_235324,5,5,,1,,193.14519715777368,227.7959961442262,,193.14519715777368,227.7959961442262,183.45,232.288,,40.58,0.776,9.755,2.005,12.54,,True,True,2.816217,5.36861,4.299862,0.0,False,,,,,locked_fired,
20260425_235324,6,6,,1,,213.05833573255666,268.6175541156588,,213.05833573255666,268.6175541156588,214.488,272.638,,45.42,0.714,9.27,2.005,11.995,,True,True,2.520171,5.11211,4.083944,0.0,False,,,,,locked_fired,
20260425_235324,7,7,,2,,176.06691449648076,270.0622717737607,,176.06691449648076,270.0622717737607,176.4,275.15,,37.02,0.715,9.386,2.01,12.115,,True,True,2.338862,4.866446,4.447915,0.0,False,,,,,locked_fired,
20260425_235324,8,8,,1,,132.82231704074076,297.03824632649514,,132.82231704074076,297.03824632649514,144.55,297.038,,50.97,0.777,9.681,2.006,12.469,,True,True,2.157845,4.760228,4.836081,0.0,False,,,,,locked_fired,
20260425_235324,9,9,,1,,98.2592061537807,235.0440178756842,,98.2592061537807,235.0440178756842,86.387,242.688,,70.98,0.898,9.422,2.005,12.331,,True,True,2.089132,4.704796,4.648726,0.0,False,,,,,locked_fired,
20260425_235324,10,10,,2,,93.3157445696194,178.16144221595198,,93.3157445696194,178.16144221595198,94.8,180.738,,57.1,0.893,7.428,2.005,10.332,,True,True,2.216034,4.756463,2.601005,0.0,False,,,,,locked_fired,
20260425_235324,11,11,,1,,115.69659175898389,152.26079445727515,,115.69659175898389,152.26079445727515,121.688,153.913,,34.23,0.655,8.936,2.005,11.601,,True,True,2.483747,5.079904,3.785529,0.0,False,,,,,locked_fired,
20260425_235324,12,12,,2,,91.17670548240673,140.42967447988983,,91.17670548240673,140.42967447988983,87.3,140.425,,27.22,0.651,8.093,2.006,10.755,,True,True,2.419228,5.005878,3.008133,0.0,False,,,,,locked_fired,
20260425_235324,13,13,,1,,150.4808349282732,116.16689841773801,,150.4808349282732,116.16689841773801,151.45,115.312,,64.08,0.898,6.887,2.006,9.797,,True,True,2.450075,5.056923,1.758146,0.0,False,,,,,locked_fired,
20260425_235324,14,14,,2,,212.65689749760153,132.69321908696548,,212.65689749760153,132.69321908696548,216.812,132.688,,64.33,0.903,8.624,2.007,11.54,,True,True,2.679731,5.227357,3.311185,0.0,False,,,,,locked_fired,
20260425_235324,15,15,,1,,248.06946370312068,143.3349769357291,,248.06946370312068,143.3349769357291,254.1,143.337,,36.98,0.714,8.404,2.006,11.132,,True,True,2.139417,4.674169,3.6591,0.0,False,,,,,locked_fired,
20260425_235324,16,16,,1,,233.17015377278963,193.533387471634,,233.17015377278963,193.533387471634,236.725,193.538,,52.36,0.837,8.531,2.007,11.382,,True,True,2.862969,5.490761,2.951263,0.0,False,,,,,locked_fired,
20260426_092253,1,1,,2,,190.0970585881462,180.32222429229623,,190.0970585881462,180.32222429229623,196.462,180.325,,22.03,0.59,9.548,2.008,12.15,,True,True,2.878046,5.400997,4.059646,0.0,False,,,,,locked_fired,
20260426_092253,2,2,,1,,150.37242917685347,169.99645665141938,,150.37242917685347,169.99645665141938,161.312,171.7,,41.04,0.778,10.362,2.005,13.151,,True,True,2.615503,5.223796,5.06001,0.0,False,,,,,locked_fired,
20260426_092253,3,3,,1,,116.40650007661665,156.9425343139099,,116.40650007661665,156.9425343139099,92.688,162.812,,36.39,0.776,11.881,2.005,14.668,,True,True,2.616323,5.225026,6.586427,0.0,False,,,,,locked_fired,
20260426_092253,4,4,,2,,93.20944656452488,181.81882345634415,,93.20944656452488,181.81882345634415,95.875,181.825,,34.01,0.59,8.466,2.005,11.067,,True,True,2.694431,5.279376,3.093145,0.0,False,,,,,locked_fired,
20260426_092253,5,5,,2,,85.41833272443897,142.09399396328536,,85.41833272443897,142.09399396328536,86.475,142.1,,40.48,0.774,6.752,2.005,9.536,,True,True,2.225444,4.845112,1.83195,0.0,False,,,,,locked_fired,
20260426_092253,6,6,,1,,143.70055778749912,116.90892264963887,,143.70055778749912,116.90892264963887,152.212,116.912,,63.49,0.836,10.018,2.007,12.865,,True,True,2.85902,5.405389,4.534385,0.0,False,,,,,locked_fired,
20260426_092253,7,7,,2,,209.66000744256263,134.68728210579422,,209.66000744256263,134.68728210579422,218.087,134.688,,68.31,0.838,10.488,2.005,13.337,,True,True,2.783778,5.33186,5.057989,0.0,False,,,,,locked_fired,
20260426_092253,8,8,,1,,245.05082873351054,146.32674773434925,,245.05082873351054,146.32674773434925,254.188,146.325,,37.26,0.653,9.467,2.005,12.131,,True,True,2.463219,5.001898,4.396505,0.0,False,,,,,locked_fired,
20260426_092253,9,9,,1,,229.12194991944813,195.47404332661708,,229.12194991944813,195.47404332661708,236.975,195.475,,51.66,0.836,9.354,2.011,12.206,,True,True,2.409951,4.962877,4.31191,0.0,False,,,,,locked_fired,
20260426_092253,10,10,,1,,190.27917652076195,229.5006024741335,,190.27917652076195,229.5006024741335,196.4,234.95,,51.64,0.777,9.777,2.004,12.565,,True,True,2.786817,5.317234,4.389979,0.0,False,,,,,locked_fired,
20260426_092253,11,11,,2,,154.42427279394158,231.26388098819734,,154.42427279394158,231.26388098819734,,,,35.9,0.774,5.127,,5.904,,False,False,2.497769,5.10906,0.0,0.0,False,,,,,failed_fine_align,
20260426_092253,12,12,,1,,132.68494752033953,206.04047858662517,,132.68494752033953,206.04047858662517,132.688,206.95,,33.3,0.651,6.327,2.009,8.994,,True,True,2.21848,4.729621,1.521414,0.0,False,,,,,locked_fired,
20260426_092253,13,13,,1,,84.7917787331393,241.30247616429554,,84.7917787331393,241.30247616429554,86.675,244.575,,59.47,0.833,8.221,2.007,11.068,,True,True,2.114413,4.644168,3.507252,0.0,False,,,,,locked_fired,
20260426_092253,14,14,,1,,131.55210142603573,296.3960339039034,,131.55210142603573,296.3960339039034,139.45,297.925,,72.26,0.839,9.48,2.005,12.329,,True,True,2.471388,5.064524,4.347995,0.0,False,,,,,locked_fired,
20260426_092253,15,15,,2,,169.60294309363286,272.4268591385174,,169.60294309363286,272.4268591385174,177.312,279.85,,44.97,0.653,10.403,2.006,13.069,,True,True,2.784725,5.305424,5.013997,0.0,False,,,,,locked_fired,
20260426_092253,16,16,,1,,203.58900813331843,265.10820810171043,,203.58900813331843,265.10820810171043,212.825,274.312,,34.77,0.652,10.473,2.007,13.14,,True,True,2.414137,5.009049,5.384024,0.0,False,,,,,locked_fired,
20260426_094329,1,1,,2,,189.6615941619869,180.39467674596924,,189.6615941619869,180.39467674596924,196.087,180.4,,22.16,0.594,6.382,2.005,8.984,,True,True,1.630222,2.850988,3.446473,0.0,False,,,,,locked_fired,
20260426_094329,2,2,,1,,228.0133500384935,194.87752489056473,,228.0133500384935,194.87752489056473,236.05,194.875,,41.0,0.715,6.616,2.005,9.342,,True,True,1.356763,2.611297,3.927855,0.0,False,,,,,locked_fired,
20260426_094329,3,3,,1,,245.77345217719244,145.3428953174623,,245.77345217719244,145.3428953174623,253.15,145.337,,52.62,0.839,6.475,2.007,9.326,,True,True,1.469935,2.724903,3.665118,0.0,False,,,,,locked_fired,
20260426_094329,4,4,,2,,210.80100765274204,136.5410292349065,,210.80100765274204,136.5410292349065,218.5,136.538,,36.06,0.777,6.679,2.005,9.469,,True,True,1.532315,2.804724,3.803084,0.0,False,,,,,locked_fired,
20260426_094329,5,5,,1,,144.7919900808322,117.81554957178501,,144.7919900808322,117.81554957178501,152.1,117.812,,68.61,0.956,6.432,2.007,9.4,,True,True,1.448522,2.660282,3.703098,0.0,False,,,,,locked_fired,
20260426_094329,6,6,,1,,112.00958137026788,155.42626322103797,,112.00958137026788,155.42626322103797,121.875,155.425,,49.89,0.78,7.006,2.007,9.798,,True,True,1.481095,2.660957,4.268892,0.0,False,,,,,locked_fired,
20260426_094329,7,7,,2,,83.91988456070806,141.70920323720185,,83.91988456070806,141.70920323720185,86.887,141.712,,31.26,0.715,5.211,2.005,7.934,,True,True,1.348337,2.60367,2.533798,0.0,False,,,,,locked_fired,
20260426_094329,8,8,,2,,90.99555854451441,181.57891511988984,,90.99555854451441,181.57891511988984,95.762,181.575,,40.49,0.772,6.021,2.004,8.803,,True,True,1.535368,2.736299,3.212318,0.0,False,,,,,locked_fired,
20260426_094329,9,9,,1,,129.20621670783075,205.5963319249548,,129.20621670783075,205.5963319249548,132.613,206.45,,45.13,0.714,5.338,2.006,8.063,,True,True,1.345941,2.59152,2.656815,0.0,False,,,,,locked_fired,
20260426_094329,10,10,,2,,151.90053159954002,231.9661679717756,,151.90053159954002,231.9661679717756,152.75,233.7,,34.79,0.653,4.54,2.004,7.201,,True,True,1.475909,2.726889,1.731228,0.0,False,,,,,locked_fired,
20260426_094329,11,11,,2,,169.29655757907466,275.04324813882806,,169.29655757907466,275.04324813882806,176.725,277.075,,46.46,0.78,6.54,2.009,9.333,,True,True,1.547363,2.79957,3.661447,0.0,False,,,,,locked_fired,
20260426_094329,12,12,,1,,200.205465529019,280.6224878686584,,200.205465529019,280.6224878686584,211.462,278.312,,31.41,0.594,7.262,2.006,9.868,,True,True,1.462232,2.69933,4.473822,0.0,False,,,,,locked_fired,
20260426_094329,13,13,,1,,131.09092338650112,295.74759660642746,,131.09092338650112,295.74759660642746,138.725,298.15,,70.75,0.963,6.557,2.009,9.534,,True,True,1.382851,2.662187,3.808903,0.0,False,,,,,locked_fired,
20260426_094329,14,14,,1,,86.26706298339455,239.83074864159963,,86.26706298339455,239.83074864159963,87.125,244.225,,71.67,0.899,5.755,2.005,8.665,,True,True,1.186075,2.391895,3.303099,0.0,False,,,,,locked_fired,
20260426_094329,15,15,,1,,148.9314519629961,170.1704215412258,,148.9314519629961,170.1704215412258,147.288,188.875,,93.7,0.961,8.763,2.006,11.733,,True,True,1.435797,2.645042,6.024028,0.0,False,,,,,locked_fired,
20260426_095311,1,1,,2,,190.0970585881462,180.32222429229623,,190.0970585881462,180.32222429229623,195.95,180.325,,22.03,0.587,6.402,2.005,8.999,,True,True,1.600042,2.803225,3.530193,0.0,False,,,,,locked_fired,
20260426_095311,2,2,,1,,228.01678330661065,195.54214462576113,,228.01678330661065,195.54214462576113,237.262,195.538,,40.86,0.715,6.877,2.006,9.603,,True,True,1.426199,2.691828,4.119292,0.0,False,,,,,locked_fired,
20260426_095311,3,3,,2,,217.01414055154856,145.48463034137853,,217.01414055154856,145.48463034137853,217.438,137.175,,51.25,0.835,8.02,2.005,10.867,,True,True,1.920308,3.123978,4.802983,0.0,False,,,,,locked_fired,
20260426_095311,4,4,,1,,245.05082873351054,146.32674773434925,,245.05082873351054,146.32674773434925,253.7,146.325,,28.05,0.655,6.74,2.006,9.407,,True,True,1.354312,2.540078,4.116355,0.0,False,,,,,locked_fired,
20260426_095311,5,5,,1,,149.7403536721973,170.17283652916612,,149.7403536721973,170.17283652916612,159.613,171.038,,98.25,1.141,6.972,2.004,10.122,,True,True,1.485632,2.710413,4.184508,0.0,False,,,,,locked_fired,
20260426_095311,6,6,,1,,114.6328134415202,156.20966076739808,,114.6328134415202,156.20966076739808,109.825,169.65,,37.78,0.774,8.685,2.006,11.469,,True,True,1.510002,2.707225,5.897858,0.0,False,,,,,locked_fired,
20260426_095311,7,7,,2,,91.58683317895476,181.53474088383211,,91.58683317895476,181.53474088383211,,,,34.24,0.588,2.73,,3.322,,False,False,1.457105,2.712046,0.0,0.0,False,,,,,failed_fine_align,
20260426_095311,8,8,,2,,83.46309015412737,141.0371498514399,,83.46309015412737,141.0371498514399,86.812,141.038,,41.3,0.775,5.16,2.005,7.945,,True,True,1.176799,2.389722,2.700224,0.0,False,,,,,locked_fired,
20260426_095311,9,9,,1,,141.97176153893022,115.33650372504773,,141.97176153893022,115.33650372504773,152.512,115.338,,63.9,0.837,6.953,2.005,9.799,,True,True,1.420713,2.629059,4.25528,0.0,False,,,,,locked_fired,
20260426_095311,10,10,,1,,127.66598342810691,205.80207244669097,,127.66598342810691,205.80207244669097,132.6,207.25,,91.59,1.024,5.902,2.006,8.939,,True,True,1.423986,2.636414,3.182784,0.0,False,,,,,locked_fired,
20260426_095311,11,11,,1,,137.62533489527456,209.65600441239266,,137.62533489527456,209.65600441239266,,,,10.68,,,,0.0,,,False,,,,,,,,,,skipped_duplicate,
20260426_095311,12,12,,2,,153.0677016349137,231.88659019012323,,153.0677016349137,231.88659019012323,153.2,233.25,,36.41,0.654,4.332,2.007,6.996,,True,True,1.493758,2.678971,1.575509,0.0,False,,,,,locked_fired,
20260426_095311,13,13,,2,,169.76168575743367,275.0735553674609,,169.76168575743367,275.0735553674609,177.975,276.812,,46.3,0.776,6.686,2.005,9.474,,True,True,1.383819,2.582841,4.023403,0.0,False,,,,,locked_fired,
20260426_095311,14,14,,1,,204.68055332245618,272.6932442431889,,204.68055332245618,272.6932442431889,216.975,272.688,,35.0,0.655,7.524,2.007,10.192,,True,True,1.505852,2.73498,4.718888,0.0,False,,,,,locked_fired,
20260426_095311,15,15,,1,,130.03710948412507,297.6097542018695,,130.03710948412507,297.6097542018695,139.475,297.612,,78.69,1.02,6.837,2.005,9.867,,True,True,1.395561,2.612008,4.15302,0.0,False,,,,,locked_fired,
20260426_095311,16,16,,1,,85.12372334771818,240.61929704166207,,85.12372334771818,240.61929704166207,86.875,244.712,,72.56,0.897,5.821,2.006,8.729,,True,True,1.140807,2.339719,3.416051,0.0,False,,,,,locked_fired,
20260426_100129,1,1,,2,,189.6615941619869,180.39467674596924,,189.6615941619869,180.39467674596924,196.775,180.4,,22.16,0.592,7.561,2.009,10.169,,True,True,2.118941,3.690323,3.783187,0.0,False,,,,,locked_fired,
20260426_100129,2,2,,1,,228.35837163557284,195.47893802778427,,228.35837163557284,195.47893802778427,237.1,195.475,,41.53,0.715,7.331,2.005,10.057,,True,True,1.701093,3.27722,3.993247,0.0,False,,,,,locked_fired,
20260426_100129,3,3,,1,,244.65194241723353,145.35593136539998,,244.65194241723353,145.35593136539998,253.925,145.35,,52.7,0.835,7.359,2.006,10.206,,True,True,1.739512,3.34103,3.943674,0.0,False,,,,,locked_fired,
20260426_100129,4,4,,2,,210.05986423869794,136.5498674233293,,210.05986423869794,136.5498674233293,218.663,136.55,,35.7,0.776,7.48,2.008,10.271,,True,True,1.756575,3.350888,4.053895,0.0,False,,,,,locked_fired,
20260426_100129,5,5,,1,,148.84527576650962,170.36600221389102,,148.84527576650962,170.36600221389102,160.975,170.837,,69.93,0.96,8.091,2.005,11.062,,True,True,1.938365,3.478875,4.517161,0.0,False,,,,,locked_fired,
20260426_100129,6,6,,1,,114.64489417487792,156.9774354265533,,114.64489417487792,156.9774354265533,,,,36.73,0.776,3.387,,4.169,,False,False,1.780937,3.366704,0.0,0.0,False,,,,,failed_fine_align,
20260426_100129,7,7,,2,,91.58683317895476,181.53474088383211,,91.58683317895476,181.53474088383211,95.037,181.663,,33.69,0.654,6.762,2.005,9.426,,True,True,1.831447,3.371776,3.310083,0.0,False,,,,,locked_fired,
20260426_100129,8,8,,2,,83.91988456070806,141.70920323720185,,83.91988456070806,141.70920323720185,86.775,141.712,,40.56,0.771,5.85,2.005,8.632,,True,True,1.630762,3.232787,2.507158,0.0,False,,,,,locked_fired,
20260426_100129,9,9,,1,,141.5324192714396,115.43141150575046,,141.5324192714396,115.43141150575046,152.975,115.425,,63.32,0.835,7.855,2.006,10.703,,True,True,1.763706,3.331607,4.460406,0.0,False,,,,,locked_fired,
20260426_100129,10,10,,1,,130.4496070764157,206.2547128381524,,130.4496070764157,206.2547128381524,132.825,207.125,,91.5,1.023,5.496,2.005,8.531,,True,True,1.584326,3.12762,2.288214,0.0,False,,,,,locked_fired,
20260426_100129,11,11,,2,,154.42427279394158,231.26388098819734,,154.42427279394158,231.26388098819734,138.913,217.0,,34.64,0.654,9.004,2.006,11.671,,True,True,1.890457,3.474111,5.460272,0.0,False,,,,,locked_fired,
20260426_100129,12,12,,2,,169.60294309363286,272.4268591385174,,169.60294309363286,272.4268591385174,176.75,279.425,,43.87,0.841,7.614,2.006,10.467,,True,True,1.828948,3.361491,4.171234,0.0,False,,,,,locked_fired,
20260426_100129,13,13,,1,,204.61432165261158,274.21685280031244,,204.61432165261158,274.21685280031244,213.525,274.212,,35.06,0.651,7.267,2.006,9.931,,True,True,1.565503,3.138233,4.050746,0.0,False,,,,,locked_fired,
20260426_100129,14,14,,1,,131.55210142603573,296.3960339039034,,131.55210142603573,296.3960339039034,140.175,297.975,,76.35,1.022,7.333,2.005,10.365,,True,True,1.599654,3.131748,4.11669,0.0,False,,,,,locked_fired,
20260426_100129,15,15,,1,,85.56875356230853,241.28202155630518,,85.56875356230853,241.28202155630518,86.9,245.075,,71.78,0.9,6.22,2.005,9.132,,True,True,1.391375,2.915137,3.232866,0.0,False,,,,,locked_fired,
20260426_100129,16,16,,1,,25.785338878598818,18.642311188476825,,25.785338878598818,18.642311188476825,,,,230.53,1.753,2.658,,4.416,,False,False,1.12456,0.0,0.0,0.0,False,,,,,failed_fine_align,
20260426_110534,1,1,,2,,190.1096705478508,181.06299735994705,,190.1096705478508,181.06299735994705,197.025,181.062,,21.36,0.587,7.05,2.005,9.647,,True,True,1.649631,2.889553,4.064222,0.0,False,,,,,locked_fired,"cycle=1,cycle_target=1/16"
20260426_110534,2,2,,1,,155.42645537451975,173.37200138199114,,155.42645537451975,173.37200138199114,147.762,189.562,,35.53,0.774,8.721,2.007,11.505,,True,True,1.421448,2.688616,5.944986,0.0,False,,,,,locked_fired,"cycle=1,cycle_target=2/16"
20260426_110534,3,3,,1,,130.72566300789236,206.32574760859313,,130.72566300789236,206.32574760859313,131.938,206.925,,41.18,0.527,4.195,2.007,6.734,,True,True,1.281729,2.521163,1.602337,0.0,False,,,,,locked_fired,"cycle=1,cycle_target=3/16"
20260426_110534,4,4,,2,,154.15701814596005,231.20714815288517,,154.15701814596005,231.20714815288517,,,,34.18,0.652,2.595,,3.252,,False,False,1.385391,2.574337,0.0,0.0,False,,,,,failed_fine_align,"cycle=1,cycle_target=4/16"
20260426_110534,5,5,,1,,189.87799464502368,230.15286035076923,,189.87799464502368,230.15286035076923,180.475,230.8,,35.74,0.713,7.021,2.005,9.746,,True,True,1.619055,2.821014,4.127579,0.0,False,,,,,locked_fired,"cycle=1,cycle_target=5/16"
20260426_110534,6,6,,1,,202.95649465828234,263.27774799800596,,202.95649465828234,263.27774799800596,212.6,273.35,,35.61,0.713,7.342,2.006,10.066,,True,True,1.326983,2.517151,4.748491,0.0,False,,,,,locked_fired,"cycle=1,cycle_target=6/16"
20260426_110534,7,7,,2,,170.40667699328918,273.60355869062397,,170.40667699328918,273.60355869062397,176.55,280.837,,34.15,0.775,6.688,2.005,9.472,,True,True,1.430221,2.624638,3.965112,0.0,False,,,,,locked_fired,"cycle=1,cycle_target=7/16"
20260426_110534,8,8,,1,,133.7596798639403,292.9627341203235,,133.7596798639403,292.9627341203235,137.625,297.1,,41.45,0.779,5.678,2.008,8.471,,True,True,1.173391,2.422261,3.171026,0.0,False,,,,,locked_fired,"cycle=1,cycle_target=8/16"
20260426_110534,9,9,,1,,82.44058642984095,242.2664722987185,,82.44058642984095,242.2664722987185,86.575,244.3,,72.14,0.836,5.417,2.007,8.265,,True,True,1.163563,2.349134,2.989927,0.0,False,,,,,locked_fired,"cycle=1,cycle_target=9/16"
20260426_110534,10,10,,2,,89.48899822510079,181.02237314863322,,89.48899822510079,181.02237314863322,95.213,181.688,,61.65,0.892,6.697,2.007,9.602,,True,True,1.385349,2.652186,3.96718,0.0,False,,,,,locked_fired,"cycle=1,cycle_target=10/16"
20260426_110534,11,11,,1,,117.19654694485514,157.70989937728123,,117.19654694485514,157.70989937728123,92.175,163.238,,36.21,0.651,8.889,2.007,11.551,,True,True,1.503054,2.753317,6.046653,0.0,False,,,,,locked_fired,"cycle=1,cycle_target=11/16"
20260426_110534,12,12,,2,,86.04097191839013,143.94888884191514,,86.04097191839013,143.94888884191514,86.588,143.95,,34.06,0.593,3.536,2.005,6.139,,True,True,1.149552,2.402885,1.049292,0.0,False,,,,,locked_fired,"cycle=1,cycle_target=12/16"
20260426_110534,13,13,,1,,143.14155553692171,116.25534962335735,,143.14155553692171,116.25534962335735,151.413,116.25,,63.46,0.836,6.552,2.007,9.4,,True,True,1.351475,2.550429,3.915458,0.0,False,,,,,locked_fired,"cycle=1,cycle_target=13/16"
20260426_110534,14,14,,2,,212.23461793639808,140.12557946825513,,212.23461793639808,140.12557946825513,218.738,137.05,,73.1,0.895,6.362,2.006,9.268,,True,True,1.460468,2.663759,3.620922,0.0,False,,,,,locked_fired,"cycle=1,cycle_target=14/16"
20260426_110534,15,15,,1,,243.07835523768054,146.2479383950731,,243.07835523768054,146.2479383950731,254.1,146.25,,31.45,0.652,6.932,2.005,9.595,,True,True,1.29246,2.537404,4.311967,0.0,False,,,,,locked_fired,"cycle=1,cycle_target=15/16"
20260426_110534,16,16,,1,,228.35837163557284,195.47893802778427,,228.35837163557284,195.47893802778427,236.812,195.475,,51.38,0.838,6.551,2.005,9.401,,True,True,1.342883,2.534723,3.924387,0.0,False,,,,,locked_fired,"cycle=1,cycle_target=16/16"
20260426_110534,17,17,,2,,190.1096705478508,181.06299735994705,,190.1096705478508,181.06299735994705,195.625,181.062,,21.36,0.588,6.29,2.007,8.89,,True,True,1.562611,2.803046,3.400036,0.0,False,,,,,locked_fired,"cycle=2,cycle_target=1/16"
20260426_110534,18,18,,1,,154.3844225923823,172.95813112451475,,154.3844225923823,172.95813112451475,147.375,189.725,,36.63,0.774,8.349,2.007,11.137,,True,True,1.332612,2.537255,5.718579,0.0,False,,,,,locked_fired,"cycle=2,cycle_target=2/16"
20260426_110534,19,19,,1,,115.43798934684551,156.9917771504233,,115.43798934684551,156.9917771504233,109.0,170.675,,42.09,0.713,8.338,2.007,11.065,,True,True,1.421518,2.666405,5.591424,0.0,False,,,,,locked_fired,"cycle=2,cycle_target=3/16"
20260426_110534,20,20,,2,,85.51124398016691,143.2359399349734,,85.51124398016691,143.2359399349734,86.45,143.238,,32.94,0.655,3.929,2.005,6.593,,True,True,1.213441,2.461422,1.397232,0.0,False,,,,,locked_fired,"cycle=2,cycle_target=4/16"
20260426_110534,21,21,,2,,91.6312002736882,182.02177596452395,,91.6312002736882,182.02177596452395,94.925,182.025,,39.27,0.77,5.551,2.006,8.332,,True,True,1.416082,2.609032,2.860071,0.0,False,,,,,locked_fired,"cycle=2,cycle_target=5/16"
20260426_110534,22,22,,1,,127.99581878198988,205.8784412932277,,127.99581878198988,205.8784412932277,132.587,207.225,,43.49,0.712,5.613,2.007,8.336,,True,True,1.284935,2.476336,3.062593,0.0,False,,,,,locked_fired,"cycle=2,cycle_target=6/16"
20260426_110534,23,23,,2,,156.9868563895009,229.8945890208223,,156.9868563895009,229.8945890208223,156.125,234.238,,37.65,0.651,5.94,2.007,8.601,,True,True,1.464812,2.714937,3.144275,0.0,False,,,,,locked_fired,"cycle=2,cycle_target=7/16"
20260426_110534,24,24,,1,,189.49067462998414,230.82374861251273,,189.49067462998414,230.82374861251273,194.587,273.25,,32.52,0.713,10.945,2.005,13.668,,True,True,1.613588,2.869192,7.992319,0.0,False,,,,,locked_fired,"cycle=2,cycle_target=8/16"
20260426_110534,25,25,,1,,201.78171124343348,267.0030821975188,,201.78171124343348,267.0030821975188,,,,38.21,0.405,2.549,,2.958,,False,False,1.300324,2.528757,0.0,0.0,False,,,,,failed_fine_align,"cycle=2,cycle_target=9/16"
20260426_110534,26,26,,2,,170.67765627044977,271.8684494946708,,170.67765627044977,271.8684494946708,161.25,288.112,,31.48,0.717,8.514,2.007,11.243,,True,True,1.321168,2.547898,5.871812,0.0,False,,,,,locked_fired,"cycle=2,cycle_target=10/16"
20260426_110534,27,27,,1,,132.29798663184678,294.85148559682693,,132.29798663184678,294.85148559682693,138.788,298.05,,44.73,0.653,6.07,2.006,8.734,,True,True,1.26857,2.511236,3.491978,0.0,False,,,,,locked_fired,"cycle=2,cycle_target=11/16"
20260426_110534,28,28,,1,,82.44058642984095,242.2664722987185,,82.44058642984095,242.2664722987185,86.238,246.175,,72.46,0.9,5.346,2.007,8.26,,True,True,1.237599,2.425457,2.842022,0.0,False,,,,,locked_fired,"cycle=2,cycle_target=12/16"
20260426_110534,29,29,,1,,144.82413751878585,118.52475019280247,,144.82413751878585,118.52475019280247,151.812,118.525,,138.58,1.27,6.584,2.005,9.865,,True,True,1.263598,2.494546,4.004154,0.0,False,,,,,locked_fired,"cycle=2,cycle_target=13/16"
20260426_110534,30,30,,2,,211.9439947535215,139.0921046919564,,211.9439947535215,139.0921046919564,219.0,137.675,,70.2,0.9,6.759,2.007,9.671,,True,True,1.40562,2.612479,4.063066,0.0,False,,,,,locked_fired,"cycle=2,cycle_target=14/16"
20260426_110534,31,31,,1,,243.9569683308651,147.07794001560234,,243.9569683308651,147.07794001560234,254.863,147.075,,32.99,0.654,7.001,2.005,9.667,,True,True,1.419804,2.608554,4.318261,0.0,False,,,,,locked_fired,"cycle=2,cycle_target=15/16"
20260426_110534,32,32,,1,,227.6493700449191,195.5629260249139,,227.6493700449191,195.5629260249139,237.238,195.562,,51.15,0.836,6.753,2.007,9.601,,True,True,1.244099,2.502539,4.176697,0.0,False,,,,,locked_fired,"cycle=2,cycle_target=16/16"
20260426_120125,1,1,,2,,189.67422887094747,181.1356353999366,,189.67422887094747,181.1356353999366,197.75,181.137,,21.51,0.588,7.895,2.005,10.491,,True,True,2.172668,3.638234,4.166514,0.0,False,,,,,locked_fired,"cycle=1,cycle_target=1/16"
20260426_120125,2,2,,1,,150.10060173946027,171.06308936473684,,150.10060173946027,171.06308936473684,161.25,171.312,,40.84,0.776,7.749,2.006,10.535,,True,True,2.102136,3.311669,4.357242,0.0,False,,,,,locked_fired,"cycle=1,cycle_target=2/16"
20260426_120125,3,3,,1,,120.45477291492323,159.16100865126202,,120.45477291492323,159.16100865126202,110.1,169.1,,31.95,0.778,7.813,2.006,10.601,,True,True,1.579154,2.840258,4.890177,0.0,False,,,,,locked_fired,"cycle=1,cycle_target=3/16"
20260426_120125,4,4,,2,,87.98421408156844,179.94313395478906,,87.98421408156844,179.94313395478906,105.425,173.275,,38.55,0.59,8.004,2.006,10.607,,True,True,1.52974,2.803723,5.144187,0.0,False,,,,,locked_fired,"cycle=1,cycle_target=4/16"
20260426_120125,5,5,,2,,81.55428550097413,142.06117721462545,,81.55428550097413,142.06117721462545,86.562,142.062,,38.42,0.714,6.207,2.018,8.944,,True,True,1.644451,2.881773,3.263916,0.0,False,,,,,locked_fired,"cycle=1,cycle_target=5/16"
20260426_120125,6,6,,1,,145.6191187047853,119.31644920124866,,145.6191187047853,119.31644920124866,151.988,119.312,,67.98,0.896,6.892,2.005,9.797,,True,True,2.033922,3.225465,3.605242,0.0,False,,,,,locked_fired,"cycle=1,cycle_target=6/16"
20260426_120125,7,7,,2,,211.53040603901556,139.09304517297602,,211.53040603901556,139.09304517297602,218.913,137.988,,68.81,0.896,7.348,2.006,10.254,,True,True,2.213456,3.425432,3.854062,0.0,False,,,,,locked_fired,"cycle=1,cycle_target=7/16"
20260426_120125,8,8,,1,,243.36816707211344,145.37931177089538,,243.36816707211344,145.37931177089538,254.438,145.512,,32.45,0.653,7.066,2.005,9.729,,True,True,1.426888,2.698726,4.286573,0.0,False,,,,,locked_fired,"cycle=1,cycle_target=8/16"
20260426_120125,9,9,,1,,228.72243768137477,195.3413794220177,,228.72243768137477,195.3413794220177,236.5,192.762,,52.06,0.838,6.956,2.004,9.804,,True,True,1.577012,2.855264,4.019746,0.0,False,,,,,locked_fired,"cycle=1,cycle_target=9/16"
20260426_120125,10,10,,1,,189.11802823341375,231.5143580419564,,189.11802823341375,231.5143580419564,194.775,274.025,,53.64,0.782,11.51,2.005,14.304,,True,True,1.865229,3.075963,8.341047,0.0,False,,,,,locked_fired,"cycle=1,cycle_target=10/16"
20260426_120125,11,11,,2,,159.3778272899187,229.25310303384427,,159.3778272899187,229.25310303384427,157.275,234.675,,29.83,0.778,6.508,2.008,9.3,,True,True,1.623699,2.890266,3.528083,0.0,False,,,,,locked_fired,"cycle=1,cycle_target=11/16"
20260426_120125,12,12,,1,,127.22216625429994,206.08888896135576,,127.22216625429994,206.08888896135576,132.663,207.387,,39.63,0.652,6.061,2.006,8.726,,True,True,1.39701,2.646158,3.328873,0.0,False,,,,,locked_fired,"cycle=1,cycle_target=12/16"
20260426_120125,13,13,,1,,84.54868361033603,242.1177007165071,,84.54868361033603,242.1177007165071,85.475,246.3,,55.85,0.838,5.549,2.005,8.399,,True,True,1.255354,2.457639,3.016426,0.0,False,,,,,locked_fired,"cycle=1,cycle_target=13/16"
20260426_120125,14,14,,1,,129.56176937202034,299.64489371417966,,129.56176937202034,299.64489371417966,139.525,299.65,,73.04,0.836,6.75,2.007,9.602,,True,True,1.272825,2.461553,4.221042,0.0,False,,,,,locked_fired,"cycle=1,cycle_target=14/16"
20260426_120125,15,15,,2,,170.49455872083843,274.3149741081538,,170.49455872083843,274.3149741081538,160.988,288.925,,48.14,0.715,8.541,2.005,11.267,,True,True,1.576442,2.768744,5.706097,0.0,False,,,,,locked_fired,"cycle=1,cycle_target=15/16"
20260426_120125,16,16,,1,,203.4525268772381,280.89647337599655,,203.4525268772381,280.89647337599655,208.875,279.625,,33.61,0.777,6.142,2.006,8.931,,True,True,1.523265,2.786328,3.272108,0.0,False,,,,,locked_fired,"cycle=1,cycle_target=16/16"
20260426_120125,17,17,,2,,189.67422887094747,181.1356353999366,,189.67422887094747,181.1356353999366,196.4,181.137,,21.51,0.593,6.818,2.005,9.419,,True,True,1.623823,3.073099,3.658799,0.0,False,,,,,locked_fired,"cycle=2,cycle_target=1/16"
20260426_120125,18,18,,1,,152.89808697032007,172.6081762853385,,152.89808697032007,172.6081762853385,147.425,189.212,,37.75,0.778,8.772,2.006,11.561,,True,True,1.645795,2.911764,5.78514,0.0,False,,,,,locked_fired,"cycle=2,cycle_target=2/16"
20260426_120125,19,19,,1,,115.894521698873,157.9169863145648,,115.894521698873,157.9169863145648,109.2,171.837,,39.81,0.714,8.882,2.007,11.608,,True,True,1.615523,2.810689,5.987054,0.0,False,,,,,locked_fired,"cycle=2,cycle_target=3/16"
20260426_120125,20,20,,2,,89.97196561088526,179.60271818245346,,89.97196561088526,179.60271818245346,94.95,182.538,,33.8,0.589,6.27,2.025,8.89,,True,True,1.428463,2.664561,3.513511,0.0,False,,,,,locked_fired,"cycle=2,cycle_target=4/16"
20260426_120125,21,21,,2,,81.55428550097413,142.06117721462545,,81.55428550097413,142.06117721462545,86.7,142.613,,38.47,0.77,6.256,2.008,9.037,,True,True,1.688756,2.91721,3.273695,0.0,False,,,,,locked_fired,"cycle=2,cycle_target=5/16"
20260426_120125,22,22,,1,,144.75353367654427,118.76850841690211,,144.75353367654427,118.76850841690211,151.812,118.775,,67.35,0.895,6.893,2.006,9.798,,True,True,1.886206,3.095179,3.72486,0.0,False,,,,,locked_fired,"cycle=2,cycle_target=6/16"
20260426_120125,23,23,,2,,210.40118255686406,138.0624919833149,,210.40118255686406,138.0624919833149,218.65,138.062,,68.42,0.899,7.359,2.019,10.283,,True,True,2.064173,3.31155,3.969467,0.0,False,,,,,locked_fired,"cycle=2,cycle_target=7/16"
20260426_120125,24,24,,1,,242.0869272176474,146.33808437181256,,242.0869272176474,146.33808437181256,254.387,146.337,,32.75,0.59,7.92,2.006,10.521,,True,True,2.098833,3.343259,4.507976,0.0,False,,,,,locked_fired,"cycle=2,cycle_target=8/16"
20260426_120125,25,25,,1,,226.87796262129936,195.69963674413887,,226.87796262129936,195.69963674413887,236.938,195.7,,51.65,0.839,7.28,2.005,10.129,,True,True,1.660215,2.856638,4.353175,0.0,False,,,,,locked_fired,"cycle=2,cycle_target=9/16"
20260426_120125,26,26,,1,,188.69733078550664,232.361724930169,,188.69733078550664,232.361724930169,200.913,274.875,,52.93,0.831,12.269,2.005,15.11,,True,True,2.390958,3.615065,8.587149,0.0,False,,,,,locked_fired,"cycle=2,cycle_target=10/16"
20260426_120125,27,27,,2,,157.09246043087592,230.4575756814475,,157.09246043087592,230.4575756814475,166.65,230.462,,31.66,0.774,8.041,2.006,10.826,,True,True,2.033304,3.30276,4.670802,0.0,False,,,,,locked_fired,"cycle=2,cycle_target=11/16"
20260426_120125,28,28,,1,,127.23336923989113,206.8540048877144,,127.23336923989113,206.8540048877144,132.55,207.575,,38.06,0.775,6.617,2.015,9.414,,True,True,1.965602,3.227501,3.309082,0.0,False,,,,,locked_fired,"cycle=2,cycle_target=12/16"
20260426_120125,29,29,,1,,81.65527216627167,243.1411237247695,,81.65527216627167,243.1411237247695,88.463,246.738,,58.26,0.837,6.608,2.007,9.459,,True,True,1.635397,2.880343,3.669145,0.0,False,,,,,locked_fired,"cycle=2,cycle_target=13/16"
20260426_120125,30,30,,1,,130.5754107798954,298.61949269720077,,130.5754107798954,298.61949269720077,140.325,298.625,,73.97,0.836,6.945,2.004,9.79,,True,True,1.472299,2.721505,4.166068,0.0,False,,,,,locked_fired,"cycle=2,cycle_target=14/16"
20260426_120125,31,31,,2,,170.002158534657,273.56371767347906,,170.002158534657,273.56371767347906,161.2,287.562,,46.71,0.654,8.745,2.007,11.415,,True,True,1.958006,3.150447,5.525376,0.0,False,,,,,locked_fired,"cycle=2,cycle_target=15/16"
20260426_120125,32,32,,1,,203.22182754116284,285.353913471535,,203.22182754116284,285.353913471535,,,,35.25,0.781,3.019,,3.804,,False,False,1.823579,3.002842,0.0,0.0,False,,,,,failed_fine_align,"cycle=2,cycle_target=16/16"
20260427_175259,1,1,,1,,218.1360543171158,195.61996366926337,,218.1360543171158,195.61996366926337,236.613,195.625,,18.66,0.593,7.348,2.005,9.951,,True,True,3.486068,4.183742,3.072098,0.0,False,,,,,locked_fired,"cycle=1,cycle_target=1/16"
20260427_175259,2,2,,2,,182.56118341221665,180.68463786713394,,182.56118341221665,180.68463786713394,173.087,228.9,,38.58,0.837,9.989,2.006,12.838,,True,True,3.892928,4.601098,5.27171,0.0,False,,,,,locked_fired,"cycle=1,cycle_target=2/16"
20260427_175259,3,3,,1,,148.04808716141713,167.3846325900088,,148.04808716141713,167.3846325900088,152.675,182.587,,36.99,0.896,7.557,2.006,10.465,,True,True,3.279779,3.923495,3.545135,0.0,False,,,,,locked_fired,"cycle=1,cycle_target=3/16"
20260427_175259,4,4,,1,,117.74021829954211,197.9659151534522,,117.74021829954211,197.9659151534522,94.213,159.012,,43.06,0.714,8.873,2.006,11.599,,True,True,3.435289,4.117196,4.67897,0.0,False,,,,,locked_fired,"cycle=1,cycle_target=4/16"
20260427_175259,5,5,,2,,82.47141427787938,181.22279537107738,,82.47141427787938,181.22279537107738,102.825,185.1,,39.04,0.588,6.43,2.007,9.03,,True,True,2.539787,3.203134,3.154203,0.0,False,,,,,locked_fired,"cycle=1,cycle_target=5/16"
20260427_175259,6,6,,1,,107.30576787847923,149.05295052814947,,107.30576787847923,149.05295052814947,123.45,149.05,,40.64,0.713,6.577,2.007,9.303,,True,True,2.986215,3.633151,2.855284,0.0,False,,,,,locked_fired,"cycle=1,cycle_target=6/16"
20260427_175259,7,7,,2,,74.16600848070838,131.22781361481086,,74.16600848070838,131.22781361481086,,,,37.63,0.832,,,,,,False,,,,,,,,,,pending,"cycle=1,cycle_target=7/16"
20260428_082932,1,1,,1,,216.45117397259685,196.49766788879631,,216.45117397259685,196.49766788879631,230.375,196.5,,16.82,0.53,3.747,2.007,6.288,,True,True,0.539817,0.611021,3.045208,0.0,False,,,,,locked_fired,"cycle=1,cycle_target=1/16"
20260428_082932,2,2,,2,,183.0307541814158,182.63888750415043,,183.0307541814158,182.63888750415043,178.325,233.288,,36.18,0.775,6.531,2.006,9.319,,True,True,0.533613,0.603509,5.834021,0.0,False,,,,,locked_fired,"cycle=1,cycle_target=2/16"
20260428_082932,3,3,,1,,148.8528334231296,169.87142248503196,,148.8528334231296,169.87142248503196,139.312,204.475,,36.48,0.899,5.624,2.008,8.537,,True,True,0.471673,0.532028,5.017436,0.0,False,,,,,locked_fired,"cycle=1,cycle_target=3/16"
20260428_082932,4,4,,1,,114.71449098234528,198.84933618565654,,114.71449098234528,198.84933618565654,141.1,185.4,,44.78,0.651,4.276,2.006,6.937,,True,True,0.44658,0.507309,3.67812,0.0,False,,,,,locked_fired,"cycle=1,cycle_target=4/16"
20260428_082932,5,5,,2,,80.57714554608523,183.074522119366,,80.57714554608523,183.074522119366,,,,37.61,,,,,,,False,,,,,,,,,,pending,"cycle=1,cycle_target=5/16"
